Sample_ID,Timestamp,Ground_Truth_Class,Predicted_Threat_Class,Confidence_Score (%),Physical_Actual_Signal (tcp.len),Digital_Twin_Forecast (tcp.len),Mean_Continuous_Residual,Operational_Filter_Decision,Filter_Reason,Primary_SHAP_Risk_Driver,Operational_Outcome,Industrial_Protection_Benefit
1,2026-08-23 11:41:57,SQL_injection,SQL_injection,99.41,0.0,0.0,0.0,PASS,High-fidelity alert: Confidence (99.4%) meets threshold and features ['http.content_length'] match known domain mechanics.,http.content_length,DISPATCHED TO SOC OPERATOR (Verified Incident),Critical Threat Intercepted
2,2026-08-23 11:41:57,Vulnerability_scanner,Vulnerability_scanner,98.47,0.0,0.0,0.0,PASS,High-fidelity alert: Confidence (98.5%) meets threshold and features ['http.content_length'] match known domain mechanics.,http.content_length,DISPATCHED TO SOC OPERATOR (Verified Incident),Critical Threat Intercepted
3,2026-08-23 11:41:58,DDoS_UDP,DDoS_UDP,99.95,0.0,0.0,83919.0,PASS,High-fidelity alert: Confidence (100.0%) meets threshold and features ['udp.port'] match known domain mechanics.,udp.port,DISPATCHED TO SOC OPERATOR (Verified Incident),Critical Threat Intercepted
4,2026-08-23 11:41:58,DDoS_UDP,DDoS_UDP,99.95,0.0,0.0,0.0,PASS,High-fidelity alert: Confidence (99.9%) meets threshold and features ['udp.port'] match known domain mechanics.,udp.port,DISPATCHED TO SOC OPERATOR (Verified Incident),Critical Threat Intercepted
5,2026-08-23 11:41:59,DDoS_UDP,DDoS_UDP,99.94,0.0,0.0,27511.1111,PASS,High-fidelity alert: Confidence (99.9%) meets threshold and features ['udp.port'] match known domain mechanics.,udp.port,DISPATCHED TO SOC OPERATOR (Verified Incident),Critical Threat Intercepted
6,2026-08-23 11:41:59,Password,Password,99.76,0.0,0.0,5461.795,PASS,High-fidelity alert: Confidence (99.8%) meets threshold and features ['tcp.dstport'] match known domain mechanics.,tcp.dstport,DISPATCHED TO SOC OPERATOR (Verified Incident),Critical Threat Intercepted
7,2026-08-23 11:42:00,Ransomware,Ransomware,99.87,464.0,0.0,61791.9172,PASS,High-fidelity alert: Confidence (99.9%) meets threshold and features ['tcp.len'] match known domain mechanics.,tcp.len,DISPATCHED TO SOC OPERATOR (Verified Incident),Critical Threat Intercepted
8,2026-08-23 11:42:00,Normal,Normal,99.94,0.0,0.0,6321511.1912,NORMAL,Traffic classified as normal baseline behavior,tcp.dstport,HEALTHY BASELINE (Normal Operation Preserved),Normal Dynamics Maintained
9,2026-08-23 11:42:01,Uploading,Uploading,99.48,0.0,0.0,5037.1292,PASS,High-fidelity alert: Confidence (99.5%) meets threshold and features ['tcp.len'] match known domain mechanics.,tcp.len,DISPATCHED TO SOC OPERATOR (Verified Incident),Critical Threat Intercepted
10,2026-08-23 11:42:01,DDoS_ICMP,DDoS_ICMP,99.95,0.0,0.0,95639.8476,PASS,High-fidelity alert: Confidence (100.0%) meets threshold and features ['icmp.checksum'] match known domain mechanics.,icmp.checksum,DISPATCHED TO SOC OPERATOR (Verified Incident),Critical Threat Intercepted
11,2026-08-23 11:42:02,Password,DDoS_HTTP,67.75,0.0,0.0,3989.5084,PASS,High-fidelity alert: Confidence (67.7%) meets threshold and features ['http.content_length'] match known domain mechanics.,http.content_length,DISPATCHED TO SOC OPERATOR (Verified Incident),Critical Threat Intercepted
12,2026-08-23 11:42:02,XSS,XSS,98.19,0.0,0.0,4018.5829,PASS,High-fidelity alert: Confidence (98.2%) meets threshold and features ['http.content_length'] match known domain mechanics.,http.content_length,DISPATCHED TO SOC OPERATOR (Verified Incident),Critical Threat Intercepted
13,2026-08-23 11:42:03,Normal,Normal,99.96,1440.0,3.84,3047597.4916,NORMAL,Traffic classified as normal baseline behavior,tcp.dstport,HEALTHY BASELINE (Normal Operation Preserved),Normal Dynamics Maintained
14,2026-08-23 11:42:03,Vulnerability_scanner,Vulnerability_scanner,99.97,426.0,3.25,3559.6475,PASS,High-fidelity alert: Confidence (100.0%) meets threshold and features ['http.content_length'] match known domain mechanics.,http.content_length,DISPATCHED TO SOC OPERATOR (Verified Incident),Critical Threat Intercepted
15,2026-08-23 11:42:04,Backdoor,Backdoor,99.96,392.0,0.53,259589.3286,PASS,High-fidelity alert: Confidence (100.0%) meets threshold and features ['tcp.dstport'] match known domain mechanics.,tcp.dstport,DISPATCHED TO SOC OPERATOR (Verified Incident),Critical Threat Intercepted
16,2026-08-23 11:42:04,Uploading,XSS,50.12,0.0,0.0,3324.8761,SUPPRESS,Alert suppressed: Low model confidence (50.1% < 65.0%).,http.content_length,SUPPRESSED BY FILTER (Noise / False Alarm Prevented),Actuator Shutdown / Operator Fatigue Prevented
17,2026-08-23 11:42:05,XSS,XSS,99.77,0.0,0.0,2222.3169,PASS,High-fidelity alert: Confidence (99.8%) meets threshold and features ['http.content_length'] match known domain mechanics.,http.content_length,DISPATCHED TO SOC OPERATOR (Verified Incident),Critical Threat Intercepted
18,2026-08-23 11:42:05,MITM,MITM,30.6,0.0,0.0,2220.7547,SUPPRESS,Alert suppressed: Low model confidence (30.6% < 65.0%).,arp.opcode,SUPPRESSED BY FILTER (Noise / False Alarm Prevented),Actuator Shutdown / Operator Fatigue Prevented
19,2026-08-23 11:42:06,DDoS_UDP,DDoS_UDP,99.97,0.0,0.0,80326.1093,PASS,High-fidelity alert: Confidence (100.0%) meets threshold and features ['udp.port'] match known domain mechanics.,udp.port,DISPATCHED TO SOC OPERATOR (Verified Incident),Critical Threat Intercepted
20,2026-08-23 11:42:06,Backdoor,Backdoor,99.95,400.0,0.0,192584.2282,PASS,High-fidelity alert: Confidence (99.9%) meets threshold and features ['tcp.dstport'] match known domain mechanics.,tcp.dstport,DISPATCHED TO SOC OPERATOR (Verified Incident),Critical Threat Intercepted
21,2026-08-23 11:42:07,SQL_injection,SQL_injection,99.8,0.0,0.0,12545387.9362,PASS,High-fidelity alert: Confidence (99.8%) meets threshold and features ['http.content_length'] match known domain mechanics.,http.content_length,DISPATCHED TO SOC OPERATOR (Verified Incident),Critical Threat Intercepted
22,2026-08-23 11:42:07,SQL_injection,SQL_injection,64.37,0.0,0.0,3178.6908,SUPPRESS,Alert suppressed: Low model confidence (64.4% < 65.0%).,http.content_length,SUPPRESSED BY FILTER (Noise / False Alarm Prevented),Actuator Shutdown / Operator Fatigue Prevented
23,2026-08-23 11:42:08,SQL_injection,SQL_injection,99.2,477.0,0.0,602.8868,PASS,High-fidelity alert: Confidence (99.2%) meets threshold and features ['http.content_length'] match known domain mechanics.,http.content_length,DISPATCHED TO SOC OPERATOR (Verified Incident),Critical Threat Intercepted
24,2026-08-23 11:42:08,Uploading,Uploading,95.99,107.0,0.0,47710.3073,PASS,High-fidelity alert: Confidence (96.0%) meets threshold and features ['tcp.len'] match known domain mechanics.,tcp.len,DISPATCHED TO SOC OPERATOR (Verified Incident),Critical Threat Intercepted
25,2026-08-23 11:42:09,XSS,XSS,96.46,0.0,0.0,1278.4025,PASS,High-fidelity alert: Confidence (96.5%) meets threshold and features ['http.content_length'] match known domain mechanics.,http.content_length,DISPATCHED TO SOC OPERATOR (Verified Incident),Critical Threat Intercepted
26,2026-08-23 11:42:09,DDoS_UDP,DDoS_UDP,99.96,0.0,0.0,67412.6087,PASS,High-fidelity alert: Confidence (100.0%) meets threshold and features ['udp.port'] match known domain mechanics.,udp.port,DISPATCHED TO SOC OPERATOR (Verified Incident),Critical Threat Intercepted
27,2026-08-23 11:42:10,XSS,XSS,99.89,0.0,0.0,6799.0343,PASS,High-fidelity alert: Confidence (99.9%) meets threshold and features ['http.content_length'] match known domain mechanics.,http.content_length,DISPATCHED TO SOC OPERATOR (Verified Incident),Critical Threat Intercepted
28,2026-08-23 11:42:10,XSS,XSS,96.62,102.0,0.0,421324.4172,PASS,High-fidelity alert: Confidence (96.6%) meets threshold and features ['http.content_length'] match known domain mechanics.,http.content_length,DISPATCHED TO SOC OPERATOR (Verified Incident),Critical Threat Intercepted
29,2026-08-23 11:42:11,Uploading,XSS,67.36,0.0,0.0,135.3939,PASS,High-fidelity alert: Confidence (67.4%) meets threshold and features ['http.content_length'] match known domain mechanics.,http.content_length,DISPATCHED TO SOC OPERATOR (Verified Incident),Critical Threat Intercepted
30,2026-08-23 11:42:11,Uploading,Uploading,99.28,0.0,0.0,2882.2215,PASS,High-fidelity alert: Confidence (99.3%) meets threshold and features ['tcp.len'] match known domain mechanics.,tcp.len,DISPATCHED TO SOC OPERATOR (Verified Incident),Critical Threat Intercepted
31,2026-08-23 11:42:12,Ransomware,Ransomware,99.81,0.0,0.0,95416.0692,PASS,High-fidelity alert: Confidence (99.8%) meets threshold and features ['tcp.len'] match known domain mechanics.,tcp.len,DISPATCHED TO SOC OPERATOR (Verified Incident),Critical Threat Intercepted
32,2026-08-23 11:42:12,MITM,MITM,37.84,0.0,0.0,2328.0244,SUPPRESS,Alert suppressed: Low model confidence (37.8% < 65.0%).,arp.opcode,SUPPRESSED BY FILTER (Noise / False Alarm Prevented),Actuator Shutdown / Operator Fatigue Prevented
33,2026-08-23 11:42:13,Uploading,Uploading,99.04,0.0,0.0,661.5497,PASS,High-fidelity alert: Confidence (99.0%) meets threshold and features ['tcp.len'] match known domain mechanics.,tcp.len,DISPATCHED TO SOC OPERATOR (Verified Incident),Critical Threat Intercepted
34,2026-08-23 11:42:13,Ransomware,Ransomware,99.96,0.0,0.0,32895.1699,PASS,High-fidelity alert: Confidence (100.0%) meets threshold and features ['tcp.len'] match known domain mechanics.,tcp.len,DISPATCHED TO SOC OPERATOR (Verified Incident),Critical Threat Intercepted
35,2026-08-23 11:42:14,DDoS_ICMP,DDoS_ICMP,99.94,0.0,0.0,10149.8804,PASS,High-fidelity alert: Confidence (99.9%) meets threshold and features ['icmp.checksum'] match known domain mechanics.,icmp.checksum,DISPATCHED TO SOC OPERATOR (Verified Incident),Critical Threat Intercepted
36,2026-08-23 11:42:14,DDoS_TCP,DDoS_TCP,99.94,0.0,0.0,2710.7926,PASS,High-fidelity alert: Confidence (99.9%) meets threshold and features ['tcp.flags'] match known domain mechanics.,tcp.flags,DISPATCHED TO SOC OPERATOR (Verified Incident),Critical Threat Intercepted
37,2026-08-23 11:42:15,DDoS_UDP,DDoS_UDP,99.97,0.0,0.0,283493.3588,PASS,High-fidelity alert: Confidence (100.0%) meets threshold and features ['udp.port'] match known domain mechanics.,udp.port,DISPATCHED TO SOC OPERATOR (Verified Incident),Critical Threat Intercepted
38,2026-08-23 11:42:15,DDoS_UDP,DDoS_UDP,99.97,0.0,0.0,240960.7327,PASS,High-fidelity alert: Confidence (100.0%) meets threshold and features ['udp.port'] match known domain mechanics.,udp.port,DISPATCHED TO SOC OPERATOR (Verified Incident),Critical Threat Intercepted
39,2026-08-23 11:42:16,SQL_injection,SQL_injection,88.8,313.0,0.86,748.1723,PASS,High-fidelity alert: Confidence (88.8%) meets threshold and features ['http.content_length'] match known domain mechanics.,http.content_length,DISPATCHED TO SOC OPERATOR (Verified Incident),Critical Threat Intercepted
40,2026-08-23 11:42:16,Backdoor,Backdoor,99.96,536.0,0.0,207044.0671,PASS,High-fidelity alert: Confidence (100.0%) meets threshold and features ['tcp.dstport'] match known domain mechanics.,tcp.dstport,DISPATCHED TO SOC OPERATOR (Verified Incident),Critical Threat Intercepted
41,2026-08-23 11:42:17,Vulnerability_scanner,Vulnerability_scanner,99.94,160.0,0.0,6231.9448,PASS,High-fidelity alert: Confidence (99.9%) meets threshold and features ['http.content_length'] match known domain mechanics.,http.content_length,DISPATCHED TO SOC OPERATOR (Verified Incident),Critical Threat Intercepted
42,2026-08-23 11:42:17,DDoS_UDP,DDoS_UDP,99.96,0.0,0.0,82923.4687,PASS,High-fidelity alert: Confidence (100.0%) meets threshold and features ['udp.port'] match known domain mechanics.,udp.port,DISPATCHED TO SOC OPERATOR (Verified Incident),Critical Threat Intercepted
43,2026-08-23 11:42:18,Vulnerability_scanner,Vulnerability_scanner,99.95,495.0,0.0,40124.0285,PASS,High-fidelity alert: Confidence (100.0%) meets threshold and features ['http.content_length'] match known domain mechanics.,http.content_length,DISPATCHED TO SOC OPERATOR (Verified Incident),Critical Threat Intercepted
44,2026-08-23 11:42:18,Password,Password,97.42,86.0,0.0,632996.982,PASS,High-fidelity alert: Confidence (97.4%) meets threshold and features ['tcp.dstport'] match known domain mechanics.,tcp.dstport,DISPATCHED TO SOC OPERATOR (Verified Incident),Critical Threat Intercepted
45,2026-08-23 11:42:19,Ransomware,Ransomware,99.59,0.0,0.0,2148.0153,PASS,High-fidelity alert: Confidence (99.6%) meets threshold and features ['tcp.len'] match known domain mechanics.,tcp.len,DISPATCHED TO SOC OPERATOR (Verified Incident),Critical Threat Intercepted
46,2026-08-23 11:42:19,DDoS_TCP,DDoS_TCP,99.93,0.0,0.0,6763.8367,PASS,High-fidelity alert: Confidence (99.9%) meets threshold and features ['tcp.flags'] match known domain mechanics.,tcp.flags,DISPATCHED TO SOC OPERATOR (Verified Incident),Critical Threat Intercepted
47,2026-08-23 11:42:20,DDoS_TCP,DDoS_TCP,99.92,120.0,0.81,132953514.8868,PASS,High-fidelity alert: Confidence (99.9%) meets threshold and features ['tcp.flags'] match known domain mechanics.,tcp.flags,DISPATCHED TO SOC OPERATOR (Verified Incident),Critical Threat Intercepted
48,2026-08-23 11:42:20,DDoS_TCP,DDoS_TCP,99.96,120.0,3.16,175798533.3639,PASS,High-fidelity alert: Confidence (100.0%) meets threshold and features ['tcp.flags'] match known domain mechanics.,tcp.flags,DISPATCHED TO SOC OPERATOR (Verified Incident),Critical Threat Intercepted
49,2026-08-23 11:42:21,Normal,Normal,99.96,1440.0,2.48,6870723.7207,NORMAL,Traffic classified as normal baseline behavior,tcp.dstport,HEALTHY BASELINE (Normal Operation Preserved),Normal Dynamics Maintained
50,2026-08-23 11:42:21,Port_Scanning,Port_Scanning,99.84,0.0,0.0,3672.5339,PASS,High-fidelity alert: Confidence (99.8%) meets threshold and features ['tcp.dstport'] match known domain mechanics.,tcp.dstport,DISPATCHED TO SOC OPERATOR (Verified Incident),Critical Threat Intercepted
51,2026-08-23 11:42:22,MITM,MITM,23.84,0.0,0.0,2593.6855,SUPPRESS,Alert suppressed: Low model confidence (23.8% < 65.0%).,arp.opcode,SUPPRESSED BY FILTER (Noise / False Alarm Prevented),Actuator Shutdown / Operator Fatigue Prevented
52,2026-08-23 11:42:22,Fingerprinting,Fingerprinting,98.5,0.0,0.0,7532.5106,PASS,High-fidelity alert: Confidence (98.5%) meets threshold and features ['tcp.flags'] match known domain mechanics.,tcp.flags,DISPATCHED TO SOC OPERATOR (Verified Incident),Critical Threat Intercepted
53,2026-08-23 11:42:23,SQL_injection,SQL_injection,93.74,0.0,0.0,153.6996,PASS,High-fidelity alert: Confidence (93.7%) meets threshold and features ['http.content_length'] match known domain mechanics.,http.content_length,DISPATCHED TO SOC OPERATOR (Verified Incident),Critical Threat Intercepted
54,2026-08-23 11:42:23,Uploading,Uploading,99.05,0.0,0.0,235.0638,PASS,High-fidelity alert: Confidence (99.1%) meets threshold and features ['tcp.len'] match known domain mechanics.,tcp.len,DISPATCHED TO SOC OPERATOR (Verified Incident),Critical Threat Intercepted
55,2026-08-23 11:42:24,Fingerprinting,Fingerprinting,99.27,0.0,0.0,4921.282,PASS,High-fidelity alert: Confidence (99.3%) meets threshold and features ['tcp.flags'] match known domain mechanics.,tcp.flags,DISPATCHED TO SOC OPERATOR (Verified Incident),Critical Threat Intercepted
56,2026-08-23 11:42:24,MITM,Ransomware,26.58,0.0,0.0,3326.4406,SUPPRESS,Alert suppressed: Low model confidence (26.6% < 65.0%).,tcp.len,SUPPRESSED BY FILTER (Noise / False Alarm Prevented),Actuator Shutdown / Operator Fatigue Prevented
57,2026-08-23 11:42:25,Backdoor,Backdoor,99.94,0.0,0.0,63485.462,PASS,High-fidelity alert: Confidence (99.9%) meets threshold and features ['tcp.dstport'] match known domain mechanics.,tcp.dstport,DISPATCHED TO SOC OPERATOR (Verified Incident),Critical Threat Intercepted
58,2026-08-23 11:42:25,DDoS_UDP,DDoS_UDP,99.94,0.0,0.0,12239.4917,PASS,High-fidelity alert: Confidence (99.9%) meets threshold and features ['udp.port'] match known domain mechanics.,udp.port,DISPATCHED TO SOC OPERATOR (Verified Incident),Critical Threat Intercepted
59,2026-08-23 11:42:26,DDoS_TCP,DDoS_TCP,99.94,120.0,4.51,12498834.4601,PASS,High-fidelity alert: Confidence (99.9%) meets threshold and features ['tcp.flags'] match known domain mechanics.,tcp.flags,DISPATCHED TO SOC OPERATOR (Verified Incident),Critical Threat Intercepted
60,2026-08-23 11:42:26,Port_Scanning,Port_Scanning,99.85,0.0,0.0,247959.4529,PASS,High-fidelity alert: Confidence (99.9%) meets threshold and features ['tcp.dstport'] match known domain mechanics.,tcp.dstport,DISPATCHED TO SOC OPERATOR (Verified Incident),Critical Threat Intercepted
61,2026-08-23 11:42:27,MITM,MITM,99.8,5353.0,0.0,7877.7638,PASS,High-fidelity alert: Confidence (99.8%) meets threshold and features ['arp.opcode'] match known domain mechanics.,arp.opcode,DISPATCHED TO SOC OPERATOR (Verified Incident),Critical Threat Intercepted
62,2026-08-23 11:42:27,Fingerprinting,Fingerprinting,88.24,0.0,0.0,9503.2111,PASS,High-fidelity alert: Confidence (88.2%) meets threshold and features ['tcp.flags'] match known domain mechanics.,tcp.flags,DISPATCHED TO SOC OPERATOR (Verified Incident),Critical Threat Intercepted
63,2026-08-23 11:42:28,DDoS_UDP,DDoS_UDP,99.94,0.0,0.0,12379.7189,PASS,High-fidelity alert: Confidence (99.9%) meets threshold and features ['udp.port'] match known domain mechanics.,udp.port,DISPATCHED TO SOC OPERATOR (Verified Incident),Critical Threat Intercepted
64,2026-08-23 11:42:28,Backdoor,Backdoor,99.95,400.0,47.92,93783.3521,PASS,High-fidelity alert: Confidence (99.9%) meets threshold and features ['tcp.dstport'] match known domain mechanics.,tcp.dstport,DISPATCHED TO SOC OPERATOR (Verified Incident),Critical Threat Intercepted
65,2026-08-23 11:42:29,Password,Password,97.96,0.0,0.0,9771.5279,PASS,High-fidelity alert: Confidence (98.0%) meets threshold and features ['tcp.dstport'] match known domain mechanics.,tcp.dstport,DISPATCHED TO SOC OPERATOR (Verified Incident),Critical Threat Intercepted
66,2026-08-23 11:42:29,DDoS_UDP,DDoS_UDP,99.95,0.0,0.0,246814.8823,PASS,High-fidelity alert: Confidence (99.9%) meets threshold and features ['udp.port'] match known domain mechanics.,udp.port,DISPATCHED TO SOC OPERATOR (Verified Incident),Critical Threat Intercepted
67,2026-08-23 11:42:30,DDoS_TCP,DDoS_TCP,99.91,120.0,0.0,24300066.1632,PASS,High-fidelity alert: Confidence (99.9%) meets threshold and features ['tcp.flags'] match known domain mechanics.,tcp.flags,DISPATCHED TO SOC OPERATOR (Verified Incident),Critical Threat Intercepted
68,2026-08-23 11:42:30,Ransomware,Ransomware,99.96,0.0,0.0,63346.981,PASS,High-fidelity alert: Confidence (100.0%) meets threshold and features ['tcp.len'] match known domain mechanics.,tcp.len,DISPATCHED TO SOC OPERATOR (Verified Incident),Critical Threat Intercepted
69,2026-08-23 11:42:31,Uploading,Uploading,99.86,149.0,0.0,4457.3356,PASS,High-fidelity alert: Confidence (99.9%) meets threshold and features ['tcp.len'] match known domain mechanics.,tcp.len,DISPATCHED TO SOC OPERATOR (Verified Incident),Critical Threat Intercepted
70,2026-08-23 11:42:31,DDoS_HTTP,DDoS_HTTP,79.61,0.0,0.0,7157.8976,PASS,High-fidelity alert: Confidence (79.6%) meets threshold and features ['http.content_length'] match known domain mechanics.,http.content_length,DISPATCHED TO SOC OPERATOR (Verified Incident),Critical Threat Intercepted
71,2026-08-23 11:42:32,DDoS_TCP,DDoS_TCP,99.94,120.0,0.58,46362232.2312,PASS,High-fidelity alert: Confidence (99.9%) meets threshold and features ['tcp.flags'] match known domain mechanics.,tcp.flags,DISPATCHED TO SOC OPERATOR (Verified Incident),Critical Threat Intercepted
72,2026-08-23 11:42:32,Password,Password,97.13,302.0,2.66,3267.6662,PASS,High-fidelity alert: Confidence (97.1%) meets threshold and features ['tcp.dstport'] match known domain mechanics.,tcp.dstport,DISPATCHED TO SOC OPERATOR (Verified Incident),Critical Threat Intercepted
73,2026-08-23 11:42:33,Normal,Normal,99.97,2.0,1.1,2323.8277,NORMAL,Traffic classified as normal baseline behavior,tcp.dstport,HEALTHY BASELINE (Normal Operation Preserved),Normal Dynamics Maintained
74,2026-08-23 11:42:33,DDoS_ICMP,DDoS_ICMP,99.95,0.0,0.0,4522.8032,PASS,High-fidelity alert: Confidence (99.9%) meets threshold and features ['icmp.checksum'] match known domain mechanics.,icmp.checksum,DISPATCHED TO SOC OPERATOR (Verified Incident),Critical Threat Intercepted
75,2026-08-23 11:42:34,Normal,Normal,99.95,0.0,0.0,208.5708,NORMAL,Traffic classified as normal baseline behavior,tcp.dstport,HEALTHY BASELINE (Normal Operation Preserved),Normal Dynamics Maintained
76,2026-08-23 11:42:34,Vulnerability_scanner,Vulnerability_scanner,99.94,153.0,9.23,2820.8863,PASS,High-fidelity alert: Confidence (99.9%) meets threshold and features ['http.content_length'] match known domain mechanics.,http.content_length,DISPATCHED TO SOC OPERATOR (Verified Incident),Critical Threat Intercepted
77,2026-08-23 11:42:35,MITM,MITM,99.87,5353.0,3.71,3396.499,PASS,High-fidelity alert: Confidence (99.9%) meets threshold and features ['arp.opcode'] match known domain mechanics.,arp.opcode,DISPATCHED TO SOC OPERATOR (Verified Incident),Critical Threat Intercepted
78,2026-08-23 11:42:35,Fingerprinting,Ransomware,41.2,0.0,0.0,7332.8435,SUPPRESS,Alert suppressed: Low model confidence (41.2% < 65.0%).,tcp.len,SUPPRESSED BY FILTER (Noise / False Alarm Prevented),Actuator Shutdown / Operator Fatigue Prevented
79,2026-08-23 11:42:36,DDoS_UDP,DDoS_UDP,99.95,0.0,0.0,79720.6615,PASS,High-fidelity alert: Confidence (100.0%) meets threshold and features ['udp.port'] match known domain mechanics.,udp.port,DISPATCHED TO SOC OPERATOR (Verified Incident),Critical Threat Intercepted
80,2026-08-23 11:42:36,Port_Scanning,Port_Scanning,99.94,0.0,0.0,192479797.7855,PASS,High-fidelity alert: Confidence (99.9%) meets threshold and features ['tcp.dstport'] match known domain mechanics.,tcp.dstport,DISPATCHED TO SOC OPERATOR (Verified Incident),Critical Threat Intercepted
81,2026-08-23 11:42:37,Ransomware,Ransomware,99.87,0.0,0.0,64508918.8729,PASS,High-fidelity alert: Confidence (99.9%) meets threshold and features ['tcp.len'] match known domain mechanics.,tcp.len,DISPATCHED TO SOC OPERATOR (Verified Incident),Critical Threat Intercepted
82,2026-08-23 11:42:37,Backdoor,Backdoor,99.96,0.0,0.0,124434.9676,PASS,High-fidelity alert: Confidence (100.0%) meets threshold and features ['tcp.dstport'] match known domain mechanics.,tcp.dstport,DISPATCHED TO SOC OPERATOR (Verified Incident),Critical Threat Intercepted
83,2026-08-23 11:42:38,DDoS_ICMP,DDoS_ICMP,99.95,0.0,0.0,15913.4204,PASS,High-fidelity alert: Confidence (99.9%) meets threshold and features ['icmp.checksum'] match known domain mechanics.,icmp.checksum,DISPATCHED TO SOC OPERATOR (Verified Incident),Critical Threat Intercepted
84,2026-08-23 11:42:38,Normal,Normal,99.95,0.0,0.0,3894.9722,NORMAL,Traffic classified as normal baseline behavior,tcp.dstport,HEALTHY BASELINE (Normal Operation Preserved),Normal Dynamics Maintained
85,2026-08-23 11:42:39,Password,Password,99.65,429.0,10.1,1416.888,PASS,High-fidelity alert: Confidence (99.6%) meets threshold and features ['tcp.dstport'] match known domain mechanics.,tcp.dstport,DISPATCHED TO SOC OPERATOR (Verified Incident),Critical Threat Intercepted
86,2026-08-23 11:42:39,Backdoor,Backdoor,99.95,0.0,0.0,167982.3831,PASS,High-fidelity alert: Confidence (99.9%) meets threshold and features ['tcp.dstport'] match known domain mechanics.,tcp.dstport,DISPATCHED TO SOC OPERATOR (Verified Incident),Critical Threat Intercepted
87,2026-08-23 11:42:40,MITM,Ransomware,34.69,0.0,0.0,3398.6594,SUPPRESS,Alert suppressed: Low model confidence (34.7% < 65.0%).,tcp.len,SUPPRESSED BY FILTER (Noise / False Alarm Prevented),Actuator Shutdown / Operator Fatigue Prevented
88,2026-08-23 11:42:40,Port_Scanning,Port_Scanning,99.94,0.0,0.0,69940274.6577,PASS,High-fidelity alert: Confidence (99.9%) meets threshold and features ['tcp.dstport'] match known domain mechanics.,tcp.dstport,DISPATCHED TO SOC OPERATOR (Verified Incident),Critical Threat Intercepted
89,2026-08-23 11:42:41,Normal,Normal,99.94,32.0,1.29,3560864.281,NORMAL,Traffic classified as normal baseline behavior,tcp.dstport,HEALTHY BASELINE (Normal Operation Preserved),Normal Dynamics Maintained
90,2026-08-23 11:42:41,Port_Scanning,Port_Scanning,99.86,0.0,0.0,3312.7253,PASS,High-fidelity alert: Confidence (99.9%) meets threshold and features ['tcp.dstport'] match known domain mechanics.,tcp.dstport,DISPATCHED TO SOC OPERATOR (Verified Incident),Critical Threat Intercepted
91,2026-08-23 11:42:42,SQL_injection,SQL_injection,99.79,0.0,0.0,513.4942,PASS,High-fidelity alert: Confidence (99.8%) meets threshold and features ['http.content_length'] match known domain mechanics.,http.content_length,DISPATCHED TO SOC OPERATOR (Verified Incident),Critical Threat Intercepted
92,2026-08-23 11:42:42,DDoS_ICMP,DDoS_ICMP,99.95,0.0,0.0,10890.5485,PASS,High-fidelity alert: Confidence (99.9%) meets threshold and features ['icmp.checksum'] match known domain mechanics.,icmp.checksum,DISPATCHED TO SOC OPERATOR (Verified Incident),Critical Threat Intercepted
93,2026-08-23 11:42:43,DDoS_ICMP,DDoS_ICMP,99.95,0.0,0.0,4902.0267,PASS,High-fidelity alert: Confidence (100.0%) meets threshold and features ['icmp.checksum'] match known domain mechanics.,icmp.checksum,DISPATCHED TO SOC OPERATOR (Verified Incident),Critical Threat Intercepted
94,2026-08-23 11:42:43,XSS,XSS,51.89,0.0,0.0,832.1938,SUPPRESS,Alert suppressed: Low model confidence (51.9% < 65.0%).,http.content_length,SUPPRESSED BY FILTER (Noise / False Alarm Prevented),Actuator Shutdown / Operator Fatigue Prevented
95,2026-08-23 11:42:44,Ransomware,Ransomware,99.94,0.0,0.0,7401.1227,PASS,High-fidelity alert: Confidence (99.9%) meets threshold and features ['tcp.len'] match known domain mechanics.,tcp.len,DISPATCHED TO SOC OPERATOR (Verified Incident),Critical Threat Intercepted
96,2026-08-23 11:42:44,DDoS_UDP,DDoS_UDP,99.95,0.0,0.0,154635.0062,PASS,High-fidelity alert: Confidence (99.9%) meets threshold and features ['udp.port'] match known domain mechanics.,udp.port,DISPATCHED TO SOC OPERATOR (Verified Incident),Critical Threat Intercepted
97,2026-08-23 11:42:45,DDoS_UDP,DDoS_UDP,99.95,0.0,0.0,222101.7885,PASS,High-fidelity alert: Confidence (99.9%) meets threshold and features ['udp.port'] match known domain mechanics.,udp.port,DISPATCHED TO SOC OPERATOR (Verified Incident),Critical Threat Intercepted
98,2026-08-23 11:42:45,DDoS_HTTP,DDoS_HTTP,99.49,0.0,0.0,243.7094,PASS,High-fidelity alert: Confidence (99.5%) meets threshold and features ['http.content_length'] match known domain mechanics.,http.content_length,DISPATCHED TO SOC OPERATOR (Verified Incident),Critical Threat Intercepted
99,2026-08-23 11:42:46,SQL_injection,SQL_injection,98.43,707.0,0.0,2121.303,PASS,High-fidelity alert: Confidence (98.4%) meets threshold and features ['http.content_length'] match known domain mechanics.,http.content_length,DISPATCHED TO SOC OPERATOR (Verified Incident),Critical Threat Intercepted
100,2026-08-23 11:42:46,DDoS_TCP,DDoS_TCP,99.97,120.0,0.0,124655823.9265,PASS,High-fidelity alert: Confidence (100.0%) meets threshold and features ['tcp.flags'] match known domain mechanics.,tcp.flags,DISPATCHED TO SOC OPERATOR (Verified Incident),Critical Threat Intercepted
101,2026-08-23 11:42:47,Port_Scanning,Port_Scanning,99.86,0.0,0.0,4663.4411,PASS,High-fidelity alert: Confidence (99.9%) meets threshold and features ['tcp.dstport'] match known domain mechanics.,tcp.dstport,DISPATCHED TO SOC OPERATOR (Verified Incident),Critical Threat Intercepted
102,2026-08-23 11:42:47,Normal,Normal,99.81,0.0,0.0,8554.4291,NORMAL,Traffic classified as normal baseline behavior,tcp.dstport,HEALTHY BASELINE (Normal Operation Preserved),Normal Dynamics Maintained
103,2026-08-23 11:42:48,SQL_injection,SQL_injection,59.89,0.0,0.0,967.6794,SUPPRESS,Alert suppressed: Low model confidence (59.9% < 65.0%).,http.content_length,SUPPRESSED BY FILTER (Noise / False Alarm Prevented),Actuator Shutdown / Operator Fatigue Prevented
104,2026-08-23 11:42:48,Ransomware,MITM,27.27,0.0,0.0,2493.777,SUPPRESS,Alert suppressed: Low model confidence (27.3% < 65.0%).,arp.opcode,SUPPRESSED BY FILTER (Noise / False Alarm Prevented),Actuator Shutdown / Operator Fatigue Prevented
105,2026-08-23 11:42:49,DDoS_UDP,DDoS_UDP,99.95,0.0,0.0,109202.9252,PASS,High-fidelity alert: Confidence (100.0%) meets threshold and features ['udp.port'] match known domain mechanics.,udp.port,DISPATCHED TO SOC OPERATOR (Verified Incident),Critical Threat Intercepted
106,2026-08-23 11:42:49,Backdoor,Backdoor,99.95,0.0,0.0,56270.2805,PASS,High-fidelity alert: Confidence (100.0%) meets threshold and features ['tcp.dstport'] match known domain mechanics.,tcp.dstport,DISPATCHED TO SOC OPERATOR (Verified Incident),Critical Threat Intercepted
107,2026-08-23 11:42:50,Backdoor,Backdoor,99.95,1392.0,0.0,4935389.1394,PASS,High-fidelity alert: Confidence (99.9%) meets threshold and features ['tcp.dstport'] match known domain mechanics.,tcp.dstport,DISPATCHED TO SOC OPERATOR (Verified Incident),Critical Threat Intercepted
108,2026-08-23 11:42:50,SQL_injection,SQL_injection,99.39,477.0,0.0,484.8863,PASS,High-fidelity alert: Confidence (99.4%) meets threshold and features ['http.content_length'] match known domain mechanics.,http.content_length,DISPATCHED TO SOC OPERATOR (Verified Incident),Critical Threat Intercepted
109,2026-08-23 11:42:51,Backdoor,Backdoor,99.94,304.0,0.0,117734.7771,PASS,High-fidelity alert: Confidence (99.9%) meets threshold and features ['tcp.dstport'] match known domain mechanics.,tcp.dstport,DISPATCHED TO SOC OPERATOR (Verified Incident),Critical Threat Intercepted
110,2026-08-23 11:42:51,Password,Password,99.78,0.0,0.0,563164.9083,PASS,High-fidelity alert: Confidence (99.8%) meets threshold and features ['tcp.dstport'] match known domain mechanics.,tcp.dstport,DISPATCHED TO SOC OPERATOR (Verified Incident),Critical Threat Intercepted
111,2026-08-23 11:42:52,DDoS_UDP,DDoS_UDP,99.98,0.0,0.0,259282.4423,PASS,High-fidelity alert: Confidence (100.0%) meets threshold and features ['udp.port'] match known domain mechanics.,udp.port,DISPATCHED TO SOC OPERATOR (Verified Incident),Critical Threat Intercepted
112,2026-08-23 11:42:52,Vulnerability_scanner,Vulnerability_scanner,56.11,0.0,0.0,6177.5093,SUPPRESS,Alert suppressed: Low model confidence (56.1% < 65.0%).,http.content_length,SUPPRESSED BY FILTER (Noise / False Alarm Prevented),Actuator Shutdown / Operator Fatigue Prevented
113,2026-08-23 11:42:53,Normal,Normal,99.94,1440.0,0.0,1646616.5047,NORMAL,Traffic classified as normal baseline behavior,tcp.dstport,HEALTHY BASELINE (Normal Operation Preserved),Normal Dynamics Maintained
114,2026-08-23 11:42:53,DDoS_ICMP,DDoS_ICMP,99.92,0.0,0.0,19597.3155,PASS,High-fidelity alert: Confidence (99.9%) meets threshold and features ['icmp.checksum'] match known domain mechanics.,icmp.checksum,DISPATCHED TO SOC OPERATOR (Verified Incident),Critical Threat Intercepted
115,2026-08-23 11:42:54,DDoS_HTTP,DDoS_HTTP,98.0,0.0,0.0,4821.244,PASS,High-fidelity alert: Confidence (98.0%) meets threshold and features ['http.content_length'] match known domain mechanics.,http.content_length,DISPATCHED TO SOC OPERATOR (Verified Incident),Critical Threat Intercepted
116,2026-08-23 11:42:54,DDoS_UDP,DDoS_UDP,99.95,0.0,0.0,319038.1678,PASS,High-fidelity alert: Confidence (100.0%) meets threshold and features ['udp.port'] match known domain mechanics.,udp.port,DISPATCHED TO SOC OPERATOR (Verified Incident),Critical Threat Intercepted
117,2026-08-23 11:42:55,Password,DDoS_HTTP,52.41,0.0,0.0,2626.8166,SUPPRESS,Alert suppressed: Low model confidence (52.4% < 65.0%).,http.content_length,SUPPRESSED BY FILTER (Noise / False Alarm Prevented),Actuator Shutdown / Operator Fatigue Prevented
118,2026-08-23 11:42:55,DDoS_HTTP,SQL_injection,68.4,0.0,0.0,10621380.7135,PASS,High-fidelity alert: Confidence (68.4%) meets threshold and features ['http.content_length'] match known domain mechanics.,http.content_length,DISPATCHED TO SOC OPERATOR (Verified Incident),Critical Threat Intercepted
119,2026-08-23 11:42:56,DDoS_HTTP,DDoS_HTTP,96.23,297.0,0.0,559.3823,PASS,High-fidelity alert: Confidence (96.2%) meets threshold and features ['http.content_length'] match known domain mechanics.,http.content_length,DISPATCHED TO SOC OPERATOR (Verified Incident),Critical Threat Intercepted
120,2026-08-23 11:42:56,Ransomware,Ransomware,99.96,0.0,0.0,20415.9289,PASS,High-fidelity alert: Confidence (100.0%) meets threshold and features ['tcp.len'] match known domain mechanics.,tcp.len,DISPATCHED TO SOC OPERATOR (Verified Incident),Critical Threat Intercepted
121,2026-08-23 11:42:57,Port_Scanning,Port_Scanning,99.88,0.0,0.0,31936.9031,PASS,High-fidelity alert: Confidence (99.9%) meets threshold and features ['tcp.dstport'] match known domain mechanics.,tcp.dstport,DISPATCHED TO SOC OPERATOR (Verified Incident),Critical Threat Intercepted
122,2026-08-23 11:42:57,Vulnerability_scanner,Vulnerability_scanner,99.97,362.0,2.72,5603.5087,PASS,High-fidelity alert: Confidence (100.0%) meets threshold and features ['http.content_length'] match known domain mechanics.,http.content_length,DISPATCHED TO SOC OPERATOR (Verified Incident),Critical Threat Intercepted
123,2026-08-23 11:42:58,XSS,XSS,99.78,0.0,0.0,3480.9032,PASS,High-fidelity alert: Confidence (99.8%) meets threshold and features ['http.content_length'] match known domain mechanics.,http.content_length,DISPATCHED TO SOC OPERATOR (Verified Incident),Critical Threat Intercepted
124,2026-08-23 11:42:58,DDoS_UDP,DDoS_UDP,99.95,0.0,0.0,44438.7335,PASS,High-fidelity alert: Confidence (99.9%) meets threshold and features ['udp.port'] match known domain mechanics.,udp.port,DISPATCHED TO SOC OPERATOR (Verified Incident),Critical Threat Intercepted
125,2026-08-23 11:42:59,DDoS_HTTP,DDoS_HTTP,98.73,0.0,0.0,3313.5303,PASS,High-fidelity alert: Confidence (98.7%) meets threshold and features ['http.content_length'] match known domain mechanics.,http.content_length,DISPATCHED TO SOC OPERATOR (Verified Incident),Critical Threat Intercepted
126,2026-08-23 11:42:59,Uploading,Uploading,98.93,0.0,0.0,799772.5642,PASS,High-fidelity alert: Confidence (98.9%) meets threshold and features ['tcp.len'] match known domain mechanics.,tcp.len,DISPATCHED TO SOC OPERATOR (Verified Incident),Critical Threat Intercepted
127,2026-08-23 11:43:00,Uploading,Uploading,98.95,0.0,0.0,3441.8082,PASS,High-fidelity alert: Confidence (98.9%) meets threshold and features ['tcp.len'] match known domain mechanics.,tcp.len,DISPATCHED TO SOC OPERATOR (Verified Incident),Critical Threat Intercepted
128,2026-08-23 11:43:00,Normal,Normal,99.91,0.0,0.0,985.3188,NORMAL,Traffic classified as normal baseline behavior,tcp.dstport,HEALTHY BASELINE (Normal Operation Preserved),Normal Dynamics Maintained
129,2026-08-23 11:43:01,Uploading,Uploading,95.46,107.0,0.45,54743.4964,PASS,High-fidelity alert: Confidence (95.5%) meets threshold and features ['tcp.len'] match known domain mechanics.,tcp.len,DISPATCHED TO SOC OPERATOR (Verified Incident),Critical Threat Intercepted
130,2026-08-23 11:43:01,DDoS_UDP,DDoS_UDP,99.95,0.0,0.0,155623.8399,PASS,High-fidelity alert: Confidence (100.0%) meets threshold and features ['udp.port'] match known domain mechanics.,udp.port,DISPATCHED TO SOC OPERATOR (Verified Incident),Critical Threat Intercepted
131,2026-08-23 11:43:02,Uploading,Uploading,99.32,0.0,0.0,6362.9224,PASS,High-fidelity alert: Confidence (99.3%) meets threshold and features ['tcp.len'] match known domain mechanics.,tcp.len,DISPATCHED TO SOC OPERATOR (Verified Incident),Critical Threat Intercepted
132,2026-08-23 11:43:02,Backdoor,Backdoor,99.95,816.0,0.0,649307.9633,PASS,High-fidelity alert: Confidence (100.0%) meets threshold and features ['tcp.dstport'] match known domain mechanics.,tcp.dstport,DISPATCHED TO SOC OPERATOR (Verified Incident),Critical Threat Intercepted
133,2026-08-23 11:43:03,Ransomware,Ransomware,99.88,464.0,0.0,13982.9738,PASS,High-fidelity alert: Confidence (99.9%) meets threshold and features ['tcp.len'] match known domain mechanics.,tcp.len,DISPATCHED TO SOC OPERATOR (Verified Incident),Critical Threat Intercepted
134,2026-08-23 11:43:03,XSS,XSS,99.77,0.0,0.0,6662.58,PASS,High-fidelity alert: Confidence (99.8%) meets threshold and features ['http.content_length'] match known domain mechanics.,http.content_length,DISPATCHED TO SOC OPERATOR (Verified Incident),Critical Threat Intercepted
135,2026-08-23 11:43:04,Fingerprinting,Fingerprinting,98.65,0.0,0.0,69706.6134,PASS,High-fidelity alert: Confidence (98.7%) meets threshold and features ['tcp.flags'] match known domain mechanics.,tcp.flags,DISPATCHED TO SOC OPERATOR (Verified Incident),Critical Threat Intercepted
136,2026-08-23 11:43:04,Backdoor,Backdoor,99.95,0.0,0.0,189405.7458,PASS,High-fidelity alert: Confidence (100.0%) meets threshold and features ['tcp.dstport'] match known domain mechanics.,tcp.dstport,DISPATCHED TO SOC OPERATOR (Verified Incident),Critical Threat Intercepted
137,2026-08-23 11:43:05,DDoS_UDP,DDoS_UDP,99.95,0.0,0.0,17645.0972,PASS,High-fidelity alert: Confidence (100.0%) meets threshold and features ['udp.port'] match known domain mechanics.,udp.port,DISPATCHED TO SOC OPERATOR (Verified Incident),Critical Threat Intercepted
138,2026-08-23 11:43:05,DDoS_TCP,DDoS_TCP,99.96,120.0,0.58,98274318.7846,PASS,High-fidelity alert: Confidence (100.0%) meets threshold and features ['tcp.flags'] match known domain mechanics.,tcp.flags,DISPATCHED TO SOC OPERATOR (Verified Incident),Critical Threat Intercepted
139,2026-08-23 11:43:06,Port_Scanning,Port_Scanning,99.91,0.0,0.0,35150382.1484,PASS,High-fidelity alert: Confidence (99.9%) meets threshold and features ['tcp.dstport'] match known domain mechanics.,tcp.dstport,DISPATCHED TO SOC OPERATOR (Verified Incident),Critical Threat Intercepted
140,2026-08-23 11:43:06,DDoS_ICMP,DDoS_ICMP,99.95,0.0,0.0,18775.5312,PASS,High-fidelity alert: Confidence (99.9%) meets threshold and features ['icmp.checksum'] match known domain mechanics.,icmp.checksum,DISPATCHED TO SOC OPERATOR (Verified Incident),Critical Threat Intercepted
141,2026-08-23 11:43:07,SQL_injection,SQL_injection,68.65,0.0,0.0,3808.1632,PASS,High-fidelity alert: Confidence (68.7%) meets threshold and features ['http.content_length'] match known domain mechanics.,http.content_length,DISPATCHED TO SOC OPERATOR (Verified Incident),Critical Threat Intercepted
142,2026-08-23 11:43:07,DDoS_ICMP,DDoS_ICMP,99.94,0.0,0.0,17614.0603,PASS,High-fidelity alert: Confidence (99.9%) meets threshold and features ['icmp.checksum'] match known domain mechanics.,icmp.checksum,DISPATCHED TO SOC OPERATOR (Verified Incident),Critical Threat Intercepted
143,2026-08-23 11:43:08,XSS,MITM,31.73,0.0,0.0,2756.65,SUPPRESS,Alert suppressed: Low model confidence (31.7% < 65.0%).,arp.opcode,SUPPRESSED BY FILTER (Noise / False Alarm Prevented),Actuator Shutdown / Operator Fatigue Prevented
144,2026-08-23 11:43:08,DDoS_ICMP,DDoS_ICMP,99.95,0.0,0.0,10927.8052,PASS,High-fidelity alert: Confidence (99.9%) meets threshold and features ['icmp.checksum'] match known domain mechanics.,icmp.checksum,DISPATCHED TO SOC OPERATOR (Verified Incident),Critical Threat Intercepted
145,2026-08-23 11:43:09,Fingerprinting,Fingerprinting,96.87,0.0,0.0,2322.3293,PASS,High-fidelity alert: Confidence (96.9%) meets threshold and features ['tcp.flags'] match known domain mechanics.,tcp.flags,DISPATCHED TO SOC OPERATOR (Verified Incident),Critical Threat Intercepted
146,2026-08-23 11:43:09,Vulnerability_scanner,Vulnerability_scanner,99.97,494.0,14.34,13296.3349,PASS,High-fidelity alert: Confidence (100.0%) meets threshold and features ['http.content_length'] match known domain mechanics.,http.content_length,DISPATCHED TO SOC OPERATOR (Verified Incident),Critical Threat Intercepted
147,2026-08-23 11:43:10,MITM,Ransomware,45.03,0.0,0.0,3284.2171,SUPPRESS,Alert suppressed: Low model confidence (45.0% < 65.0%).,tcp.len,SUPPRESSED BY FILTER (Noise / False Alarm Prevented),Actuator Shutdown / Operator Fatigue Prevented
148,2026-08-23 11:43:10,Ransomware,Ransomware,99.88,464.0,0.67,26003.8816,PASS,High-fidelity alert: Confidence (99.9%) meets threshold and features ['tcp.len'] match known domain mechanics.,tcp.len,DISPATCHED TO SOC OPERATOR (Verified Incident),Critical Threat Intercepted
149,2026-08-23 11:43:11,DDoS_TCP,DDoS_TCP,99.92,120.0,7.48,222827634.9074,PASS,High-fidelity alert: Confidence (99.9%) meets threshold and features ['tcp.flags'] match known domain mechanics.,tcp.flags,DISPATCHED TO SOC OPERATOR (Verified Incident),Critical Threat Intercepted
150,2026-08-23 11:43:11,Normal,Normal,99.96,0.0,0.0,518.2661,NORMAL,Traffic classified as normal baseline behavior,tcp.dstport,HEALTHY BASELINE (Normal Operation Preserved),Normal Dynamics Maintained
151,2026-08-23 11:43:12,Vulnerability_scanner,Vulnerability_scanner,99.98,495.0,2.88,2772.9143,PASS,High-fidelity alert: Confidence (100.0%) meets threshold and features ['http.content_length'] match known domain mechanics.,http.content_length,DISPATCHED TO SOC OPERATOR (Verified Incident),Critical Threat Intercepted
152,2026-08-23 11:43:12,Uploading,Uploading,99.25,0.0,0.0,901.1343,PASS,High-fidelity alert: Confidence (99.3%) meets threshold and features ['tcp.len'] match known domain mechanics.,tcp.len,DISPATCHED TO SOC OPERATOR (Verified Incident),Critical Threat Intercepted
153,2026-08-23 11:43:13,Port_Scanning,Port_Scanning,99.92,0.0,0.0,237627670.1959,PASS,High-fidelity alert: Confidence (99.9%) meets threshold and features ['tcp.dstport'] match known domain mechanics.,tcp.dstport,DISPATCHED TO SOC OPERATOR (Verified Incident),Critical Threat Intercepted
154,2026-08-23 11:43:13,XSS,XSS,99.17,0.0,0.0,1322.8459,PASS,High-fidelity alert: Confidence (99.2%) meets threshold and features ['http.content_length'] match known domain mechanics.,http.content_length,DISPATCHED TO SOC OPERATOR (Verified Incident),Critical Threat Intercepted
155,2026-08-23 11:43:14,Fingerprinting,Fingerprinting,98.9,0.0,0.0,9825.9475,PASS,High-fidelity alert: Confidence (98.9%) meets threshold and features ['tcp.flags'] match known domain mechanics.,tcp.flags,DISPATCHED TO SOC OPERATOR (Verified Incident),Critical Threat Intercepted
156,2026-08-23 11:43:14,XSS,XSS,99.77,0.0,0.0,1585.1054,PASS,High-fidelity alert: Confidence (99.8%) meets threshold and features ['http.content_length'] match known domain mechanics.,http.content_length,DISPATCHED TO SOC OPERATOR (Verified Incident),Critical Threat Intercepted
157,2026-08-23 11:43:15,SQL_injection,SQL_injection,98.99,0.0,0.0,3282.4748,PASS,High-fidelity alert: Confidence (99.0%) meets threshold and features ['http.content_length'] match known domain mechanics.,http.content_length,DISPATCHED TO SOC OPERATOR (Verified Incident),Critical Threat Intercepted
158,2026-08-23 11:43:15,DDoS_HTTP,SQL_injection,60.31,0.0,0.0,4260.9841,SUPPRESS,Alert suppressed: Low model confidence (60.3% < 65.0%).,http.content_length,SUPPRESSED BY FILTER (Noise / False Alarm Prevented),Actuator Shutdown / Operator Fatigue Prevented
159,2026-08-23 11:43:16,DDoS_TCP,DDoS_TCP,99.93,0.0,0.0,3679.1513,PASS,High-fidelity alert: Confidence (99.9%) meets threshold and features ['tcp.flags'] match known domain mechanics.,tcp.flags,DISPATCHED TO SOC OPERATOR (Verified Incident),Critical Threat Intercepted
160,2026-08-23 11:43:16,Backdoor,Backdoor,99.96,0.0,0.0,115175.8544,PASS,High-fidelity alert: Confidence (100.0%) meets threshold and features ['tcp.dstport'] match known domain mechanics.,tcp.dstport,DISPATCHED TO SOC OPERATOR (Verified Incident),Critical Threat Intercepted
161,2026-08-23 11:43:17,DDoS_UDP,DDoS_UDP,99.94,0.0,0.0,129709.0909,PASS,High-fidelity alert: Confidence (99.9%) meets threshold and features ['udp.port'] match known domain mechanics.,udp.port,DISPATCHED TO SOC OPERATOR (Verified Incident),Critical Threat Intercepted
162,2026-08-23 11:43:17,DDoS_TCP,DDoS_TCP,99.96,120.0,0.0,5913403.6147,PASS,High-fidelity alert: Confidence (100.0%) meets threshold and features ['tcp.flags'] match known domain mechanics.,tcp.flags,DISPATCHED TO SOC OPERATOR (Verified Incident),Critical Threat Intercepted
163,2026-08-23 11:43:18,Ransomware,Ransomware,99.55,0.0,0.0,2289851.7464,PASS,High-fidelity alert: Confidence (99.6%) meets threshold and features ['tcp.len'] match known domain mechanics.,tcp.len,DISPATCHED TO SOC OPERATOR (Verified Incident),Critical Threat Intercepted
164,2026-08-23 11:43:18,XSS,XSS,99.82,0.0,0.0,5161.2455,PASS,High-fidelity alert: Confidence (99.8%) meets threshold and features ['http.content_length'] match known domain mechanics.,http.content_length,DISPATCHED TO SOC OPERATOR (Verified Incident),Critical Threat Intercepted
165,2026-08-23 11:43:19,DDoS_HTTP,DDoS_HTTP,68.69,0.0,0.0,1523.6277,PASS,High-fidelity alert: Confidence (68.7%) meets threshold and features ['http.content_length'] match known domain mechanics.,http.content_length,DISPATCHED TO SOC OPERATOR (Verified Incident),Critical Threat Intercepted
166,2026-08-23 11:43:19,DDoS_HTTP,DDoS_HTTP,71.73,0.0,0.0,173964.1365,PASS,High-fidelity alert: Confidence (71.7%) meets threshold and features ['http.content_length'] match known domain mechanics.,http.content_length,DISPATCHED TO SOC OPERATOR (Verified Incident),Critical Threat Intercepted
167,2026-08-23 11:43:20,XSS,XSS,98.56,0.0,0.0,2630.9615,PASS,High-fidelity alert: Confidence (98.6%) meets threshold and features ['http.content_length'] match known domain mechanics.,http.content_length,DISPATCHED TO SOC OPERATOR (Verified Incident),Critical Threat Intercepted
168,2026-08-23 11:43:20,Ransomware,Ransomware,99.86,464.0,3.08,34921.4036,PASS,High-fidelity alert: Confidence (99.9%) meets threshold and features ['tcp.len'] match known domain mechanics.,tcp.len,DISPATCHED TO SOC OPERATOR (Verified Incident),Critical Threat Intercepted
169,2026-08-23 11:43:21,Port_Scanning,Port_Scanning,99.94,0.0,0.0,132920529.8458,PASS,High-fidelity alert: Confidence (99.9%) meets threshold and features ['tcp.dstport'] match known domain mechanics.,tcp.dstport,DISPATCHED TO SOC OPERATOR (Verified Incident),Critical Threat Intercepted
170,2026-08-23 11:43:21,DDoS_TCP,DDoS_TCP,99.94,0.0,0.0,711.6483,PASS,High-fidelity alert: Confidence (99.9%) meets threshold and features ['tcp.flags'] match known domain mechanics.,tcp.flags,DISPATCHED TO SOC OPERATOR (Verified Incident),Critical Threat Intercepted
171,2026-08-23 11:43:22,DDoS_ICMP,DDoS_ICMP,99.95,0.0,0.0,7075.7845,PASS,High-fidelity alert: Confidence (100.0%) meets threshold and features ['icmp.checksum'] match known domain mechanics.,icmp.checksum,DISPATCHED TO SOC OPERATOR (Verified Incident),Critical Threat Intercepted
172,2026-08-23 11:43:22,Ransomware,Ransomware,99.95,0.0,0.0,125934.8468,PASS,High-fidelity alert: Confidence (100.0%) meets threshold and features ['tcp.len'] match known domain mechanics.,tcp.len,DISPATCHED TO SOC OPERATOR (Verified Incident),Critical Threat Intercepted
173,2026-08-23 11:43:23,Fingerprinting,Fingerprinting,98.52,0.0,0.0,8622.9505,PASS,High-fidelity alert: Confidence (98.5%) meets threshold and features ['tcp.flags'] match known domain mechanics.,tcp.flags,DISPATCHED TO SOC OPERATOR (Verified Incident),Critical Threat Intercepted
174,2026-08-23 11:43:23,Normal,Normal,99.87,0.0,0.0,4821.719,NORMAL,Traffic classified as normal baseline behavior,tcp.dstport,HEALTHY BASELINE (Normal Operation Preserved),Normal Dynamics Maintained
175,2026-08-23 11:43:24,DDoS_HTTP,DDoS_HTTP,98.53,278.0,3.73,2074.6418,PASS,High-fidelity alert: Confidence (98.5%) meets threshold and features ['http.content_length'] match known domain mechanics.,http.content_length,DISPATCHED TO SOC OPERATOR (Verified Incident),Critical Threat Intercepted
176,2026-08-23 11:43:24,DDoS_ICMP,DDoS_ICMP,99.94,0.0,0.0,12293.6668,PASS,High-fidelity alert: Confidence (99.9%) meets threshold and features ['icmp.checksum'] match known domain mechanics.,icmp.checksum,DISPATCHED TO SOC OPERATOR (Verified Incident),Critical Threat Intercepted
177,2026-08-23 11:43:25,SQL_injection,SQL_injection,99.3,477.0,3.36,2717.6504,PASS,High-fidelity alert: Confidence (99.3%) meets threshold and features ['http.content_length'] match known domain mechanics.,http.content_length,DISPATCHED TO SOC OPERATOR (Verified Incident),Critical Threat Intercepted
178,2026-08-23 11:43:25,MITM,Ransomware,41.27,0.0,0.0,987.4121,SUPPRESS,Alert suppressed: Low model confidence (41.3% < 65.0%).,tcp.len,SUPPRESSED BY FILTER (Noise / False Alarm Prevented),Actuator Shutdown / Operator Fatigue Prevented
179,2026-08-23 11:43:26,DDoS_UDP,DDoS_UDP,99.96,0.0,0.0,226046.6369,PASS,High-fidelity alert: Confidence (100.0%) meets threshold and features ['udp.port'] match known domain mechanics.,udp.port,DISPATCHED TO SOC OPERATOR (Verified Incident),Critical Threat Intercepted
180,2026-08-23 11:43:26,Vulnerability_scanner,Vulnerability_scanner,99.97,317.0,0.0,9548.584,PASS,High-fidelity alert: Confidence (100.0%) meets threshold and features ['http.content_length'] match known domain mechanics.,http.content_length,DISPATCHED TO SOC OPERATOR (Verified Incident),Critical Threat Intercepted
181,2026-08-23 11:43:27,DDoS_ICMP,DDoS_ICMP,99.94,0.0,0.0,1609660.0383,PASS,High-fidelity alert: Confidence (99.9%) meets threshold and features ['icmp.checksum'] match known domain mechanics.,icmp.checksum,DISPATCHED TO SOC OPERATOR (Verified Incident),Critical Threat Intercepted
182,2026-08-23 11:43:27,Fingerprinting,Fingerprinting,98.89,0.0,0.0,1650.5224,PASS,High-fidelity alert: Confidence (98.9%) meets threshold and features ['tcp.flags'] match known domain mechanics.,tcp.flags,DISPATCHED TO SOC OPERATOR (Verified Incident),Critical Threat Intercepted
183,2026-08-23 11:43:28,DDoS_ICMP,DDoS_ICMP,99.95,0.0,0.0,15375.226,PASS,High-fidelity alert: Confidence (99.9%) meets threshold and features ['icmp.checksum'] match known domain mechanics.,icmp.checksum,DISPATCHED TO SOC OPERATOR (Verified Incident),Critical Threat Intercepted
184,2026-08-23 11:43:28,Backdoor,Backdoor,99.95,304.0,0.0,196527.324,PASS,High-fidelity alert: Confidence (99.9%) meets threshold and features ['tcp.dstport'] match known domain mechanics.,tcp.dstport,DISPATCHED TO SOC OPERATOR (Verified Incident),Critical Threat Intercepted
185,2026-08-23 11:43:29,Vulnerability_scanner,Vulnerability_scanner,99.96,308.0,5.75,5839.2514,PASS,High-fidelity alert: Confidence (100.0%) meets threshold and features ['http.content_length'] match known domain mechanics.,http.content_length,DISPATCHED TO SOC OPERATOR (Verified Incident),Critical Threat Intercepted
186,2026-08-23 11:43:29,Password,Password,85.38,86.0,4.31,925.3327,PASS,High-fidelity alert: Confidence (85.4%) meets threshold and features ['tcp.dstport'] match known domain mechanics.,tcp.dstport,DISPATCHED TO SOC OPERATOR (Verified Incident),Critical Threat Intercepted
187,2026-08-23 11:43:30,Port_Scanning,Port_Scanning,99.94,0.0,0.0,8352121.8821,PASS,High-fidelity alert: Confidence (99.9%) meets threshold and features ['tcp.dstport'] match known domain mechanics.,tcp.dstport,DISPATCHED TO SOC OPERATOR (Verified Incident),Critical Threat Intercepted
188,2026-08-23 11:43:30,DDoS_TCP,DDoS_TCP,99.94,0.0,0.0,1242.5336,PASS,High-fidelity alert: Confidence (99.9%) meets threshold and features ['tcp.flags'] match known domain mechanics.,tcp.flags,DISPATCHED TO SOC OPERATOR (Verified Incident),Critical Threat Intercepted
189,2026-08-23 11:43:31,Ransomware,Ransomware,99.96,0.0,0.0,50116.4886,PASS,High-fidelity alert: Confidence (100.0%) meets threshold and features ['tcp.len'] match known domain mechanics.,tcp.len,DISPATCHED TO SOC OPERATOR (Verified Incident),Critical Threat Intercepted
190,2026-08-23 11:43:31,Vulnerability_scanner,Vulnerability_scanner,99.96,495.0,2.49,4824.1777,PASS,High-fidelity alert: Confidence (100.0%) meets threshold and features ['http.content_length'] match known domain mechanics.,http.content_length,DISPATCHED TO SOC OPERATOR (Verified Incident),Critical Threat Intercepted
191,2026-08-23 11:43:32,Fingerprinting,Fingerprinting,99.23,0.0,0.0,5943.3739,PASS,High-fidelity alert: Confidence (99.2%) meets threshold and features ['tcp.flags'] match known domain mechanics.,tcp.flags,DISPATCHED TO SOC OPERATOR (Verified Incident),Critical Threat Intercepted
192,2026-08-23 11:43:32,Password,XSS,54.58,0.0,0.0,962.1319,SUPPRESS,Alert suppressed: Low model confidence (54.6% < 65.0%).,http.content_length,SUPPRESSED BY FILTER (Noise / False Alarm Prevented),Actuator Shutdown / Operator Fatigue Prevented
193,2026-08-23 11:43:33,Vulnerability_scanner,Vulnerability_scanner,99.9,0.0,0.0,13315.4563,PASS,High-fidelity alert: Confidence (99.9%) meets threshold and features ['http.content_length'] match known domain mechanics.,http.content_length,DISPATCHED TO SOC OPERATOR (Verified Incident),Critical Threat Intercepted
194,2026-08-23 11:43:33,Vulnerability_scanner,Vulnerability_scanner,99.87,0.0,0.0,6815.8174,PASS,High-fidelity alert: Confidence (99.9%) meets threshold and features ['http.content_length'] match known domain mechanics.,http.content_length,DISPATCHED TO SOC OPERATOR (Verified Incident),Critical Threat Intercepted
195,2026-08-23 11:43:34,Port_Scanning,Port_Scanning,99.86,0.0,0.0,630.7085,PASS,High-fidelity alert: Confidence (99.9%) meets threshold and features ['tcp.dstport'] match known domain mechanics.,tcp.dstport,DISPATCHED TO SOC OPERATOR (Verified Incident),Critical Threat Intercepted
196,2026-08-23 11:43:34,DDoS_HTTP,DDoS_HTTP,99.86,0.0,0.0,2191.9958,PASS,High-fidelity alert: Confidence (99.9%) meets threshold and features ['http.content_length'] match known domain mechanics.,http.content_length,DISPATCHED TO SOC OPERATOR (Verified Incident),Critical Threat Intercepted
197,2026-08-23 11:43:35,Port_Scanning,Port_Scanning,99.87,0.0,0.0,1376.4791,PASS,High-fidelity alert: Confidence (99.9%) meets threshold and features ['tcp.dstport'] match known domain mechanics.,tcp.dstport,DISPATCHED TO SOC OPERATOR (Verified Incident),Critical Threat Intercepted
198,2026-08-23 11:43:35,DDoS_ICMP,DDoS_ICMP,99.95,0.0,0.0,10037.4506,PASS,High-fidelity alert: Confidence (100.0%) meets threshold and features ['icmp.checksum'] match known domain mechanics.,icmp.checksum,DISPATCHED TO SOC OPERATOR (Verified Incident),Critical Threat Intercepted
199,2026-08-23 11:43:36,Normal,Normal,99.91,0.0,0.0,2855.9049,NORMAL,Traffic classified as normal baseline behavior,tcp.dstport,HEALTHY BASELINE (Normal Operation Preserved),Normal Dynamics Maintained
200,2026-08-23 11:43:36,DDoS_UDP,DDoS_UDP,99.93,0.0,0.0,10311.6122,PASS,High-fidelity alert: Confidence (99.9%) meets threshold and features ['udp.port'] match known domain mechanics.,udp.port,DISPATCHED TO SOC OPERATOR (Verified Incident),Critical Threat Intercepted
201,2026-08-23 11:43:37,Port_Scanning,Port_Scanning,99.88,0.0,0.0,4053.6732,PASS,High-fidelity alert: Confidence (99.9%) meets threshold and features ['tcp.dstport'] match known domain mechanics.,tcp.dstport,DISPATCHED TO SOC OPERATOR (Verified Incident),Critical Threat Intercepted
202,2026-08-23 11:43:37,MITM,MITM,99.78,5353.0,0.0,411005.3608,PASS,High-fidelity alert: Confidence (99.8%) meets threshold and features ['arp.opcode'] match known domain mechanics.,arp.opcode,DISPATCHED TO SOC OPERATOR (Verified Incident),Critical Threat Intercepted
203,2026-08-23 11:43:38,DDoS_UDP,DDoS_UDP,99.95,0.0,0.0,80379.4588,PASS,High-fidelity alert: Confidence (99.9%) meets threshold and features ['udp.port'] match known domain mechanics.,udp.port,DISPATCHED TO SOC OPERATOR (Verified Incident),Critical Threat Intercepted
204,2026-08-23 11:43:38,DDoS_UDP,DDoS_UDP,99.96,0.0,0.0,323334.7021,PASS,High-fidelity alert: Confidence (100.0%) meets threshold and features ['udp.port'] match known domain mechanics.,udp.port,DISPATCHED TO SOC OPERATOR (Verified Incident),Critical Threat Intercepted
205,2026-08-23 11:43:39,SQL_injection,SQL_injection,99.7,0.0,0.0,2674.104,PASS,High-fidelity alert: Confidence (99.7%) meets threshold and features ['http.content_length'] match known domain mechanics.,http.content_length,DISPATCHED TO SOC OPERATOR (Verified Incident),Critical Threat Intercepted
206,2026-08-23 11:43:39,Port_Scanning,Port_Scanning,99.85,0.0,0.0,23711.4494,PASS,High-fidelity alert: Confidence (99.9%) meets threshold and features ['tcp.dstport'] match known domain mechanics.,tcp.dstport,DISPATCHED TO SOC OPERATOR (Verified Incident),Critical Threat Intercepted
207,2026-08-23 11:43:40,DDoS_HTTP,DDoS_HTTP,82.55,0.0,0.0,178.1263,PASS,High-fidelity alert: Confidence (82.6%) meets threshold and features ['http.content_length'] match known domain mechanics.,http.content_length,DISPATCHED TO SOC OPERATOR (Verified Incident),Critical Threat Intercepted
208,2026-08-23 11:43:40,MITM,MITM,31.99,0.0,0.0,7293.2657,SUPPRESS,Alert suppressed: Low model confidence (32.0% < 65.0%).,arp.opcode,SUPPRESSED BY FILTER (Noise / False Alarm Prevented),Actuator Shutdown / Operator Fatigue Prevented
209,2026-08-23 11:43:41,DDoS_TCP,DDoS_TCP,99.94,0.0,0.0,2181.6698,PASS,High-fidelity alert: Confidence (99.9%) meets threshold and features ['tcp.flags'] match known domain mechanics.,tcp.flags,DISPATCHED TO SOC OPERATOR (Verified Incident),Critical Threat Intercepted
210,2026-08-23 11:43:41,Password,Password,96.62,0.0,0.0,578.4785,PASS,High-fidelity alert: Confidence (96.6%) meets threshold and features ['tcp.dstport'] match known domain mechanics.,tcp.dstport,DISPATCHED TO SOC OPERATOR (Verified Incident),Critical Threat Intercepted
211,2026-08-23 11:43:42,Backdoor,Backdoor,99.95,0.0,0.0,133493.9229,PASS,High-fidelity alert: Confidence (99.9%) meets threshold and features ['tcp.dstport'] match known domain mechanics.,tcp.dstport,DISPATCHED TO SOC OPERATOR (Verified Incident),Critical Threat Intercepted
212,2026-08-23 11:43:42,SQL_injection,SQL_injection,70.91,0.0,0.0,2966.113,PASS,High-fidelity alert: Confidence (70.9%) meets threshold and features ['http.content_length'] match known domain mechanics.,http.content_length,DISPATCHED TO SOC OPERATOR (Verified Incident),Critical Threat Intercepted
213,2026-08-23 11:43:43,Normal,Normal,99.91,0.0,0.0,1017.2877,NORMAL,Traffic classified as normal baseline behavior,tcp.dstport,HEALTHY BASELINE (Normal Operation Preserved),Normal Dynamics Maintained
214,2026-08-23 11:43:43,XSS,XSS,99.77,0.0,0.0,2607.2489,PASS,High-fidelity alert: Confidence (99.8%) meets threshold and features ['http.content_length'] match known domain mechanics.,http.content_length,DISPATCHED TO SOC OPERATOR (Verified Incident),Critical Threat Intercepted
215,2026-08-23 11:43:44,DDoS_ICMP,DDoS_ICMP,99.95,0.0,0.0,8920.1338,PASS,High-fidelity alert: Confidence (99.9%) meets threshold and features ['icmp.checksum'] match known domain mechanics.,icmp.checksum,DISPATCHED TO SOC OPERATOR (Verified Incident),Critical Threat Intercepted
216,2026-08-23 11:43:44,DDoS_TCP,DDoS_TCP,99.93,0.0,0.0,495.5254,PASS,High-fidelity alert: Confidence (99.9%) meets threshold and features ['tcp.flags'] match known domain mechanics.,tcp.flags,DISPATCHED TO SOC OPERATOR (Verified Incident),Critical Threat Intercepted
217,2026-08-23 11:43:45,Uploading,Uploading,99.22,0.0,0.0,309.5801,PASS,High-fidelity alert: Confidence (99.2%) meets threshold and features ['tcp.len'] match known domain mechanics.,tcp.len,DISPATCHED TO SOC OPERATOR (Verified Incident),Critical Threat Intercepted
218,2026-08-23 11:43:45,DDoS_UDP,DDoS_UDP,99.95,0.0,0.0,288009.7278,PASS,High-fidelity alert: Confidence (99.9%) meets threshold and features ['udp.port'] match known domain mechanics.,udp.port,DISPATCHED TO SOC OPERATOR (Verified Incident),Critical Threat Intercepted
219,2026-08-23 11:43:46,Vulnerability_scanner,Vulnerability_scanner,99.97,339.0,0.0,10467.9988,PASS,High-fidelity alert: Confidence (100.0%) meets threshold and features ['http.content_length'] match known domain mechanics.,http.content_length,DISPATCHED TO SOC OPERATOR (Verified Incident),Critical Threat Intercepted
220,2026-08-23 11:43:46,DDoS_HTTP,SQL_injection,52.33,0.0,0.0,1204576.5303,SUPPRESS,Alert suppressed: Low model confidence (52.3% < 65.0%).,http.content_length,SUPPRESSED BY FILTER (Noise / False Alarm Prevented),Actuator Shutdown / Operator Fatigue Prevented
221,2026-08-23 11:43:47,Uploading,Uploading,99.53,0.0,0.0,5036.5887,PASS,High-fidelity alert: Confidence (99.5%) meets threshold and features ['tcp.len'] match known domain mechanics.,tcp.len,DISPATCHED TO SOC OPERATOR (Verified Incident),Critical Threat Intercepted
222,2026-08-23 11:43:47,Port_Scanning,Port_Scanning,99.87,0.0,0.0,2196.3354,PASS,High-fidelity alert: Confidence (99.9%) meets threshold and features ['tcp.dstport'] match known domain mechanics.,tcp.dstport,DISPATCHED TO SOC OPERATOR (Verified Incident),Critical Threat Intercepted
223,2026-08-23 11:43:48,Normal,Normal,99.94,32.0,0.0,5260858.419,NORMAL,Traffic classified as normal baseline behavior,tcp.dstport,HEALTHY BASELINE (Normal Operation Preserved),Normal Dynamics Maintained
224,2026-08-23 11:43:48,Fingerprinting,Fingerprinting,97.25,0.0,0.0,2614.7843,PASS,High-fidelity alert: Confidence (97.3%) meets threshold and features ['tcp.flags'] match known domain mechanics.,tcp.flags,DISPATCHED TO SOC OPERATOR (Verified Incident),Critical Threat Intercepted
225,2026-08-23 11:43:49,DDoS_ICMP,DDoS_ICMP,99.95,0.0,0.0,11592.3396,PASS,High-fidelity alert: Confidence (100.0%) meets threshold and features ['icmp.checksum'] match known domain mechanics.,icmp.checksum,DISPATCHED TO SOC OPERATOR (Verified Incident),Critical Threat Intercepted
226,2026-08-23 11:43:49,DDoS_UDP,DDoS_UDP,99.96,0.0,0.0,232320.4832,PASS,High-fidelity alert: Confidence (100.0%) meets threshold and features ['udp.port'] match known domain mechanics.,udp.port,DISPATCHED TO SOC OPERATOR (Verified Incident),Critical Threat Intercepted
227,2026-08-23 11:43:50,Backdoor,Backdoor,99.55,0.0,0.0,1007.9688,PASS,High-fidelity alert: Confidence (99.6%) meets threshold and features ['tcp.dstport'] match known domain mechanics.,tcp.dstport,DISPATCHED TO SOC OPERATOR (Verified Incident),Critical Threat Intercepted
228,2026-08-23 11:43:50,Backdoor,Backdoor,99.95,400.0,0.0,5768719.2365,PASS,High-fidelity alert: Confidence (100.0%) meets threshold and features ['tcp.dstport'] match known domain mechanics.,tcp.dstport,DISPATCHED TO SOC OPERATOR (Verified Incident),Critical Threat Intercepted
229,2026-08-23 11:43:51,Uploading,XSS,69.65,0.0,0.0,34.5792,PASS,High-fidelity alert: Confidence (69.6%) meets threshold and features ['http.content_length'] match known domain mechanics.,http.content_length,DISPATCHED TO SOC OPERATOR (Verified Incident),Critical Threat Intercepted
230,2026-08-23 11:43:51,Vulnerability_scanner,Vulnerability_scanner,99.97,388.0,0.0,11001.5431,PASS,High-fidelity alert: Confidence (100.0%) meets threshold and features ['http.content_length'] match known domain mechanics.,http.content_length,DISPATCHED TO SOC OPERATOR (Verified Incident),Critical Threat Intercepted
231,2026-08-23 11:43:52,Ransomware,Ransomware,99.97,464.0,0.66,37501.7902,PASS,High-fidelity alert: Confidence (100.0%) meets threshold and features ['tcp.len'] match known domain mechanics.,tcp.len,DISPATCHED TO SOC OPERATOR (Verified Incident),Critical Threat Intercepted
232,2026-08-23 11:43:52,DDoS_UDP,DDoS_UDP,99.94,0.0,0.0,108425.9512,PASS,High-fidelity alert: Confidence (99.9%) meets threshold and features ['udp.port'] match known domain mechanics.,udp.port,DISPATCHED TO SOC OPERATOR (Verified Incident),Critical Threat Intercepted
233,2026-08-23 11:43:53,Normal,Normal,99.96,0.0,0.0,4459.8914,NORMAL,Traffic classified as normal baseline behavior,tcp.dstport,HEALTHY BASELINE (Normal Operation Preserved),Normal Dynamics Maintained
234,2026-08-23 11:43:53,SQL_injection,SQL_injection,99.45,0.0,0.0,3381729.586,PASS,High-fidelity alert: Confidence (99.5%) meets threshold and features ['http.content_length'] match known domain mechanics.,http.content_length,DISPATCHED TO SOC OPERATOR (Verified Incident),Critical Threat Intercepted
235,2026-08-23 11:43:54,Ransomware,Port_Scanning,45.64,0.0,0.0,7281.7118,SUPPRESS,Alert suppressed: Low model confidence (45.6% < 65.0%).,tcp.dstport,SUPPRESSED BY FILTER (Noise / False Alarm Prevented),Actuator Shutdown / Operator Fatigue Prevented
236,2026-08-23 11:43:54,Ransomware,Port_Scanning,35.09,0.0,0.0,7282.2267,SUPPRESS,Alert suppressed: Low model confidence (35.1% < 65.0%).,tcp.dstport,SUPPRESSED BY FILTER (Noise / False Alarm Prevented),Actuator Shutdown / Operator Fatigue Prevented
237,2026-08-23 11:43:55,Vulnerability_scanner,Vulnerability_scanner,99.97,495.0,0.0,8486.4649,PASS,High-fidelity alert: Confidence (100.0%) meets threshold and features ['http.content_length'] match known domain mechanics.,http.content_length,DISPATCHED TO SOC OPERATOR (Verified Incident),Critical Threat Intercepted
238,2026-08-23 11:43:55,Uploading,Uploading,99.59,149.0,3.65,1185.6678,PASS,High-fidelity alert: Confidence (99.6%) meets threshold and features ['tcp.len'] match known domain mechanics.,tcp.len,DISPATCHED TO SOC OPERATOR (Verified Incident),Critical Threat Intercepted
239,2026-08-23 11:43:56,Uploading,Uploading,63.73,149.0,6.5,2567.5898,SUPPRESS,Alert suppressed: Low model confidence (63.7% < 65.0%).,tcp.len,SUPPRESSED BY FILTER (Noise / False Alarm Prevented),Actuator Shutdown / Operator Fatigue Prevented
240,2026-08-23 11:43:56,XSS,XSS,57.17,0.0,0.0,3614.8415,SUPPRESS,Alert suppressed: Low model confidence (57.2% < 65.0%).,http.content_length,SUPPRESSED BY FILTER (Noise / False Alarm Prevented),Actuator Shutdown / Operator Fatigue Prevented
241,2026-08-23 11:43:57,MITM,MITM,46.92,0.0,0.0,1865.6425,SUPPRESS,Alert suppressed: Low model confidence (46.9% < 65.0%).,arp.opcode,SUPPRESSED BY FILTER (Noise / False Alarm Prevented),Actuator Shutdown / Operator Fatigue Prevented
242,2026-08-23 11:43:57,Ransomware,Ransomware,28.84,0.0,0.0,2249.3222,SUPPRESS,Alert suppressed: Low model confidence (28.8% < 65.0%).,tcp.len,SUPPRESSED BY FILTER (Noise / False Alarm Prevented),Actuator Shutdown / Operator Fatigue Prevented
243,2026-08-23 11:43:58,Password,Password,99.76,0.0,0.0,2267.0017,PASS,High-fidelity alert: Confidence (99.8%) meets threshold and features ['tcp.dstport'] match known domain mechanics.,tcp.dstport,DISPATCHED TO SOC OPERATOR (Verified Incident),Critical Threat Intercepted
244,2026-08-23 11:43:58,Backdoor,Backdoor,99.95,0.0,0.0,222659.0642,PASS,High-fidelity alert: Confidence (100.0%) meets threshold and features ['tcp.dstport'] match known domain mechanics.,tcp.dstport,DISPATCHED TO SOC OPERATOR (Verified Incident),Critical Threat Intercepted
245,2026-08-23 11:43:59,Fingerprinting,Fingerprinting,99.38,0.0,0.0,5222.5952,PASS,High-fidelity alert: Confidence (99.4%) meets threshold and features ['tcp.flags'] match known domain mechanics.,tcp.flags,DISPATCHED TO SOC OPERATOR (Verified Incident),Critical Threat Intercepted
246,2026-08-23 11:43:59,Fingerprinting,Fingerprinting,98.72,0.0,0.0,7815.7245,PASS,High-fidelity alert: Confidence (98.7%) meets threshold and features ['tcp.flags'] match known domain mechanics.,tcp.flags,DISPATCHED TO SOC OPERATOR (Verified Incident),Critical Threat Intercepted
247,2026-08-23 11:44:00,Vulnerability_scanner,Vulnerability_scanner,99.97,459.0,18.02,9706.0992,PASS,High-fidelity alert: Confidence (100.0%) meets threshold and features ['http.content_length'] match known domain mechanics.,http.content_length,DISPATCHED TO SOC OPERATOR (Verified Incident),Critical Threat Intercepted
248,2026-08-23 11:44:00,SQL_injection,SQL_injection,67.19,0.0,0.0,1333.0499,PASS,High-fidelity alert: Confidence (67.2%) meets threshold and features ['http.content_length'] match known domain mechanics.,http.content_length,DISPATCHED TO SOC OPERATOR (Verified Incident),Critical Threat Intercepted
249,2026-08-23 11:44:01,SQL_injection,DDoS_HTTP,47.47,0.0,0.0,614.9388,SUPPRESS,Alert suppressed: Low model confidence (47.5% < 65.0%).,http.content_length,SUPPRESSED BY FILTER (Noise / False Alarm Prevented),Actuator Shutdown / Operator Fatigue Prevented
250,2026-08-23 11:44:01,MITM,MITM,46.98,0.0,0.0,2108.1251,SUPPRESS,Alert suppressed: Low model confidence (47.0% < 65.0%).,arp.opcode,SUPPRESSED BY FILTER (Noise / False Alarm Prevented),Actuator Shutdown / Operator Fatigue Prevented
251,2026-08-23 11:44:02,Ransomware,Ransomware,99.86,464.0,3.48,63436.2726,PASS,High-fidelity alert: Confidence (99.9%) meets threshold and features ['tcp.len'] match known domain mechanics.,tcp.len,DISPATCHED TO SOC OPERATOR (Verified Incident),Critical Threat Intercepted
252,2026-08-23 11:44:02,DDoS_ICMP,DDoS_ICMP,99.95,0.0,0.0,15033.4046,PASS,High-fidelity alert: Confidence (99.9%) meets threshold and features ['icmp.checksum'] match known domain mechanics.,icmp.checksum,DISPATCHED TO SOC OPERATOR (Verified Incident),Critical Threat Intercepted
253,2026-08-23 11:44:03,Vulnerability_scanner,Vulnerability_scanner,99.97,315.0,3.95,4739.8683,PASS,High-fidelity alert: Confidence (100.0%) meets threshold and features ['http.content_length'] match known domain mechanics.,http.content_length,DISPATCHED TO SOC OPERATOR (Verified Incident),Critical Threat Intercepted
254,2026-08-23 11:44:03,MITM,MITM,99.79,51065.0,6.95,7864.0531,PASS,High-fidelity alert: Confidence (99.8%) meets threshold and features ['arp.opcode'] match known domain mechanics.,arp.opcode,DISPATCHED TO SOC OPERATOR (Verified Incident),Critical Threat Intercepted
255,2026-08-23 11:44:04,Ransomware,Ransomware,99.56,0.0,0.0,6054.6288,PASS,High-fidelity alert: Confidence (99.6%) meets threshold and features ['tcp.len'] match known domain mechanics.,tcp.len,DISPATCHED TO SOC OPERATOR (Verified Incident),Critical Threat Intercepted
256,2026-08-23 11:44:04,Port_Scanning,Port_Scanning,99.51,0.0,0.0,2105.9814,PASS,High-fidelity alert: Confidence (99.5%) meets threshold and features ['tcp.dstport'] match known domain mechanics.,tcp.dstport,DISPATCHED TO SOC OPERATOR (Verified Incident),Critical Threat Intercepted
257,2026-08-23 11:44:05,DDoS_TCP,DDoS_TCP,99.92,120.0,0.57,31503426.7209,PASS,High-fidelity alert: Confidence (99.9%) meets threshold and features ['tcp.flags'] match known domain mechanics.,tcp.flags,DISPATCHED TO SOC OPERATOR (Verified Incident),Critical Threat Intercepted
258,2026-08-23 11:44:05,Fingerprinting,Fingerprinting,98.48,0.0,0.0,1111.1038,PASS,High-fidelity alert: Confidence (98.5%) meets threshold and features ['tcp.flags'] match known domain mechanics.,tcp.flags,DISPATCHED TO SOC OPERATOR (Verified Incident),Critical Threat Intercepted
259,2026-08-23 11:44:06,Port_Scanning,Port_Scanning,99.87,0.0,0.0,3444.0725,PASS,High-fidelity alert: Confidence (99.9%) meets threshold and features ['tcp.dstport'] match known domain mechanics.,tcp.dstport,DISPATCHED TO SOC OPERATOR (Verified Incident),Critical Threat Intercepted
260,2026-08-23 11:44:06,SQL_injection,DDoS_HTTP,47.11,0.0,0.0,4259.663,SUPPRESS,Alert suppressed: Low model confidence (47.1% < 65.0%).,http.content_length,SUPPRESSED BY FILTER (Noise / False Alarm Prevented),Actuator Shutdown / Operator Fatigue Prevented
261,2026-08-23 11:44:07,SQL_injection,DDoS_HTTP,55.96,0.0,0.0,344.0508,SUPPRESS,Alert suppressed: Low model confidence (56.0% < 65.0%).,http.content_length,SUPPRESSED BY FILTER (Noise / False Alarm Prevented),Actuator Shutdown / Operator Fatigue Prevented
262,2026-08-23 11:44:07,DDoS_ICMP,DDoS_ICMP,99.95,0.0,0.0,9148.2122,PASS,High-fidelity alert: Confidence (100.0%) meets threshold and features ['icmp.checksum'] match known domain mechanics.,icmp.checksum,DISPATCHED TO SOC OPERATOR (Verified Incident),Critical Threat Intercepted
263,2026-08-23 11:44:08,Fingerprinting,Fingerprinting,99.0,0.0,0.0,929.2236,PASS,High-fidelity alert: Confidence (99.0%) meets threshold and features ['tcp.flags'] match known domain mechanics.,tcp.flags,DISPATCHED TO SOC OPERATOR (Verified Incident),Critical Threat Intercepted
264,2026-08-23 11:44:08,Port_Scanning,Ransomware,29.86,0.0,0.0,1517.3364,SUPPRESS,Alert suppressed: Low model confidence (29.9% < 65.0%).,tcp.len,SUPPRESSED BY FILTER (Noise / False Alarm Prevented),Actuator Shutdown / Operator Fatigue Prevented
265,2026-08-23 11:44:09,XSS,XSS,99.68,0.0,0.0,1972.5876,PASS,High-fidelity alert: Confidence (99.7%) meets threshold and features ['http.content_length'] match known domain mechanics.,http.content_length,DISPATCHED TO SOC OPERATOR (Verified Incident),Critical Threat Intercepted
266,2026-08-23 11:44:09,SQL_injection,DDoS_HTTP,50.43,0.0,0.0,2388.3819,SUPPRESS,Alert suppressed: Low model confidence (50.4% < 65.0%).,http.content_length,SUPPRESSED BY FILTER (Noise / False Alarm Prevented),Actuator Shutdown / Operator Fatigue Prevented
267,2026-08-23 11:44:10,Fingerprinting,Port_Scanning,57.66,0.0,0.0,1745.3962,SUPPRESS,Alert suppressed: Low model confidence (57.7% < 65.0%).,tcp.dstport,SUPPRESSED BY FILTER (Noise / False Alarm Prevented),Actuator Shutdown / Operator Fatigue Prevented
268,2026-08-23 11:44:10,DDoS_ICMP,DDoS_ICMP,99.95,0.0,0.0,10130.7234,PASS,High-fidelity alert: Confidence (100.0%) meets threshold and features ['icmp.checksum'] match known domain mechanics.,icmp.checksum,DISPATCHED TO SOC OPERATOR (Verified Incident),Critical Threat Intercepted
269,2026-08-23 11:44:11,Ransomware,Ransomware,99.84,320.0,14.84,33057.5225,PASS,High-fidelity alert: Confidence (99.8%) meets threshold and features ['tcp.len'] match known domain mechanics.,tcp.len,DISPATCHED TO SOC OPERATOR (Verified Incident),Critical Threat Intercepted
270,2026-08-23 11:44:11,Password,Password,97.76,0.0,0.0,4448.3111,PASS,High-fidelity alert: Confidence (97.8%) meets threshold and features ['tcp.dstport'] match known domain mechanics.,tcp.dstport,DISPATCHED TO SOC OPERATOR (Verified Incident),Critical Threat Intercepted
271,2026-08-23 11:44:12,DDoS_TCP,DDoS_TCP,99.91,120.0,10.5,147853279.1815,PASS,High-fidelity alert: Confidence (99.9%) meets threshold and features ['tcp.flags'] match known domain mechanics.,tcp.flags,DISPATCHED TO SOC OPERATOR (Verified Incident),Critical Threat Intercepted
272,2026-08-23 11:44:12,Backdoor,Backdoor,99.93,288.0,0.84,74107.3369,PASS,High-fidelity alert: Confidence (99.9%) meets threshold and features ['tcp.dstport'] match known domain mechanics.,tcp.dstport,DISPATCHED TO SOC OPERATOR (Verified Incident),Critical Threat Intercepted
273,2026-08-23 11:44:13,DDoS_TCP,DDoS_TCP,99.97,120.0,2.25,201530967.183,PASS,High-fidelity alert: Confidence (100.0%) meets threshold and features ['tcp.flags'] match known domain mechanics.,tcp.flags,DISPATCHED TO SOC OPERATOR (Verified Incident),Critical Threat Intercepted
274,2026-08-23 11:44:13,XSS,XSS,99.47,0.0,0.0,2568.8742,PASS,High-fidelity alert: Confidence (99.5%) meets threshold and features ['http.content_length'] match known domain mechanics.,http.content_length,DISPATCHED TO SOC OPERATOR (Verified Incident),Critical Threat Intercepted
275,2026-08-23 11:44:14,Password,XSS,57.57,0.0,0.0,1497.7102,SUPPRESS,Alert suppressed: Low model confidence (57.6% < 65.0%).,http.content_length,SUPPRESSED BY FILTER (Noise / False Alarm Prevented),Actuator Shutdown / Operator Fatigue Prevented
276,2026-08-23 11:44:14,Uploading,Uploading,98.92,0.0,0.0,347.5883,PASS,High-fidelity alert: Confidence (98.9%) meets threshold and features ['tcp.len'] match known domain mechanics.,tcp.len,DISPATCHED TO SOC OPERATOR (Verified Incident),Critical Threat Intercepted
277,2026-08-23 11:44:15,XSS,XSS,73.19,0.0,0.0,98.1516,PASS,High-fidelity alert: Confidence (73.2%) meets threshold and features ['http.content_length'] match known domain mechanics.,http.content_length,DISPATCHED TO SOC OPERATOR (Verified Incident),Critical Threat Intercepted
278,2026-08-23 11:44:15,Uploading,XSS,67.28,0.0,0.0,1800.41,PASS,High-fidelity alert: Confidence (67.3%) meets threshold and features ['http.content_length'] match known domain mechanics.,http.content_length,DISPATCHED TO SOC OPERATOR (Verified Incident),Critical Threat Intercepted
279,2026-08-23 11:44:16,DDoS_TCP,DDoS_TCP,99.96,120.0,2.25,3496938.5542,PASS,High-fidelity alert: Confidence (100.0%) meets threshold and features ['tcp.flags'] match known domain mechanics.,tcp.flags,DISPATCHED TO SOC OPERATOR (Verified Incident),Critical Threat Intercepted
280,2026-08-23 11:44:16,Vulnerability_scanner,Vulnerability_scanner,99.97,495.0,5.79,9957.0734,PASS,High-fidelity alert: Confidence (100.0%) meets threshold and features ['http.content_length'] match known domain mechanics.,http.content_length,DISPATCHED TO SOC OPERATOR (Verified Incident),Critical Threat Intercepted
281,2026-08-23 11:44:17,SQL_injection,SQL_injection,99.63,0.0,0.0,2294.2573,PASS,High-fidelity alert: Confidence (99.6%) meets threshold and features ['http.content_length'] match known domain mechanics.,http.content_length,DISPATCHED TO SOC OPERATOR (Verified Incident),Critical Threat Intercepted
282,2026-08-23 11:44:17,Vulnerability_scanner,Vulnerability_scanner,99.97,495.0,3.56,8205.3446,PASS,High-fidelity alert: Confidence (100.0%) meets threshold and features ['http.content_length'] match known domain mechanics.,http.content_length,DISPATCHED TO SOC OPERATOR (Verified Incident),Critical Threat Intercepted
283,2026-08-23 11:44:18,Uploading,Uploading,99.63,0.0,0.0,742.8577,PASS,High-fidelity alert: Confidence (99.6%) meets threshold and features ['tcp.len'] match known domain mechanics.,tcp.len,DISPATCHED TO SOC OPERATOR (Verified Incident),Critical Threat Intercepted
284,2026-08-23 11:44:18,Normal,Normal,99.93,0.0,0.0,703.4403,NORMAL,Traffic classified as normal baseline behavior,tcp.dstport,HEALTHY BASELINE (Normal Operation Preserved),Normal Dynamics Maintained
285,2026-08-23 11:44:19,DDoS_ICMP,DDoS_ICMP,99.95,0.0,0.0,9052.4509,PASS,High-fidelity alert: Confidence (99.9%) meets threshold and features ['icmp.checksum'] match known domain mechanics.,icmp.checksum,DISPATCHED TO SOC OPERATOR (Verified Incident),Critical Threat Intercepted
286,2026-08-23 11:44:19,MITM,Ransomware,28.32,0.0,0.0,2976.9442,SUPPRESS,Alert suppressed: Low model confidence (28.3% < 65.0%).,tcp.len,SUPPRESSED BY FILTER (Noise / False Alarm Prevented),Actuator Shutdown / Operator Fatigue Prevented
287,2026-08-23 11:44:20,DDoS_HTTP,DDoS_HTTP,47.72,0.0,0.0,1620.4417,SUPPRESS,Alert suppressed: Low model confidence (47.7% < 65.0%).,http.content_length,SUPPRESSED BY FILTER (Noise / False Alarm Prevented),Actuator Shutdown / Operator Fatigue Prevented
288,2026-08-23 11:44:20,Uploading,Uploading,99.73,0.0,0.0,856.5163,PASS,High-fidelity alert: Confidence (99.7%) meets threshold and features ['tcp.len'] match known domain mechanics.,tcp.len,DISPATCHED TO SOC OPERATOR (Verified Incident),Critical Threat Intercepted
289,2026-08-23 11:44:21,Backdoor,Backdoor,99.93,0.0,0.0,243905.3063,PASS,High-fidelity alert: Confidence (99.9%) meets threshold and features ['tcp.dstport'] match known domain mechanics.,tcp.dstport,DISPATCHED TO SOC OPERATOR (Verified Incident),Critical Threat Intercepted
290,2026-08-23 11:44:21,XSS,XSS,99.38,0.0,0.0,399.5641,PASS,High-fidelity alert: Confidence (99.4%) meets threshold and features ['http.content_length'] match known domain mechanics.,http.content_length,DISPATCHED TO SOC OPERATOR (Verified Incident),Critical Threat Intercepted
291,2026-08-23 11:44:22,Fingerprinting,Fingerprinting,98.91,0.0,0.0,1944.8514,PASS,High-fidelity alert: Confidence (98.9%) meets threshold and features ['tcp.flags'] match known domain mechanics.,tcp.flags,DISPATCHED TO SOC OPERATOR (Verified Incident),Critical Threat Intercepted
292,2026-08-23 11:44:22,SQL_injection,SQL_injection,62.26,0.0,0.0,1451.4286,SUPPRESS,Alert suppressed: Low model confidence (62.3% < 65.0%).,http.content_length,SUPPRESSED BY FILTER (Noise / False Alarm Prevented),Actuator Shutdown / Operator Fatigue Prevented
293,2026-08-23 11:44:23,DDoS_HTTP,DDoS_HTTP,99.65,40.0,5.32,1249.435,PASS,High-fidelity alert: Confidence (99.6%) meets threshold and features ['http.content_length'] match known domain mechanics.,http.content_length,DISPATCHED TO SOC OPERATOR (Verified Incident),Critical Threat Intercepted
294,2026-08-23 11:44:23,Uploading,Uploading,96.64,107.0,6.01,4961.9328,PASS,High-fidelity alert: Confidence (96.6%) meets threshold and features ['tcp.len'] match known domain mechanics.,tcp.len,DISPATCHED TO SOC OPERATOR (Verified Incident),Critical Threat Intercepted
295,2026-08-23 11:44:24,Normal,Normal,99.9,0.0,0.0,301.8519,NORMAL,Traffic classified as normal baseline behavior,tcp.dstport,HEALTHY BASELINE (Normal Operation Preserved),Normal Dynamics Maintained
296,2026-08-23 11:44:24,Port_Scanning,Port_Scanning,99.86,0.0,0.0,3203.8667,PASS,High-fidelity alert: Confidence (99.9%) meets threshold and features ['tcp.dstport'] match known domain mechanics.,tcp.dstport,DISPATCHED TO SOC OPERATOR (Verified Incident),Critical Threat Intercepted
297,2026-08-23 11:44:25,Normal,Normal,99.96,1440.0,2.1,12254369.3746,NORMAL,Traffic classified as normal baseline behavior,tcp.dstport,HEALTHY BASELINE (Normal Operation Preserved),Normal Dynamics Maintained
298,2026-08-23 11:44:25,Uploading,Uploading,98.46,0.0,0.0,1596.5183,PASS,High-fidelity alert: Confidence (98.5%) meets threshold and features ['tcp.len'] match known domain mechanics.,tcp.len,DISPATCHED TO SOC OPERATOR (Verified Incident),Critical Threat Intercepted
299,2026-08-23 11:44:26,SQL_injection,SQL_injection,99.47,0.0,0.0,4076.0618,PASS,High-fidelity alert: Confidence (99.5%) meets threshold and features ['http.content_length'] match known domain mechanics.,http.content_length,DISPATCHED TO SOC OPERATOR (Verified Incident),Critical Threat Intercepted
300,2026-08-23 11:44:26,Password,Password,99.79,0.0,0.0,1881.7661,PASS,High-fidelity alert: Confidence (99.8%) meets threshold and features ['tcp.dstport'] match known domain mechanics.,tcp.dstport,DISPATCHED TO SOC OPERATOR (Verified Incident),Critical Threat Intercepted
301,2026-08-23 11:44:27,DDoS_TCP,DDoS_TCP,99.92,120.0,2.72,75685033.0652,PASS,High-fidelity alert: Confidence (99.9%) meets threshold and features ['tcp.flags'] match known domain mechanics.,tcp.flags,DISPATCHED TO SOC OPERATOR (Verified Incident),Critical Threat Intercepted
302,2026-08-23 11:44:27,Fingerprinting,Fingerprinting,99.14,0.0,0.0,4142.9831,PASS,High-fidelity alert: Confidence (99.1%) meets threshold and features ['tcp.flags'] match known domain mechanics.,tcp.flags,DISPATCHED TO SOC OPERATOR (Verified Incident),Critical Threat Intercepted
303,2026-08-23 11:44:28,XSS,XSS,96.71,484.0,3.22,2229.5015,PASS,High-fidelity alert: Confidence (96.7%) meets threshold and features ['http.content_length'] match known domain mechanics.,http.content_length,DISPATCHED TO SOC OPERATOR (Verified Incident),Critical Threat Intercepted
304,2026-08-23 11:44:28,SQL_injection,SQL_injection,99.03,477.0,6.16,780.4334,PASS,High-fidelity alert: Confidence (99.0%) meets threshold and features ['http.content_length'] match known domain mechanics.,http.content_length,DISPATCHED TO SOC OPERATOR (Verified Incident),Critical Threat Intercepted
305,2026-08-23 11:44:29,DDoS_TCP,DDoS_TCP,99.94,0.0,0.0,1674.0765,PASS,High-fidelity alert: Confidence (99.9%) meets threshold and features ['tcp.flags'] match known domain mechanics.,tcp.flags,DISPATCHED TO SOC OPERATOR (Verified Incident),Critical Threat Intercepted
306,2026-08-23 11:44:29,DDoS_TCP,DDoS_TCP,99.94,0.0,0.0,418.8192,PASS,High-fidelity alert: Confidence (99.9%) meets threshold and features ['tcp.flags'] match known domain mechanics.,tcp.flags,DISPATCHED TO SOC OPERATOR (Verified Incident),Critical Threat Intercepted
307,2026-08-23 11:44:30,XSS,XSS,55.51,0.0,0.0,474.877,SUPPRESS,Alert suppressed: Low model confidence (55.5% < 65.0%).,http.content_length,SUPPRESSED BY FILTER (Noise / False Alarm Prevented),Actuator Shutdown / Operator Fatigue Prevented
308,2026-08-23 11:44:30,Ransomware,Ransomware,99.96,0.0,0.0,95988.5251,PASS,High-fidelity alert: Confidence (100.0%) meets threshold and features ['tcp.len'] match known domain mechanics.,tcp.len,DISPATCHED TO SOC OPERATOR (Verified Incident),Critical Threat Intercepted
309,2026-08-23 11:44:31,Normal,Normal,99.96,4.0,3.61,1764.0317,NORMAL,Traffic classified as normal baseline behavior,tcp.dstport,HEALTHY BASELINE (Normal Operation Preserved),Normal Dynamics Maintained
310,2026-08-23 11:44:31,DDoS_TCP,DDoS_TCP,99.97,120.0,3.29,44114856.2859,PASS,High-fidelity alert: Confidence (100.0%) meets threshold and features ['tcp.flags'] match known domain mechanics.,tcp.flags,DISPATCHED TO SOC OPERATOR (Verified Incident),Critical Threat Intercepted
311,2026-08-23 11:44:32,DDoS_UDP,DDoS_UDP,99.96,0.0,0.0,75062.9704,PASS,High-fidelity alert: Confidence (100.0%) meets threshold and features ['udp.port'] match known domain mechanics.,udp.port,DISPATCHED TO SOC OPERATOR (Verified Incident),Critical Threat Intercepted
312,2026-08-23 11:44:32,Uploading,Uploading,98.29,0.0,0.0,3131.5028,PASS,High-fidelity alert: Confidence (98.3%) meets threshold and features ['tcp.len'] match known domain mechanics.,tcp.len,DISPATCHED TO SOC OPERATOR (Verified Incident),Critical Threat Intercepted
313,2026-08-23 11:44:33,DDoS_UDP,DDoS_UDP,99.95,0.0,0.0,634452.409,PASS,High-fidelity alert: Confidence (100.0%) meets threshold and features ['udp.port'] match known domain mechanics.,udp.port,DISPATCHED TO SOC OPERATOR (Verified Incident),Critical Threat Intercepted
314,2026-08-23 11:44:33,MITM,MITM,99.77,5353.0,0.0,7905.0694,PASS,High-fidelity alert: Confidence (99.8%) meets threshold and features ['arp.opcode'] match known domain mechanics.,arp.opcode,DISPATCHED TO SOC OPERATOR (Verified Incident),Critical Threat Intercepted
315,2026-08-23 11:44:34,SQL_injection,SQL_injection,67.71,0.0,0.0,782.0544,PASS,High-fidelity alert: Confidence (67.7%) meets threshold and features ['http.content_length'] match known domain mechanics.,http.content_length,DISPATCHED TO SOC OPERATOR (Verified Incident),Critical Threat Intercepted
316,2026-08-23 11:44:34,MITM,MITM,99.85,5353.0,0.0,7878.6886,PASS,High-fidelity alert: Confidence (99.9%) meets threshold and features ['arp.opcode'] match known domain mechanics.,arp.opcode,DISPATCHED TO SOC OPERATOR (Verified Incident),Critical Threat Intercepted
317,2026-08-23 11:44:35,MITM,MITM,99.89,5353.0,0.0,7965.4412,PASS,High-fidelity alert: Confidence (99.9%) meets threshold and features ['arp.opcode'] match known domain mechanics.,arp.opcode,DISPATCHED TO SOC OPERATOR (Verified Incident),Critical Threat Intercepted
318,2026-08-23 11:44:35,Normal,Normal,99.87,0.0,0.0,6233.9175,NORMAL,Traffic classified as normal baseline behavior,tcp.dstport,HEALTHY BASELINE (Normal Operation Preserved),Normal Dynamics Maintained
319,2026-08-23 11:44:36,DDoS_ICMP,DDoS_ICMP,99.94,0.0,0.0,17683.7934,PASS,High-fidelity alert: Confidence (99.9%) meets threshold and features ['icmp.checksum'] match known domain mechanics.,icmp.checksum,DISPATCHED TO SOC OPERATOR (Verified Incident),Critical Threat Intercepted
320,2026-08-23 11:44:36,Ransomware,Ransomware,99.93,0.0,0.0,171179.5559,PASS,High-fidelity alert: Confidence (99.9%) meets threshold and features ['tcp.len'] match known domain mechanics.,tcp.len,DISPATCHED TO SOC OPERATOR (Verified Incident),Critical Threat Intercepted
321,2026-08-23 11:44:37,Port_Scanning,Ransomware,51.87,0.0,0.0,7374.7637,SUPPRESS,Alert suppressed: Low model confidence (51.9% < 65.0%).,tcp.len,SUPPRESSED BY FILTER (Noise / False Alarm Prevented),Actuator Shutdown / Operator Fatigue Prevented
322,2026-08-23 11:44:37,SQL_injection,SQL_injection,74.97,0.0,0.0,6739.3931,PASS,High-fidelity alert: Confidence (75.0%) meets threshold and features ['http.content_length'] match known domain mechanics.,http.content_length,DISPATCHED TO SOC OPERATOR (Verified Incident),Critical Threat Intercepted
323,2026-08-23 11:44:38,MITM,MITM,99.83,5353.0,2.89,2786.9784,PASS,High-fidelity alert: Confidence (99.8%) meets threshold and features ['arp.opcode'] match known domain mechanics.,arp.opcode,DISPATCHED TO SOC OPERATOR (Verified Incident),Critical Threat Intercepted
324,2026-08-23 11:44:38,Password,Password,98.36,0.0,0.0,3201.56,PASS,High-fidelity alert: Confidence (98.4%) meets threshold and features ['tcp.dstport'] match known domain mechanics.,tcp.dstport,DISPATCHED TO SOC OPERATOR (Verified Incident),Critical Threat Intercepted
325,2026-08-23 11:44:39,Password,Password,98.6,0.0,0.0,704.4091,PASS,High-fidelity alert: Confidence (98.6%) meets threshold and features ['tcp.dstport'] match known domain mechanics.,tcp.dstport,DISPATCHED TO SOC OPERATOR (Verified Incident),Critical Threat Intercepted
326,2026-08-23 11:44:39,XSS,XSS,99.91,0.0,0.0,5207.307,PASS,High-fidelity alert: Confidence (99.9%) meets threshold and features ['http.content_length'] match known domain mechanics.,http.content_length,DISPATCHED TO SOC OPERATOR (Verified Incident),Critical Threat Intercepted
327,2026-08-23 11:44:40,Backdoor,Backdoor,99.93,224.0,1.11,145223.0869,PASS,High-fidelity alert: Confidence (99.9%) meets threshold and features ['tcp.dstport'] match known domain mechanics.,tcp.dstport,DISPATCHED TO SOC OPERATOR (Verified Incident),Critical Threat Intercepted
328,2026-08-23 11:44:40,XSS,XSS,68.64,0.0,0.0,3816.2317,PASS,High-fidelity alert: Confidence (68.6%) meets threshold and features ['http.content_length'] match known domain mechanics.,http.content_length,DISPATCHED TO SOC OPERATOR (Verified Incident),Critical Threat Intercepted
329,2026-08-23 11:44:41,DDoS_ICMP,DDoS_ICMP,99.95,0.0,0.0,7996.652,PASS,High-fidelity alert: Confidence (99.9%) meets threshold and features ['icmp.checksum'] match known domain mechanics.,icmp.checksum,DISPATCHED TO SOC OPERATOR (Verified Incident),Critical Threat Intercepted
330,2026-08-23 11:44:41,DDoS_ICMP,DDoS_ICMP,99.95,0.0,0.0,14104.0187,PASS,High-fidelity alert: Confidence (99.9%) meets threshold and features ['icmp.checksum'] match known domain mechanics.,icmp.checksum,DISPATCHED TO SOC OPERATOR (Verified Incident),Critical Threat Intercepted
331,2026-08-23 11:44:42,XSS,XSS,95.97,0.0,0.0,4877.8933,PASS,High-fidelity alert: Confidence (96.0%) meets threshold and features ['http.content_length'] match known domain mechanics.,http.content_length,DISPATCHED TO SOC OPERATOR (Verified Incident),Critical Threat Intercepted
332,2026-08-23 11:44:42,Password,Ransomware,31.87,0.0,0.0,2321.8765,SUPPRESS,Alert suppressed: Low model confidence (31.9% < 65.0%).,tcp.len,SUPPRESSED BY FILTER (Noise / False Alarm Prevented),Actuator Shutdown / Operator Fatigue Prevented
333,2026-08-23 11:44:43,XSS,MITM,25.17,0.0,0.0,3044.3399,SUPPRESS,Alert suppressed: Low model confidence (25.2% < 65.0%).,arp.opcode,SUPPRESSED BY FILTER (Noise / False Alarm Prevented),Actuator Shutdown / Operator Fatigue Prevented
334,2026-08-23 11:44:43,Port_Scanning,Port_Scanning,99.84,0.0,0.0,2863.1601,PASS,High-fidelity alert: Confidence (99.8%) meets threshold and features ['tcp.dstport'] match known domain mechanics.,tcp.dstport,DISPATCHED TO SOC OPERATOR (Verified Incident),Critical Threat Intercepted
335,2026-08-23 11:44:44,Fingerprinting,MITM,35.72,0.0,0.0,957.9678,SUPPRESS,Alert suppressed: Low model confidence (35.7% < 65.0%).,arp.opcode,SUPPRESSED BY FILTER (Noise / False Alarm Prevented),Actuator Shutdown / Operator Fatigue Prevented
336,2026-08-23 11:44:44,Ransomware,Ransomware,99.96,464.0,3.68,127137.1529,PASS,High-fidelity alert: Confidence (100.0%) meets threshold and features ['tcp.len'] match known domain mechanics.,tcp.len,DISPATCHED TO SOC OPERATOR (Verified Incident),Critical Threat Intercepted
337,2026-08-23 11:44:45,DDoS_ICMP,DDoS_ICMP,99.93,0.0,0.0,6813.5424,PASS,High-fidelity alert: Confidence (99.9%) meets threshold and features ['icmp.checksum'] match known domain mechanics.,icmp.checksum,DISPATCHED TO SOC OPERATOR (Verified Incident),Critical Threat Intercepted
338,2026-08-23 11:44:45,DDoS_HTTP,DDoS_HTTP,81.43,0.0,0.0,95.068,PASS,High-fidelity alert: Confidence (81.4%) meets threshold and features ['http.content_length'] match known domain mechanics.,http.content_length,DISPATCHED TO SOC OPERATOR (Verified Incident),Critical Threat Intercepted
339,2026-08-23 11:44:46,MITM,MITM,99.81,5353.0,8.95,3171.5017,PASS,High-fidelity alert: Confidence (99.8%) meets threshold and features ['arp.opcode'] match known domain mechanics.,arp.opcode,DISPATCHED TO SOC OPERATOR (Verified Incident),Critical Threat Intercepted
340,2026-08-23 11:44:46,Fingerprinting,Fingerprinting,98.63,0.0,0.0,3588.1086,PASS,High-fidelity alert: Confidence (98.6%) meets threshold and features ['tcp.flags'] match known domain mechanics.,tcp.flags,DISPATCHED TO SOC OPERATOR (Verified Incident),Critical Threat Intercepted
341,2026-08-23 11:44:47,DDoS_HTTP,DDoS_HTTP,98.31,0.0,0.0,4070.973,PASS,High-fidelity alert: Confidence (98.3%) meets threshold and features ['http.content_length'] match known domain mechanics.,http.content_length,DISPATCHED TO SOC OPERATOR (Verified Incident),Critical Threat Intercepted
342,2026-08-23 11:44:47,Fingerprinting,Fingerprinting,99.22,0.0,0.0,8412.7865,PASS,High-fidelity alert: Confidence (99.2%) meets threshold and features ['tcp.flags'] match known domain mechanics.,tcp.flags,DISPATCHED TO SOC OPERATOR (Verified Incident),Critical Threat Intercepted
343,2026-08-23 11:44:48,Ransomware,Ransomware,99.97,464.0,0.0,56294.0654,PASS,High-fidelity alert: Confidence (100.0%) meets threshold and features ['tcp.len'] match known domain mechanics.,tcp.len,DISPATCHED TO SOC OPERATOR (Verified Incident),Critical Threat Intercepted
344,2026-08-23 11:44:48,SQL_injection,SQL_injection,99.86,0.0,0.0,3831.8146,PASS,High-fidelity alert: Confidence (99.9%) meets threshold and features ['http.content_length'] match known domain mechanics.,http.content_length,DISPATCHED TO SOC OPERATOR (Verified Incident),Critical Threat Intercepted
345,2026-08-23 11:44:49,SQL_injection,DDoS_HTTP,49.44,0.0,0.0,3998.225,SUPPRESS,Alert suppressed: Low model confidence (49.4% < 65.0%).,http.content_length,SUPPRESSED BY FILTER (Noise / False Alarm Prevented),Actuator Shutdown / Operator Fatigue Prevented
346,2026-08-23 11:44:49,Port_Scanning,Port_Scanning,99.92,0.0,0.0,224881090.9374,PASS,High-fidelity alert: Confidence (99.9%) meets threshold and features ['tcp.dstport'] match known domain mechanics.,tcp.dstport,DISPATCHED TO SOC OPERATOR (Verified Incident),Critical Threat Intercepted
347,2026-08-23 11:44:50,DDoS_ICMP,DDoS_ICMP,99.95,0.0,0.0,7067.6794,PASS,High-fidelity alert: Confidence (100.0%) meets threshold and features ['icmp.checksum'] match known domain mechanics.,icmp.checksum,DISPATCHED TO SOC OPERATOR (Verified Incident),Critical Threat Intercepted
348,2026-08-23 11:44:50,Password,Password,98.65,1448.0,3.17,1075.7886,PASS,High-fidelity alert: Confidence (98.7%) meets threshold and features ['tcp.dstport'] match known domain mechanics.,tcp.dstport,DISPATCHED TO SOC OPERATOR (Verified Incident),Critical Threat Intercepted
349,2026-08-23 11:44:51,DDoS_TCP,DDoS_TCP,99.95,120.0,5.84,162314387.726,PASS,High-fidelity alert: Confidence (100.0%) meets threshold and features ['tcp.flags'] match known domain mechanics.,tcp.flags,DISPATCHED TO SOC OPERATOR (Verified Incident),Critical Threat Intercepted
350,2026-08-23 11:44:51,SQL_injection,SQL_injection,99.13,0.0,0.0,2643.6075,PASS,High-fidelity alert: Confidence (99.1%) meets threshold and features ['http.content_length'] match known domain mechanics.,http.content_length,DISPATCHED TO SOC OPERATOR (Verified Incident),Critical Threat Intercepted
351,2026-08-23 11:44:52,Backdoor,Backdoor,99.96,304.0,0.96,208455.3113,PASS,High-fidelity alert: Confidence (100.0%) meets threshold and features ['tcp.dstport'] match known domain mechanics.,tcp.dstport,DISPATCHED TO SOC OPERATOR (Verified Incident),Critical Threat Intercepted
352,2026-08-23 11:44:52,Fingerprinting,Ransomware,30.4,0.0,0.0,2427.0716,SUPPRESS,Alert suppressed: Low model confidence (30.4% < 65.0%).,tcp.len,SUPPRESSED BY FILTER (Noise / False Alarm Prevented),Actuator Shutdown / Operator Fatigue Prevented
353,2026-08-23 11:44:53,DDoS_ICMP,DDoS_ICMP,99.95,0.0,0.0,10099.7994,PASS,High-fidelity alert: Confidence (99.9%) meets threshold and features ['icmp.checksum'] match known domain mechanics.,icmp.checksum,DISPATCHED TO SOC OPERATOR (Verified Incident),Critical Threat Intercepted
354,2026-08-23 11:44:53,Ransomware,Ransomware,99.56,0.0,0.0,3329.8279,PASS,High-fidelity alert: Confidence (99.6%) meets threshold and features ['tcp.len'] match known domain mechanics.,tcp.len,DISPATCHED TO SOC OPERATOR (Verified Incident),Critical Threat Intercepted
355,2026-08-23 11:44:54,Port_Scanning,Port_Scanning,99.81,0.0,0.0,747461.6833,PASS,High-fidelity alert: Confidence (99.8%) meets threshold and features ['tcp.dstport'] match known domain mechanics.,tcp.dstport,DISPATCHED TO SOC OPERATOR (Verified Incident),Critical Threat Intercepted
356,2026-08-23 11:44:54,Password,SQL_injection,63.65,0.0,0.0,1715.3277,SUPPRESS,Alert suppressed: Low model confidence (63.6% < 65.0%).,http.content_length,SUPPRESSED BY FILTER (Noise / False Alarm Prevented),Actuator Shutdown / Operator Fatigue Prevented
357,2026-08-23 11:44:55,MITM,MITM,33.42,0.0,0.0,3158.2143,SUPPRESS,Alert suppressed: Low model confidence (33.4% < 65.0%).,arp.opcode,SUPPRESSED BY FILTER (Noise / False Alarm Prevented),Actuator Shutdown / Operator Fatigue Prevented
358,2026-08-23 11:44:55,Port_Scanning,Port_Scanning,99.93,0.0,0.0,206977242.9968,PASS,High-fidelity alert: Confidence (99.9%) meets threshold and features ['tcp.dstport'] match known domain mechanics.,tcp.dstport,DISPATCHED TO SOC OPERATOR (Verified Incident),Critical Threat Intercepted
359,2026-08-23 11:44:56,MITM,MITM,99.87,5353.0,1.76,2846.9381,PASS,High-fidelity alert: Confidence (99.9%) meets threshold and features ['arp.opcode'] match known domain mechanics.,arp.opcode,DISPATCHED TO SOC OPERATOR (Verified Incident),Critical Threat Intercepted
360,2026-08-23 11:44:56,DDoS_HTTP,XSS,45.52,0.0,0.0,1161.3918,SUPPRESS,Alert suppressed: Low model confidence (45.5% < 65.0%).,http.content_length,SUPPRESSED BY FILTER (Noise / False Alarm Prevented),Actuator Shutdown / Operator Fatigue Prevented
361,2026-08-23 11:44:57,Normal,Normal,99.91,0.0,0.0,1021.7139,NORMAL,Traffic classified as normal baseline behavior,tcp.dstport,HEALTHY BASELINE (Normal Operation Preserved),Normal Dynamics Maintained
362,2026-08-23 11:44:57,Port_Scanning,Port_Scanning,99.93,0.0,0.0,55602349.2456,PASS,High-fidelity alert: Confidence (99.9%) meets threshold and features ['tcp.dstport'] match known domain mechanics.,tcp.dstport,DISPATCHED TO SOC OPERATOR (Verified Incident),Critical Threat Intercepted
363,2026-08-23 11:44:58,SQL_injection,SQL_injection,99.81,0.0,0.0,824.1538,PASS,High-fidelity alert: Confidence (99.8%) meets threshold and features ['http.content_length'] match known domain mechanics.,http.content_length,DISPATCHED TO SOC OPERATOR (Verified Incident),Critical Threat Intercepted
364,2026-08-23 11:44:58,Uploading,Uploading,99.64,0.0,0.0,597.486,PASS,High-fidelity alert: Confidence (99.6%) meets threshold and features ['tcp.len'] match known domain mechanics.,tcp.len,DISPATCHED TO SOC OPERATOR (Verified Incident),Critical Threat Intercepted
365,2026-08-23 11:44:59,Ransomware,Ransomware,99.96,0.0,0.0,36399.8488,PASS,High-fidelity alert: Confidence (100.0%) meets threshold and features ['tcp.len'] match known domain mechanics.,tcp.len,DISPATCHED TO SOC OPERATOR (Verified Incident),Critical Threat Intercepted
366,2026-08-23 11:44:59,Port_Scanning,Port_Scanning,46.47,0.0,0.0,2442.9664,SUPPRESS,Alert suppressed: Low model confidence (46.5% < 65.0%).,tcp.dstport,SUPPRESSED BY FILTER (Noise / False Alarm Prevented),Actuator Shutdown / Operator Fatigue Prevented
367,2026-08-23 11:45:00,Backdoor,Backdoor,98.66,0.0,0.0,860.1155,PASS,High-fidelity alert: Confidence (98.7%) meets threshold and features ['tcp.dstport'] match known domain mechanics.,tcp.dstport,DISPATCHED TO SOC OPERATOR (Verified Incident),Critical Threat Intercepted
368,2026-08-23 11:45:00,Normal,Normal,99.82,0.0,0.0,5317.7236,NORMAL,Traffic classified as normal baseline behavior,tcp.dstport,HEALTHY BASELINE (Normal Operation Preserved),Normal Dynamics Maintained
369,2026-08-23 11:45:01,Backdoor,Backdoor,99.95,0.0,0.0,120753.0955,PASS,High-fidelity alert: Confidence (99.9%) meets threshold and features ['tcp.dstport'] match known domain mechanics.,tcp.dstport,DISPATCHED TO SOC OPERATOR (Verified Incident),Critical Threat Intercepted
370,2026-08-23 11:45:01,Uploading,Uploading,99.42,0.0,0.0,3371.8349,PASS,High-fidelity alert: Confidence (99.4%) meets threshold and features ['tcp.len'] match known domain mechanics.,tcp.len,DISPATCHED TO SOC OPERATOR (Verified Incident),Critical Threat Intercepted
371,2026-08-23 11:45:02,DDoS_HTTP,DDoS_HTTP,50.49,0.0,0.0,405.5332,SUPPRESS,Alert suppressed: Low model confidence (50.5% < 65.0%).,http.content_length,SUPPRESSED BY FILTER (Noise / False Alarm Prevented),Actuator Shutdown / Operator Fatigue Prevented
372,2026-08-23 11:45:02,SQL_injection,SQL_injection,98.72,356.0,1.95,2000.5174,PASS,High-fidelity alert: Confidence (98.7%) meets threshold and features ['http.content_length'] match known domain mechanics.,http.content_length,DISPATCHED TO SOC OPERATOR (Verified Incident),Critical Threat Intercepted
373,2026-08-23 11:45:03,SQL_injection,SQL_injection,68.66,0.0,0.0,3502.0819,PASS,High-fidelity alert: Confidence (68.7%) meets threshold and features ['http.content_length'] match known domain mechanics.,http.content_length,DISPATCHED TO SOC OPERATOR (Verified Incident),Critical Threat Intercepted
374,2026-08-23 11:45:03,Port_Scanning,Port_Scanning,99.87,0.0,0.0,166.9074,PASS,High-fidelity alert: Confidence (99.9%) meets threshold and features ['tcp.dstport'] match known domain mechanics.,tcp.dstport,DISPATCHED TO SOC OPERATOR (Verified Incident),Critical Threat Intercepted
375,2026-08-23 11:45:04,Ransomware,Ransomware,99.96,464.0,2.59,57837.6467,PASS,High-fidelity alert: Confidence (100.0%) meets threshold and features ['tcp.len'] match known domain mechanics.,tcp.len,DISPATCHED TO SOC OPERATOR (Verified Incident),Critical Threat Intercepted
376,2026-08-23 11:45:04,Password,Password,98.57,1448.0,2.39,3452.0445,PASS,High-fidelity alert: Confidence (98.6%) meets threshold and features ['tcp.dstport'] match known domain mechanics.,tcp.dstport,DISPATCHED TO SOC OPERATOR (Verified Incident),Critical Threat Intercepted
377,2026-08-23 11:45:05,Uploading,Uploading,99.34,1448.0,2.48,4375.8891,PASS,High-fidelity alert: Confidence (99.3%) meets threshold and features ['tcp.len'] match known domain mechanics.,tcp.len,DISPATCHED TO SOC OPERATOR (Verified Incident),Critical Threat Intercepted
378,2026-08-23 11:45:05,XSS,XSS,56.2,0.0,0.0,3802.945,SUPPRESS,Alert suppressed: Low model confidence (56.2% < 65.0%).,http.content_length,SUPPRESSED BY FILTER (Noise / False Alarm Prevented),Actuator Shutdown / Operator Fatigue Prevented
379,2026-08-23 11:45:06,XSS,XSS,99.65,0.0,0.0,2932.0209,PASS,High-fidelity alert: Confidence (99.7%) meets threshold and features ['http.content_length'] match known domain mechanics.,http.content_length,DISPATCHED TO SOC OPERATOR (Verified Incident),Critical Threat Intercepted
380,2026-08-23 11:45:06,DDoS_HTTP,DDoS_HTTP,99.8,24.0,2.69,1959.9787,PASS,High-fidelity alert: Confidence (99.8%) meets threshold and features ['http.content_length'] match known domain mechanics.,http.content_length,DISPATCHED TO SOC OPERATOR (Verified Incident),Critical Threat Intercepted
381,2026-08-23 11:45:07,Vulnerability_scanner,DDoS_HTTP,91.26,0.0,0.0,1944.3063,PASS,High-fidelity alert: Confidence (91.3%) meets threshold and features ['http.content_length'] match known domain mechanics.,http.content_length,DISPATCHED TO SOC OPERATOR (Verified Incident),Critical Threat Intercepted
382,2026-08-23 11:45:07,Uploading,Uploading,99.81,144.0,1.38,7283.4337,PASS,High-fidelity alert: Confidence (99.8%) meets threshold and features ['tcp.len'] match known domain mechanics.,tcp.len,DISPATCHED TO SOC OPERATOR (Verified Incident),Critical Threat Intercepted
383,2026-08-23 11:45:08,Ransomware,Ransomware,99.96,0.0,0.0,124611.8059,PASS,High-fidelity alert: Confidence (100.0%) meets threshold and features ['tcp.len'] match known domain mechanics.,tcp.len,DISPATCHED TO SOC OPERATOR (Verified Incident),Critical Threat Intercepted
384,2026-08-23 11:45:08,Port_Scanning,Port_Scanning,99.87,0.0,0.0,239.0987,PASS,High-fidelity alert: Confidence (99.9%) meets threshold and features ['tcp.dstport'] match known domain mechanics.,tcp.dstport,DISPATCHED TO SOC OPERATOR (Verified Incident),Critical Threat Intercepted
385,2026-08-23 11:45:09,Password,Password,94.83,0.0,0.0,837.43,PASS,High-fidelity alert: Confidence (94.8%) meets threshold and features ['tcp.dstport'] match known domain mechanics.,tcp.dstport,DISPATCHED TO SOC OPERATOR (Verified Incident),Critical Threat Intercepted
386,2026-08-23 11:45:09,DDoS_TCP,DDoS_TCP,99.95,120.0,3.17,122150457.9655,PASS,High-fidelity alert: Confidence (100.0%) meets threshold and features ['tcp.flags'] match known domain mechanics.,tcp.flags,DISPATCHED TO SOC OPERATOR (Verified Incident),Critical Threat Intercepted
387,2026-08-23 11:45:10,SQL_injection,SQL_injection,99.44,0.0,0.0,1412.1979,PASS,High-fidelity alert: Confidence (99.4%) meets threshold and features ['http.content_length'] match known domain mechanics.,http.content_length,DISPATCHED TO SOC OPERATOR (Verified Incident),Critical Threat Intercepted
388,2026-08-23 11:45:10,SQL_injection,SQL_injection,83.36,0.0,0.0,2989.0039,PASS,High-fidelity alert: Confidence (83.4%) meets threshold and features ['http.content_length'] match known domain mechanics.,http.content_length,DISPATCHED TO SOC OPERATOR (Verified Incident),Critical Threat Intercepted
389,2026-08-23 11:45:11,DDoS_TCP,DDoS_TCP,99.85,0.0,0.0,1643.116,PASS,High-fidelity alert: Confidence (99.9%) meets threshold and features ['tcp.flags'] match known domain mechanics.,tcp.flags,DISPATCHED TO SOC OPERATOR (Verified Incident),Critical Threat Intercepted
390,2026-08-23 11:45:11,Ransomware,Ransomware,99.71,0.0,0.0,2700.5764,PASS,High-fidelity alert: Confidence (99.7%) meets threshold and features ['tcp.len'] match known domain mechanics.,tcp.len,DISPATCHED TO SOC OPERATOR (Verified Incident),Critical Threat Intercepted
391,2026-08-23 11:45:12,MITM,MITM,99.84,57045.0,2.09,9341.4947,PASS,High-fidelity alert: Confidence (99.8%) meets threshold and features ['arp.opcode'] match known domain mechanics.,arp.opcode,DISPATCHED TO SOC OPERATOR (Verified Incident),Critical Threat Intercepted
392,2026-08-23 11:45:12,Port_Scanning,Ransomware,70.61,0.0,0.0,7327.9435,PASS,High-fidelity alert: Confidence (70.6%) meets threshold and features ['tcp.len'] match known domain mechanics.,tcp.len,DISPATCHED TO SOC OPERATOR (Verified Incident),Critical Threat Intercepted
393,2026-08-23 11:45:13,Uploading,Uploading,99.39,0.0,0.0,7073.0204,PASS,High-fidelity alert: Confidence (99.4%) meets threshold and features ['tcp.len'] match known domain mechanics.,tcp.len,DISPATCHED TO SOC OPERATOR (Verified Incident),Critical Threat Intercepted
394,2026-08-23 11:45:13,Fingerprinting,Fingerprinting,99.23,0.0,0.0,10245.9205,PASS,High-fidelity alert: Confidence (99.2%) meets threshold and features ['tcp.flags'] match known domain mechanics.,tcp.flags,DISPATCHED TO SOC OPERATOR (Verified Incident),Critical Threat Intercepted
395,2026-08-23 11:45:14,Uploading,Uploading,94.12,0.0,0.0,7240.4912,PASS,High-fidelity alert: Confidence (94.1%) meets threshold and features ['tcp.len'] match known domain mechanics.,tcp.len,DISPATCHED TO SOC OPERATOR (Verified Incident),Critical Threat Intercepted
396,2026-08-23 11:45:14,MITM,Ransomware,34.67,0.0,0.0,14900.4452,SUPPRESS,Alert suppressed: Low model confidence (34.7% < 65.0%).,tcp.len,SUPPRESSED BY FILTER (Noise / False Alarm Prevented),Actuator Shutdown / Operator Fatigue Prevented
397,2026-08-23 11:45:15,DDoS_ICMP,DDoS_ICMP,99.95,0.0,0.0,10435.7963,PASS,High-fidelity alert: Confidence (99.9%) meets threshold and features ['icmp.checksum'] match known domain mechanics.,icmp.checksum,DISPATCHED TO SOC OPERATOR (Verified Incident),Critical Threat Intercepted
398,2026-08-23 11:45:15,Vulnerability_scanner,Vulnerability_scanner,97.85,0.0,0.0,1037.5201,PASS,High-fidelity alert: Confidence (97.8%) meets threshold and features ['http.content_length'] match known domain mechanics.,http.content_length,DISPATCHED TO SOC OPERATOR (Verified Incident),Critical Threat Intercepted
399,2026-08-23 11:45:16,XSS,Uploading,38.03,0.0,0.0,2984.6656,SUPPRESS,Alert suppressed: Low model confidence (38.0% < 65.0%).,tcp.len,SUPPRESSED BY FILTER (Noise / False Alarm Prevented),Actuator Shutdown / Operator Fatigue Prevented
400,2026-08-23 11:45:16,Normal,Normal,99.96,1440.0,6.75,14565626.9098,NORMAL,Traffic classified as normal baseline behavior,tcp.dstport,HEALTHY BASELINE (Normal Operation Preserved),Normal Dynamics Maintained
401,2026-08-23 11:45:17,Port_Scanning,Port_Scanning,99.87,0.0,0.0,3360.1247,PASS,High-fidelity alert: Confidence (99.9%) meets threshold and features ['tcp.dstport'] match known domain mechanics.,tcp.dstport,DISPATCHED TO SOC OPERATOR (Verified Incident),Critical Threat Intercepted
402,2026-08-23 11:45:17,DDoS_UDP,DDoS_UDP,99.93,0.0,0.0,4289.556,PASS,High-fidelity alert: Confidence (99.9%) meets threshold and features ['udp.port'] match known domain mechanics.,udp.port,DISPATCHED TO SOC OPERATOR (Verified Incident),Critical Threat Intercepted
403,2026-08-23 11:45:18,XSS,XSS,99.9,0.0,0.0,6071.3968,PASS,High-fidelity alert: Confidence (99.9%) meets threshold and features ['http.content_length'] match known domain mechanics.,http.content_length,DISPATCHED TO SOC OPERATOR (Verified Incident),Critical Threat Intercepted
404,2026-08-23 11:45:18,Uploading,Uploading,99.65,0.0,0.0,23346.4101,PASS,High-fidelity alert: Confidence (99.6%) meets threshold and features ['tcp.len'] match known domain mechanics.,tcp.len,DISPATCHED TO SOC OPERATOR (Verified Incident),Critical Threat Intercepted
405,2026-08-23 11:45:19,DDoS_TCP,DDoS_TCP,99.85,0.0,0.0,2417.8052,PASS,High-fidelity alert: Confidence (99.9%) meets threshold and features ['tcp.flags'] match known domain mechanics.,tcp.flags,DISPATCHED TO SOC OPERATOR (Verified Incident),Critical Threat Intercepted
406,2026-08-23 11:45:19,Password,Password,93.25,0.0,0.0,3494.4807,PASS,High-fidelity alert: Confidence (93.2%) meets threshold and features ['tcp.dstport'] match known domain mechanics.,tcp.dstport,DISPATCHED TO SOC OPERATOR (Verified Incident),Critical Threat Intercepted
407,2026-08-23 11:45:20,DDoS_TCP,DDoS_TCP,99.95,120.0,0.09,217514836.6662,PASS,High-fidelity alert: Confidence (99.9%) meets threshold and features ['tcp.flags'] match known domain mechanics.,tcp.flags,DISPATCHED TO SOC OPERATOR (Verified Incident),Critical Threat Intercepted
408,2026-08-23 11:45:20,DDoS_TCP,DDoS_TCP,99.92,120.0,2.49,193148231.8241,PASS,High-fidelity alert: Confidence (99.9%) meets threshold and features ['tcp.flags'] match known domain mechanics.,tcp.flags,DISPATCHED TO SOC OPERATOR (Verified Incident),Critical Threat Intercepted
409,2026-08-23 11:45:21,Backdoor,Backdoor,99.96,0.0,0.0,162485.0005,PASS,High-fidelity alert: Confidence (100.0%) meets threshold and features ['tcp.dstport'] match known domain mechanics.,tcp.dstport,DISPATCHED TO SOC OPERATOR (Verified Incident),Critical Threat Intercepted
410,2026-08-23 11:45:21,Vulnerability_scanner,Vulnerability_scanner,99.84,0.0,0.0,4413.6478,PASS,High-fidelity alert: Confidence (99.8%) meets threshold and features ['http.content_length'] match known domain mechanics.,http.content_length,DISPATCHED TO SOC OPERATOR (Verified Incident),Critical Threat Intercepted
411,2026-08-23 11:45:22,SQL_injection,SQL_injection,99.82,0.0,0.0,2430.4782,PASS,High-fidelity alert: Confidence (99.8%) meets threshold and features ['http.content_length'] match known domain mechanics.,http.content_length,DISPATCHED TO SOC OPERATOR (Verified Incident),Critical Threat Intercepted
412,2026-08-23 11:45:22,DDoS_TCP,DDoS_TCP,99.91,0.0,0.0,4090.312,PASS,High-fidelity alert: Confidence (99.9%) meets threshold and features ['tcp.flags'] match known domain mechanics.,tcp.flags,DISPATCHED TO SOC OPERATOR (Verified Incident),Critical Threat Intercepted
413,2026-08-23 11:45:23,Port_Scanning,Port_Scanning,99.86,0.0,0.0,1470.2782,PASS,High-fidelity alert: Confidence (99.9%) meets threshold and features ['tcp.dstport'] match known domain mechanics.,tcp.dstport,DISPATCHED TO SOC OPERATOR (Verified Incident),Critical Threat Intercepted
414,2026-08-23 11:45:23,DDoS_HTTP,DDoS_HTTP,99.68,22.0,1.88,2568.3617,PASS,High-fidelity alert: Confidence (99.7%) meets threshold and features ['http.content_length'] match known domain mechanics.,http.content_length,DISPATCHED TO SOC OPERATOR (Verified Incident),Critical Threat Intercepted
415,2026-08-23 11:45:24,Normal,Normal,99.88,0.0,0.0,785.8512,NORMAL,Traffic classified as normal baseline behavior,tcp.dstport,HEALTHY BASELINE (Normal Operation Preserved),Normal Dynamics Maintained
416,2026-08-23 11:45:24,MITM,MITM,35.08,0.0,0.0,2444.735,SUPPRESS,Alert suppressed: Low model confidence (35.1% < 65.0%).,arp.opcode,SUPPRESSED BY FILTER (Noise / False Alarm Prevented),Actuator Shutdown / Operator Fatigue Prevented
417,2026-08-23 11:45:25,DDoS_HTTP,DDoS_HTTP,49.09,0.0,0.0,3942.1367,SUPPRESS,Alert suppressed: Low model confidence (49.1% < 65.0%).,http.content_length,SUPPRESSED BY FILTER (Noise / False Alarm Prevented),Actuator Shutdown / Operator Fatigue Prevented
418,2026-08-23 11:45:25,SQL_injection,SQL_injection,99.79,0.0,0.0,4971.3203,PASS,High-fidelity alert: Confidence (99.8%) meets threshold and features ['http.content_length'] match known domain mechanics.,http.content_length,DISPATCHED TO SOC OPERATOR (Verified Incident),Critical Threat Intercepted
419,2026-08-23 11:45:26,MITM,MITM,99.84,5353.0,4.46,2877.2459,PASS,High-fidelity alert: Confidence (99.8%) meets threshold and features ['arp.opcode'] match known domain mechanics.,arp.opcode,DISPATCHED TO SOC OPERATOR (Verified Incident),Critical Threat Intercepted
420,2026-08-23 11:45:26,Vulnerability_scanner,Vulnerability_scanner,99.96,315.0,4.67,7073.7925,PASS,High-fidelity alert: Confidence (100.0%) meets threshold and features ['http.content_length'] match known domain mechanics.,http.content_length,DISPATCHED TO SOC OPERATOR (Verified Incident),Critical Threat Intercepted
421,2026-08-23 11:45:27,DDoS_ICMP,DDoS_ICMP,99.95,0.0,0.0,3842.514,PASS,High-fidelity alert: Confidence (99.9%) meets threshold and features ['icmp.checksum'] match known domain mechanics.,icmp.checksum,DISPATCHED TO SOC OPERATOR (Verified Incident),Critical Threat Intercepted
422,2026-08-23 11:45:27,MITM,Ransomware,27.84,0.0,0.0,1638.9477,SUPPRESS,Alert suppressed: Low model confidence (27.8% < 65.0%).,tcp.len,SUPPRESSED BY FILTER (Noise / False Alarm Prevented),Actuator Shutdown / Operator Fatigue Prevented
423,2026-08-23 11:45:28,DDoS_ICMP,DDoS_ICMP,99.95,0.0,0.0,11983.0842,PASS,High-fidelity alert: Confidence (100.0%) meets threshold and features ['icmp.checksum'] match known domain mechanics.,icmp.checksum,DISPATCHED TO SOC OPERATOR (Verified Incident),Critical Threat Intercepted
424,2026-08-23 11:45:28,Fingerprinting,Fingerprinting,97.3,0.0,0.0,3216.2748,PASS,High-fidelity alert: Confidence (97.3%) meets threshold and features ['tcp.flags'] match known domain mechanics.,tcp.flags,DISPATCHED TO SOC OPERATOR (Verified Incident),Critical Threat Intercepted
425,2026-08-23 11:45:29,Port_Scanning,Port_Scanning,99.72,0.0,0.0,564.281,PASS,High-fidelity alert: Confidence (99.7%) meets threshold and features ['tcp.dstport'] match known domain mechanics.,tcp.dstport,DISPATCHED TO SOC OPERATOR (Verified Incident),Critical Threat Intercepted
426,2026-08-23 11:45:29,Ransomware,Ransomware,99.9,0.0,0.0,2986.7136,PASS,High-fidelity alert: Confidence (99.9%) meets threshold and features ['tcp.len'] match known domain mechanics.,tcp.len,DISPATCHED TO SOC OPERATOR (Verified Incident),Critical Threat Intercepted
427,2026-08-23 11:45:30,Port_Scanning,Port_Scanning,99.87,0.0,0.0,2827.9073,PASS,High-fidelity alert: Confidence (99.9%) meets threshold and features ['tcp.dstport'] match known domain mechanics.,tcp.dstport,DISPATCHED TO SOC OPERATOR (Verified Incident),Critical Threat Intercepted
428,2026-08-23 11:45:30,DDoS_TCP,DDoS_TCP,99.96,120.0,1.01,133023122.2385,PASS,High-fidelity alert: Confidence (100.0%) meets threshold and features ['tcp.flags'] match known domain mechanics.,tcp.flags,DISPATCHED TO SOC OPERATOR (Verified Incident),Critical Threat Intercepted
429,2026-08-23 11:45:31,DDoS_ICMP,DDoS_ICMP,99.95,0.0,0.0,13758.3674,PASS,High-fidelity alert: Confidence (99.9%) meets threshold and features ['icmp.checksum'] match known domain mechanics.,icmp.checksum,DISPATCHED TO SOC OPERATOR (Verified Incident),Critical Threat Intercepted
430,2026-08-23 11:45:31,XSS,XSS,73.87,0.0,0.0,756.3823,PASS,High-fidelity alert: Confidence (73.9%) meets threshold and features ['http.content_length'] match known domain mechanics.,http.content_length,DISPATCHED TO SOC OPERATOR (Verified Incident),Critical Threat Intercepted
431,2026-08-23 11:45:32,Normal,Normal,95.36,0.0,0.0,1017.6669,NORMAL,Traffic classified as normal baseline behavior,tcp.dstport,HEALTHY BASELINE (Normal Operation Preserved),Normal Dynamics Maintained
432,2026-08-23 11:45:32,DDoS_HTTP,DDoS_HTTP,99.46,18.0,4.6,1967.697,PASS,High-fidelity alert: Confidence (99.5%) meets threshold and features ['http.content_length'] match known domain mechanics.,http.content_length,DISPATCHED TO SOC OPERATOR (Verified Incident),Critical Threat Intercepted
433,2026-08-23 11:45:33,DDoS_TCP,DDoS_TCP,99.92,120.0,2.79,189060674.5165,PASS,High-fidelity alert: Confidence (99.9%) meets threshold and features ['tcp.flags'] match known domain mechanics.,tcp.flags,DISPATCHED TO SOC OPERATOR (Verified Incident),Critical Threat Intercepted
434,2026-08-23 11:45:33,DDoS_ICMP,DDoS_ICMP,99.95,0.0,0.0,7522.9519,PASS,High-fidelity alert: Confidence (99.9%) meets threshold and features ['icmp.checksum'] match known domain mechanics.,icmp.checksum,DISPATCHED TO SOC OPERATOR (Verified Incident),Critical Threat Intercepted
435,2026-08-23 11:45:34,Fingerprinting,Fingerprinting,98.39,0.0,0.0,6483.1811,PASS,High-fidelity alert: Confidence (98.4%) meets threshold and features ['tcp.flags'] match known domain mechanics.,tcp.flags,DISPATCHED TO SOC OPERATOR (Verified Incident),Critical Threat Intercepted
436,2026-08-23 11:45:34,Normal,Normal,99.92,0.0,0.0,5463.1171,NORMAL,Traffic classified as normal baseline behavior,tcp.dstport,HEALTHY BASELINE (Normal Operation Preserved),Normal Dynamics Maintained
437,2026-08-23 11:45:35,Port_Scanning,Port_Scanning,53.72,0.0,0.0,2999.5228,SUPPRESS,Alert suppressed: Low model confidence (53.7% < 65.0%).,tcp.dstport,SUPPRESSED BY FILTER (Noise / False Alarm Prevented),Actuator Shutdown / Operator Fatigue Prevented
438,2026-08-23 11:45:35,DDoS_TCP,DDoS_TCP,99.93,120.0,5.3,117475658.766,PASS,High-fidelity alert: Confidence (99.9%) meets threshold and features ['tcp.flags'] match known domain mechanics.,tcp.flags,DISPATCHED TO SOC OPERATOR (Verified Incident),Critical Threat Intercepted
439,2026-08-23 11:45:36,DDoS_HTTP,DDoS_HTTP,44.08,0.0,0.0,1077.3221,SUPPRESS,Alert suppressed: Low model confidence (44.1% < 65.0%).,http.content_length,SUPPRESSED BY FILTER (Noise / False Alarm Prevented),Actuator Shutdown / Operator Fatigue Prevented
440,2026-08-23 11:45:36,Port_Scanning,Port_Scanning,99.94,0.0,0.0,169873828.5996,PASS,High-fidelity alert: Confidence (99.9%) meets threshold and features ['tcp.dstport'] match known domain mechanics.,tcp.dstport,DISPATCHED TO SOC OPERATOR (Verified Incident),Critical Threat Intercepted
441,2026-08-23 11:45:37,SQL_injection,SQL_injection,99.76,0.0,0.0,1412.1818,PASS,High-fidelity alert: Confidence (99.8%) meets threshold and features ['http.content_length'] match known domain mechanics.,http.content_length,DISPATCHED TO SOC OPERATOR (Verified Incident),Critical Threat Intercepted
442,2026-08-23 11:45:37,MITM,MITM,37.88,0.0,0.0,1963.2499,SUPPRESS,Alert suppressed: Low model confidence (37.9% < 65.0%).,arp.opcode,SUPPRESSED BY FILTER (Noise / False Alarm Prevented),Actuator Shutdown / Operator Fatigue Prevented
443,2026-08-23 11:45:38,DDoS_ICMP,DDoS_ICMP,99.95,0.0,0.0,10550.2678,PASS,High-fidelity alert: Confidence (100.0%) meets threshold and features ['icmp.checksum'] match known domain mechanics.,icmp.checksum,DISPATCHED TO SOC OPERATOR (Verified Incident),Critical Threat Intercepted
444,2026-08-23 11:45:38,Vulnerability_scanner,Vulnerability_scanner,99.95,313.0,10.34,7188.6603,PASS,High-fidelity alert: Confidence (99.9%) meets threshold and features ['http.content_length'] match known domain mechanics.,http.content_length,DISPATCHED TO SOC OPERATOR (Verified Incident),Critical Threat Intercepted
445,2026-08-23 11:45:39,DDoS_HTTP,DDoS_HTTP,99.47,19.0,8.28,90.2082,PASS,High-fidelity alert: Confidence (99.5%) meets threshold and features ['http.content_length'] match known domain mechanics.,http.content_length,DISPATCHED TO SOC OPERATOR (Verified Incident),Critical Threat Intercepted
446,2026-08-23 11:45:39,Ransomware,Ransomware,99.95,464.0,8.22,30784.3292,PASS,High-fidelity alert: Confidence (100.0%) meets threshold and features ['tcp.len'] match known domain mechanics.,tcp.len,DISPATCHED TO SOC OPERATOR (Verified Incident),Critical Threat Intercepted
447,2026-08-23 11:45:40,Port_Scanning,Port_Scanning,99.94,0.0,0.0,87782912.6238,PASS,High-fidelity alert: Confidence (99.9%) meets threshold and features ['tcp.dstport'] match known domain mechanics.,tcp.dstport,DISPATCHED TO SOC OPERATOR (Verified Incident),Critical Threat Intercepted
448,2026-08-23 11:45:40,MITM,MITM,30.63,0.0,0.0,1688.5278,SUPPRESS,Alert suppressed: Low model confidence (30.6% < 65.0%).,arp.opcode,SUPPRESSED BY FILTER (Noise / False Alarm Prevented),Actuator Shutdown / Operator Fatigue Prevented
449,2026-08-23 11:45:41,SQL_injection,SQL_injection,64.61,0.0,0.0,3347.5644,SUPPRESS,Alert suppressed: Low model confidence (64.6% < 65.0%).,http.content_length,SUPPRESSED BY FILTER (Noise / False Alarm Prevented),Actuator Shutdown / Operator Fatigue Prevented
450,2026-08-23 11:45:41,XSS,XSS,65.9,0.0,0.0,3276.7346,PASS,High-fidelity alert: Confidence (65.9%) meets threshold and features ['http.content_length'] match known domain mechanics.,http.content_length,DISPATCHED TO SOC OPERATOR (Verified Incident),Critical Threat Intercepted
451,2026-08-23 11:45:42,DDoS_UDP,DDoS_UDP,99.94,0.0,0.0,84018.6828,PASS,High-fidelity alert: Confidence (99.9%) meets threshold and features ['udp.port'] match known domain mechanics.,udp.port,DISPATCHED TO SOC OPERATOR (Verified Incident),Critical Threat Intercepted
452,2026-08-23 11:45:42,Fingerprinting,Fingerprinting,97.48,0.0,0.0,10130.2654,PASS,High-fidelity alert: Confidence (97.5%) meets threshold and features ['tcp.flags'] match known domain mechanics.,tcp.flags,DISPATCHED TO SOC OPERATOR (Verified Incident),Critical Threat Intercepted
453,2026-08-23 11:45:43,DDoS_HTTP,DDoS_HTTP,99.56,22.0,0.0,167072.2219,PASS,High-fidelity alert: Confidence (99.6%) meets threshold and features ['http.content_length'] match known domain mechanics.,http.content_length,DISPATCHED TO SOC OPERATOR (Verified Incident),Critical Threat Intercepted
454,2026-08-23 11:45:43,Password,Password,95.69,0.0,0.0,3935.9751,PASS,High-fidelity alert: Confidence (95.7%) meets threshold and features ['tcp.dstport'] match known domain mechanics.,tcp.dstport,DISPATCHED TO SOC OPERATOR (Verified Incident),Critical Threat Intercepted
455,2026-08-23 11:45:44,Password,Password,99.06,0.0,0.0,6853.0775,PASS,High-fidelity alert: Confidence (99.1%) meets threshold and features ['tcp.dstport'] match known domain mechanics.,tcp.dstport,DISPATCHED TO SOC OPERATOR (Verified Incident),Critical Threat Intercepted
456,2026-08-23 11:45:44,Ransomware,Ransomware,99.95,0.0,0.0,66818.2172,PASS,High-fidelity alert: Confidence (100.0%) meets threshold and features ['tcp.len'] match known domain mechanics.,tcp.len,DISPATCHED TO SOC OPERATOR (Verified Incident),Critical Threat Intercepted
457,2026-08-23 11:45:45,Uploading,Uploading,99.08,0.0,0.0,4124.4348,PASS,High-fidelity alert: Confidence (99.1%) meets threshold and features ['tcp.len'] match known domain mechanics.,tcp.len,DISPATCHED TO SOC OPERATOR (Verified Incident),Critical Threat Intercepted
458,2026-08-23 11:45:45,Ransomware,Ransomware,99.96,464.0,3.19,39493.6764,PASS,High-fidelity alert: Confidence (100.0%) meets threshold and features ['tcp.len'] match known domain mechanics.,tcp.len,DISPATCHED TO SOC OPERATOR (Verified Incident),Critical Threat Intercepted
459,2026-08-23 11:45:46,Backdoor,Backdoor,99.95,0.0,0.0,265366.6901,PASS,High-fidelity alert: Confidence (100.0%) meets threshold and features ['tcp.dstport'] match known domain mechanics.,tcp.dstport,DISPATCHED TO SOC OPERATOR (Verified Incident),Critical Threat Intercepted
460,2026-08-23 11:45:46,DDoS_HTTP,Password,39.15,0.0,0.0,1487.4014,SUPPRESS,Alert suppressed: Low model confidence (39.1% < 65.0%).,tcp.dstport,SUPPRESSED BY FILTER (Noise / False Alarm Prevented),Actuator Shutdown / Operator Fatigue Prevented
461,2026-08-23 11:45:47,Normal,Normal,99.84,0.0,0.0,4394.1027,NORMAL,Traffic classified as normal baseline behavior,tcp.dstport,HEALTHY BASELINE (Normal Operation Preserved),Normal Dynamics Maintained
462,2026-08-23 11:45:47,DDoS_ICMP,DDoS_ICMP,99.95,0.0,0.0,5108.8015,PASS,High-fidelity alert: Confidence (99.9%) meets threshold and features ['icmp.checksum'] match known domain mechanics.,icmp.checksum,DISPATCHED TO SOC OPERATOR (Verified Incident),Critical Threat Intercepted
463,2026-08-23 11:45:48,DDoS_ICMP,DDoS_ICMP,99.95,0.0,0.0,10299.975,PASS,High-fidelity alert: Confidence (100.0%) meets threshold and features ['icmp.checksum'] match known domain mechanics.,icmp.checksum,DISPATCHED TO SOC OPERATOR (Verified Incident),Critical Threat Intercepted
464,2026-08-23 11:45:48,MITM,MITM,99.78,58122.0,22.84,8336.8601,PASS,High-fidelity alert: Confidence (99.8%) meets threshold and features ['arp.opcode'] match known domain mechanics.,arp.opcode,DISPATCHED TO SOC OPERATOR (Verified Incident),Critical Threat Intercepted
465,2026-08-23 11:45:49,DDoS_ICMP,DDoS_ICMP,99.94,0.0,0.0,9099.5274,PASS,High-fidelity alert: Confidence (99.9%) meets threshold and features ['icmp.checksum'] match known domain mechanics.,icmp.checksum,DISPATCHED TO SOC OPERATOR (Verified Incident),Critical Threat Intercepted
466,2026-08-23 11:45:49,MITM,MITM,85.21,0.0,0.0,5872.1174,PASS,High-fidelity alert: Confidence (85.2%) meets threshold and features ['arp.opcode'] match known domain mechanics.,arp.opcode,DISPATCHED TO SOC OPERATOR (Verified Incident),Critical Threat Intercepted
467,2026-08-23 11:45:50,Fingerprinting,Fingerprinting,99.16,0.0,0.0,4882.8483,PASS,High-fidelity alert: Confidence (99.2%) meets threshold and features ['tcp.flags'] match known domain mechanics.,tcp.flags,DISPATCHED TO SOC OPERATOR (Verified Incident),Critical Threat Intercepted
468,2026-08-23 11:45:50,Ransomware,Ransomware,99.63,0.0,0.0,1433.2869,PASS,High-fidelity alert: Confidence (99.6%) meets threshold and features ['tcp.len'] match known domain mechanics.,tcp.len,DISPATCHED TO SOC OPERATOR (Verified Incident),Critical Threat Intercepted
469,2026-08-23 11:45:51,Fingerprinting,Fingerprinting,99.01,0.0,0.0,40205.6301,PASS,High-fidelity alert: Confidence (99.0%) meets threshold and features ['tcp.flags'] match known domain mechanics.,tcp.flags,DISPATCHED TO SOC OPERATOR (Verified Incident),Critical Threat Intercepted
470,2026-08-23 11:45:51,Uploading,Uploading,99.38,0.0,0.0,1485.9232,PASS,High-fidelity alert: Confidence (99.4%) meets threshold and features ['tcp.len'] match known domain mechanics.,tcp.len,DISPATCHED TO SOC OPERATOR (Verified Incident),Critical Threat Intercepted
471,2026-08-23 11:45:52,DDoS_HTTP,DDoS_HTTP,95.59,278.0,5.42,517.9112,PASS,High-fidelity alert: Confidence (95.6%) meets threshold and features ['http.content_length'] match known domain mechanics.,http.content_length,DISPATCHED TO SOC OPERATOR (Verified Incident),Critical Threat Intercepted
472,2026-08-23 11:45:52,Ransomware,Ransomware,99.89,0.0,0.0,26154.425,PASS,High-fidelity alert: Confidence (99.9%) meets threshold and features ['tcp.len'] match known domain mechanics.,tcp.len,DISPATCHED TO SOC OPERATOR (Verified Incident),Critical Threat Intercepted
473,2026-08-23 11:45:53,DDoS_TCP,DDoS_TCP,99.97,120.0,1.66,169321803.2438,PASS,High-fidelity alert: Confidence (100.0%) meets threshold and features ['tcp.flags'] match known domain mechanics.,tcp.flags,DISPATCHED TO SOC OPERATOR (Verified Incident),Critical Threat Intercepted
474,2026-08-23 11:45:53,DDoS_TCP,DDoS_TCP,99.85,0.0,0.0,2637.7283,PASS,High-fidelity alert: Confidence (99.9%) meets threshold and features ['tcp.flags'] match known domain mechanics.,tcp.flags,DISPATCHED TO SOC OPERATOR (Verified Incident),Critical Threat Intercepted
475,2026-08-23 11:45:54,MITM,Ransomware,28.93,0.0,0.0,3443.5322,SUPPRESS,Alert suppressed: Low model confidence (28.9% < 65.0%).,tcp.len,SUPPRESSED BY FILTER (Noise / False Alarm Prevented),Actuator Shutdown / Operator Fatigue Prevented
476,2026-08-23 11:45:54,DDoS_UDP,DDoS_UDP,99.94,0.0,0.0,324271.3187,PASS,High-fidelity alert: Confidence (99.9%) meets threshold and features ['udp.port'] match known domain mechanics.,udp.port,DISPATCHED TO SOC OPERATOR (Verified Incident),Critical Threat Intercepted
477,2026-08-23 11:45:55,Fingerprinting,Fingerprinting,99.4,0.0,0.0,7235.8138,PASS,High-fidelity alert: Confidence (99.4%) meets threshold and features ['tcp.flags'] match known domain mechanics.,tcp.flags,DISPATCHED TO SOC OPERATOR (Verified Incident),Critical Threat Intercepted
478,2026-08-23 11:45:55,DDoS_HTTP,DDoS_HTTP,99.68,0.0,0.0,6587234.125,PASS,High-fidelity alert: Confidence (99.7%) meets threshold and features ['http.content_length'] match known domain mechanics.,http.content_length,DISPATCHED TO SOC OPERATOR (Verified Incident),Critical Threat Intercepted
479,2026-08-23 11:45:56,Fingerprinting,Fingerprinting,99.4,0.0,0.0,11243.4365,PASS,High-fidelity alert: Confidence (99.4%) meets threshold and features ['tcp.flags'] match known domain mechanics.,tcp.flags,DISPATCHED TO SOC OPERATOR (Verified Incident),Critical Threat Intercepted
480,2026-08-23 11:45:56,Fingerprinting,Fingerprinting,99.11,0.0,0.0,6098.0136,PASS,High-fidelity alert: Confidence (99.1%) meets threshold and features ['tcp.flags'] match known domain mechanics.,tcp.flags,DISPATCHED TO SOC OPERATOR (Verified Incident),Critical Threat Intercepted
481,2026-08-23 11:45:57,Vulnerability_scanner,Vulnerability_scanner,81.1,0.0,0.0,6463.6243,PASS,High-fidelity alert: Confidence (81.1%) meets threshold and features ['http.content_length'] match known domain mechanics.,http.content_length,DISPATCHED TO SOC OPERATOR (Verified Incident),Critical Threat Intercepted
482,2026-08-23 11:45:57,DDoS_UDP,DDoS_UDP,99.97,0.0,0.0,19122.0683,PASS,High-fidelity alert: Confidence (100.0%) meets threshold and features ['udp.port'] match known domain mechanics.,udp.port,DISPATCHED TO SOC OPERATOR (Verified Incident),Critical Threat Intercepted
483,2026-08-23 11:45:58,Password,Password,99.7,0.0,0.0,5802.1712,PASS,High-fidelity alert: Confidence (99.7%) meets threshold and features ['tcp.dstport'] match known domain mechanics.,tcp.dstport,DISPATCHED TO SOC OPERATOR (Verified Incident),Critical Threat Intercepted
484,2026-08-23 11:45:58,XSS,XSS,99.68,0.0,0.0,75182.7765,PASS,High-fidelity alert: Confidence (99.7%) meets threshold and features ['http.content_length'] match known domain mechanics.,http.content_length,DISPATCHED TO SOC OPERATOR (Verified Incident),Critical Threat Intercepted
485,2026-08-23 11:45:59,Normal,Normal,99.95,0.0,0.0,4502.9807,NORMAL,Traffic classified as normal baseline behavior,tcp.dstport,HEALTHY BASELINE (Normal Operation Preserved),Normal Dynamics Maintained
486,2026-08-23 11:45:59,MITM,MITM,32.99,0.0,0.0,7282.2643,SUPPRESS,Alert suppressed: Low model confidence (33.0% < 65.0%).,arp.opcode,SUPPRESSED BY FILTER (Noise / False Alarm Prevented),Actuator Shutdown / Operator Fatigue Prevented
487,2026-08-23 11:46:00,DDoS_HTTP,DDoS_HTTP,99.51,38.0,0.42,6961.6124,PASS,High-fidelity alert: Confidence (99.5%) meets threshold and features ['http.content_length'] match known domain mechanics.,http.content_length,DISPATCHED TO SOC OPERATOR (Verified Incident),Critical Threat Intercepted
488,2026-08-23 11:46:00,Uploading,Uploading,99.56,0.0,0.0,147.0071,PASS,High-fidelity alert: Confidence (99.6%) meets threshold and features ['tcp.len'] match known domain mechanics.,tcp.len,DISPATCHED TO SOC OPERATOR (Verified Incident),Critical Threat Intercepted
489,2026-08-23 11:46:01,Uploading,Uploading,99.13,0.0,0.0,4878.6282,PASS,High-fidelity alert: Confidence (99.1%) meets threshold and features ['tcp.len'] match known domain mechanics.,tcp.len,DISPATCHED TO SOC OPERATOR (Verified Incident),Critical Threat Intercepted
490,2026-08-23 11:46:01,Fingerprinting,Ransomware,56.27,0.0,0.0,2364.9906,SUPPRESS,Alert suppressed: Low model confidence (56.3% < 65.0%).,tcp.len,SUPPRESSED BY FILTER (Noise / False Alarm Prevented),Actuator Shutdown / Operator Fatigue Prevented
491,2026-08-23 11:46:02,DDoS_TCP,DDoS_TCP,99.94,0.0,0.0,2247.9235,PASS,High-fidelity alert: Confidence (99.9%) meets threshold and features ['tcp.flags'] match known domain mechanics.,tcp.flags,DISPATCHED TO SOC OPERATOR (Verified Incident),Critical Threat Intercepted
492,2026-08-23 11:46:02,Port_Scanning,Port_Scanning,99.94,0.0,0.0,22574721.5352,PASS,High-fidelity alert: Confidence (99.9%) meets threshold and features ['tcp.dstport'] match known domain mechanics.,tcp.dstport,DISPATCHED TO SOC OPERATOR (Verified Incident),Critical Threat Intercepted
493,2026-08-23 11:46:03,Uploading,Uploading,99.06,0.0,0.0,3135.638,PASS,High-fidelity alert: Confidence (99.1%) meets threshold and features ['tcp.len'] match known domain mechanics.,tcp.len,DISPATCHED TO SOC OPERATOR (Verified Incident),Critical Threat Intercepted
494,2026-08-23 11:46:03,Vulnerability_scanner,Vulnerability_scanner,99.96,280.0,3.8,4978.939,PASS,High-fidelity alert: Confidence (100.0%) meets threshold and features ['http.content_length'] match known domain mechanics.,http.content_length,DISPATCHED TO SOC OPERATOR (Verified Incident),Critical Threat Intercepted
495,2026-08-23 11:46:04,Vulnerability_scanner,Vulnerability_scanner,99.96,495.0,1.91,7034.1325,PASS,High-fidelity alert: Confidence (100.0%) meets threshold and features ['http.content_length'] match known domain mechanics.,http.content_length,DISPATCHED TO SOC OPERATOR (Verified Incident),Critical Threat Intercepted
496,2026-08-23 11:46:04,Fingerprinting,Fingerprinting,98.75,0.0,0.0,2341.7022,PASS,High-fidelity alert: Confidence (98.7%) meets threshold and features ['tcp.flags'] match known domain mechanics.,tcp.flags,DISPATCHED TO SOC OPERATOR (Verified Incident),Critical Threat Intercepted
497,2026-08-23 11:46:05,MITM,MITM,36.88,0.0,0.0,2735.5559,SUPPRESS,Alert suppressed: Low model confidence (36.9% < 65.0%).,arp.opcode,SUPPRESSED BY FILTER (Noise / False Alarm Prevented),Actuator Shutdown / Operator Fatigue Prevented
498,2026-08-23 11:46:05,DDoS_HTTP,DDoS_HTTP,70.25,0.0,0.0,4734.4942,PASS,High-fidelity alert: Confidence (70.2%) meets threshold and features ['http.content_length'] match known domain mechanics.,http.content_length,DISPATCHED TO SOC OPERATOR (Verified Incident),Critical Threat Intercepted
499,2026-08-23 11:46:06,Uploading,Uploading,88.4,107.0,1.03,719.9207,PASS,High-fidelity alert: Confidence (88.4%) meets threshold and features ['tcp.len'] match known domain mechanics.,tcp.len,DISPATCHED TO SOC OPERATOR (Verified Incident),Critical Threat Intercepted
500,2026-08-23 11:46:06,Ransomware,Ransomware,99.94,0.0,0.0,97395.4512,PASS,High-fidelity alert: Confidence (99.9%) meets threshold and features ['tcp.len'] match known domain mechanics.,tcp.len,DISPATCHED TO SOC OPERATOR (Verified Incident),Critical Threat Intercepted
501,2026-08-23 11:46:07,DDoS_UDP,DDoS_UDP,99.97,0.0,0.0,213910.213,PASS,High-fidelity alert: Confidence (100.0%) meets threshold and features ['udp.port'] match known domain mechanics.,udp.port,DISPATCHED TO SOC OPERATOR (Verified Incident),Critical Threat Intercepted
502,2026-08-23 11:46:07,XSS,XSS,98.47,0.0,0.0,1338.4283,PASS,High-fidelity alert: Confidence (98.5%) meets threshold and features ['http.content_length'] match known domain mechanics.,http.content_length,DISPATCHED TO SOC OPERATOR (Verified Incident),Critical Threat Intercepted
503,2026-08-23 11:46:08,MITM,Ransomware,30.72,0.0,0.0,1140270.182,SUPPRESS,Alert suppressed: Low model confidence (30.7% < 65.0%).,tcp.len,SUPPRESSED BY FILTER (Noise / False Alarm Prevented),Actuator Shutdown / Operator Fatigue Prevented
504,2026-08-23 11:46:08,Backdoor,Backdoor,99.95,0.0,0.0,129804.9229,PASS,High-fidelity alert: Confidence (100.0%) meets threshold and features ['tcp.dstport'] match known domain mechanics.,tcp.dstport,DISPATCHED TO SOC OPERATOR (Verified Incident),Critical Threat Intercepted
505,2026-08-23 11:46:09,Fingerprinting,Ransomware,43.02,0.0,0.0,7283.632,SUPPRESS,Alert suppressed: Low model confidence (43.0% < 65.0%).,tcp.len,SUPPRESSED BY FILTER (Noise / False Alarm Prevented),Actuator Shutdown / Operator Fatigue Prevented
506,2026-08-23 11:46:09,Uploading,Uploading,98.54,0.0,0.0,2369.5983,PASS,High-fidelity alert: Confidence (98.5%) meets threshold and features ['tcp.len'] match known domain mechanics.,tcp.len,DISPATCHED TO SOC OPERATOR (Verified Incident),Critical Threat Intercepted
507,2026-08-23 11:46:10,DDoS_HTTP,DDoS_HTTP,99.44,39.0,2.18,1598.9851,PASS,High-fidelity alert: Confidence (99.4%) meets threshold and features ['http.content_length'] match known domain mechanics.,http.content_length,DISPATCHED TO SOC OPERATOR (Verified Incident),Critical Threat Intercepted
508,2026-08-23 11:46:10,DDoS_UDP,DDoS_UDP,99.96,0.0,0.0,106980.9107,PASS,High-fidelity alert: Confidence (100.0%) meets threshold and features ['udp.port'] match known domain mechanics.,udp.port,DISPATCHED TO SOC OPERATOR (Verified Incident),Critical Threat Intercepted
509,2026-08-23 11:46:11,DDoS_UDP,DDoS_UDP,99.97,0.0,0.0,209680.0063,PASS,High-fidelity alert: Confidence (100.0%) meets threshold and features ['udp.port'] match known domain mechanics.,udp.port,DISPATCHED TO SOC OPERATOR (Verified Incident),Critical Threat Intercepted
510,2026-08-23 11:46:11,Uploading,Uploading,99.18,0.0,0.0,3109.7591,PASS,High-fidelity alert: Confidence (99.2%) meets threshold and features ['tcp.len'] match known domain mechanics.,tcp.len,DISPATCHED TO SOC OPERATOR (Verified Incident),Critical Threat Intercepted
511,2026-08-23 11:46:12,DDoS_UDP,DDoS_UDP,99.93,0.0,0.0,77048.0257,PASS,High-fidelity alert: Confidence (99.9%) meets threshold and features ['udp.port'] match known domain mechanics.,udp.port,DISPATCHED TO SOC OPERATOR (Verified Incident),Critical Threat Intercepted
512,2026-08-23 11:46:12,Fingerprinting,Fingerprinting,99.13,0.0,0.0,8482.304,PASS,High-fidelity alert: Confidence (99.1%) meets threshold and features ['tcp.flags'] match known domain mechanics.,tcp.flags,DISPATCHED TO SOC OPERATOR (Verified Incident),Critical Threat Intercepted
513,2026-08-23 11:46:13,Uploading,Uploading,96.19,107.0,0.0,729.3035,PASS,High-fidelity alert: Confidence (96.2%) meets threshold and features ['tcp.len'] match known domain mechanics.,tcp.len,DISPATCHED TO SOC OPERATOR (Verified Incident),Critical Threat Intercepted
514,2026-08-23 11:46:13,XSS,MITM,34.73,0.0,0.0,7772.207,SUPPRESS,Alert suppressed: Low model confidence (34.7% < 65.0%).,arp.opcode,SUPPRESSED BY FILTER (Noise / False Alarm Prevented),Actuator Shutdown / Operator Fatigue Prevented
515,2026-08-23 11:46:14,SQL_injection,SQL_injection,67.58,0.0,0.0,4911.3261,PASS,High-fidelity alert: Confidence (67.6%) meets threshold and features ['http.content_length'] match known domain mechanics.,http.content_length,DISPATCHED TO SOC OPERATOR (Verified Incident),Critical Threat Intercepted
516,2026-08-23 11:46:14,DDoS_UDP,DDoS_UDP,99.93,0.0,0.0,16689.3383,PASS,High-fidelity alert: Confidence (99.9%) meets threshold and features ['udp.port'] match known domain mechanics.,udp.port,DISPATCHED TO SOC OPERATOR (Verified Incident),Critical Threat Intercepted
517,2026-08-23 11:46:15,DDoS_HTTP,DDoS_HTTP,99.82,22.0,1.02,1004.0463,PASS,High-fidelity alert: Confidence (99.8%) meets threshold and features ['http.content_length'] match known domain mechanics.,http.content_length,DISPATCHED TO SOC OPERATOR (Verified Incident),Critical Threat Intercepted
518,2026-08-23 11:46:15,DDoS_TCP,DDoS_TCP,99.91,120.0,0.0,193357432.9249,PASS,High-fidelity alert: Confidence (99.9%) meets threshold and features ['tcp.flags'] match known domain mechanics.,tcp.flags,DISPATCHED TO SOC OPERATOR (Verified Incident),Critical Threat Intercepted
519,2026-08-23 11:46:16,Uploading,Uploading,99.74,1448.0,0.0,7678.3152,PASS,High-fidelity alert: Confidence (99.7%) meets threshold and features ['tcp.len'] match known domain mechanics.,tcp.len,DISPATCHED TO SOC OPERATOR (Verified Incident),Critical Threat Intercepted
520,2026-08-23 11:46:16,Vulnerability_scanner,Vulnerability_scanner,99.96,495.0,0.45,7346.0716,PASS,High-fidelity alert: Confidence (100.0%) meets threshold and features ['http.content_length'] match known domain mechanics.,http.content_length,DISPATCHED TO SOC OPERATOR (Verified Incident),Critical Threat Intercepted
521,2026-08-23 11:46:17,Vulnerability_scanner,Vulnerability_scanner,99.97,495.0,5.85,7461.9753,PASS,High-fidelity alert: Confidence (100.0%) meets threshold and features ['http.content_length'] match known domain mechanics.,http.content_length,DISPATCHED TO SOC OPERATOR (Verified Incident),Critical Threat Intercepted
522,2026-08-23 11:46:17,Ransomware,Ransomware,99.95,0.0,0.0,132725.8238,PASS,High-fidelity alert: Confidence (100.0%) meets threshold and features ['tcp.len'] match known domain mechanics.,tcp.len,DISPATCHED TO SOC OPERATOR (Verified Incident),Critical Threat Intercepted
523,2026-08-23 11:46:18,SQL_injection,SQL_injection,99.84,0.0,0.0,4157.076,PASS,High-fidelity alert: Confidence (99.8%) meets threshold and features ['http.content_length'] match known domain mechanics.,http.content_length,DISPATCHED TO SOC OPERATOR (Verified Incident),Critical Threat Intercepted
524,2026-08-23 11:46:18,MITM,MITM,29.42,0.0,0.0,2307.1805,SUPPRESS,Alert suppressed: Low model confidence (29.4% < 65.0%).,arp.opcode,SUPPRESSED BY FILTER (Noise / False Alarm Prevented),Actuator Shutdown / Operator Fatigue Prevented
525,2026-08-23 11:46:19,Password,Password,91.22,0.0,0.0,1148.8233,PASS,High-fidelity alert: Confidence (91.2%) meets threshold and features ['tcp.dstport'] match known domain mechanics.,tcp.dstport,DISPATCHED TO SOC OPERATOR (Verified Incident),Critical Threat Intercepted
526,2026-08-23 11:46:19,Normal,Normal,99.91,0.0,0.0,1139.6341,NORMAL,Traffic classified as normal baseline behavior,tcp.dstport,HEALTHY BASELINE (Normal Operation Preserved),Normal Dynamics Maintained
527,2026-08-23 11:46:20,Normal,Normal,99.96,0.0,0.0,291.8815,NORMAL,Traffic classified as normal baseline behavior,tcp.dstport,HEALTHY BASELINE (Normal Operation Preserved),Normal Dynamics Maintained
528,2026-08-23 11:46:20,Password,SQL_injection,62.19,0.0,0.0,901.3944,SUPPRESS,Alert suppressed: Low model confidence (62.2% < 65.0%).,http.content_length,SUPPRESSED BY FILTER (Noise / False Alarm Prevented),Actuator Shutdown / Operator Fatigue Prevented
529,2026-08-23 11:46:21,DDoS_ICMP,DDoS_ICMP,99.95,0.0,0.0,7201.7321,PASS,High-fidelity alert: Confidence (99.9%) meets threshold and features ['icmp.checksum'] match known domain mechanics.,icmp.checksum,DISPATCHED TO SOC OPERATOR (Verified Incident),Critical Threat Intercepted
530,2026-08-23 11:46:21,Fingerprinting,MITM,32.24,0.0,0.0,2565.3383,SUPPRESS,Alert suppressed: Low model confidence (32.2% < 65.0%).,arp.opcode,SUPPRESSED BY FILTER (Noise / False Alarm Prevented),Actuator Shutdown / Operator Fatigue Prevented
531,2026-08-23 11:46:22,Vulnerability_scanner,Vulnerability_scanner,99.96,258.0,14.42,6257.2298,PASS,High-fidelity alert: Confidence (100.0%) meets threshold and features ['http.content_length'] match known domain mechanics.,http.content_length,DISPATCHED TO SOC OPERATOR (Verified Incident),Critical Threat Intercepted
532,2026-08-23 11:46:22,Backdoor,Backdoor,99.95,320.0,1.06,77946.5042,PASS,High-fidelity alert: Confidence (99.9%) meets threshold and features ['tcp.dstport'] match known domain mechanics.,tcp.dstport,DISPATCHED TO SOC OPERATOR (Verified Incident),Critical Threat Intercepted
533,2026-08-23 11:46:23,Ransomware,Ransomware,99.78,320.0,11.83,25863.0839,PASS,High-fidelity alert: Confidence (99.8%) meets threshold and features ['tcp.len'] match known domain mechanics.,tcp.len,DISPATCHED TO SOC OPERATOR (Verified Incident),Critical Threat Intercepted
534,2026-08-23 11:46:23,Vulnerability_scanner,Vulnerability_scanner,99.96,381.0,0.0,7711.475,PASS,High-fidelity alert: Confidence (100.0%) meets threshold and features ['http.content_length'] match known domain mechanics.,http.content_length,DISPATCHED TO SOC OPERATOR (Verified Incident),Critical Threat Intercepted
535,2026-08-23 11:46:24,Fingerprinting,MITM,34.5,0.0,0.0,1551.1768,SUPPRESS,Alert suppressed: Low model confidence (34.5% < 65.0%).,arp.opcode,SUPPRESSED BY FILTER (Noise / False Alarm Prevented),Actuator Shutdown / Operator Fatigue Prevented
536,2026-08-23 11:46:24,Port_Scanning,Port_Scanning,99.93,0.0,0.0,158194933.7153,PASS,High-fidelity alert: Confidence (99.9%) meets threshold and features ['tcp.dstport'] match known domain mechanics.,tcp.dstport,DISPATCHED TO SOC OPERATOR (Verified Incident),Critical Threat Intercepted
537,2026-08-23 11:46:25,Vulnerability_scanner,Vulnerability_scanner,99.41,0.0,0.0,4131.8226,PASS,High-fidelity alert: Confidence (99.4%) meets threshold and features ['http.content_length'] match known domain mechanics.,http.content_length,DISPATCHED TO SOC OPERATOR (Verified Incident),Critical Threat Intercepted
538,2026-08-23 11:46:25,Ransomware,Ransomware,99.97,464.0,7.25,122468.7705,PASS,High-fidelity alert: Confidence (100.0%) meets threshold and features ['tcp.len'] match known domain mechanics.,tcp.len,DISPATCHED TO SOC OPERATOR (Verified Incident),Critical Threat Intercepted
539,2026-08-23 11:46:26,Port_Scanning,Port_Scanning,99.91,0.0,0.0,50159758.7512,PASS,High-fidelity alert: Confidence (99.9%) meets threshold and features ['tcp.dstport'] match known domain mechanics.,tcp.dstport,DISPATCHED TO SOC OPERATOR (Verified Incident),Critical Threat Intercepted
540,2026-08-23 11:46:26,DDoS_ICMP,DDoS_ICMP,99.95,0.0,0.0,5351.3047,PASS,High-fidelity alert: Confidence (99.9%) meets threshold and features ['icmp.checksum'] match known domain mechanics.,icmp.checksum,DISPATCHED TO SOC OPERATOR (Verified Incident),Critical Threat Intercepted
541,2026-08-23 11:46:27,XSS,XSS,99.63,440.0,4.48,95.0899,PASS,High-fidelity alert: Confidence (99.6%) meets threshold and features ['http.content_length'] match known domain mechanics.,http.content_length,DISPATCHED TO SOC OPERATOR (Verified Incident),Critical Threat Intercepted
542,2026-08-23 11:46:27,Ransomware,Ransomware,99.96,0.0,0.0,49887.787,PASS,High-fidelity alert: Confidence (100.0%) meets threshold and features ['tcp.len'] match known domain mechanics.,tcp.len,DISPATCHED TO SOC OPERATOR (Verified Incident),Critical Threat Intercepted
543,2026-08-23 11:46:28,DDoS_TCP,DDoS_TCP,99.93,120.0,12.1,20268048.0549,PASS,High-fidelity alert: Confidence (99.9%) meets threshold and features ['tcp.flags'] match known domain mechanics.,tcp.flags,DISPATCHED TO SOC OPERATOR (Verified Incident),Critical Threat Intercepted
544,2026-08-23 11:46:28,Fingerprinting,Fingerprinting,98.18,0.0,0.0,1196.3038,PASS,High-fidelity alert: Confidence (98.2%) meets threshold and features ['tcp.flags'] match known domain mechanics.,tcp.flags,DISPATCHED TO SOC OPERATOR (Verified Incident),Critical Threat Intercepted
545,2026-08-23 11:46:29,XSS,XSS,99.9,0.0,0.0,1778.461,PASS,High-fidelity alert: Confidence (99.9%) meets threshold and features ['http.content_length'] match known domain mechanics.,http.content_length,DISPATCHED TO SOC OPERATOR (Verified Incident),Critical Threat Intercepted
546,2026-08-23 11:46:29,Ransomware,Ransomware,99.96,0.0,0.0,86969.3216,PASS,High-fidelity alert: Confidence (100.0%) meets threshold and features ['tcp.len'] match known domain mechanics.,tcp.len,DISPATCHED TO SOC OPERATOR (Verified Incident),Critical Threat Intercepted
547,2026-08-23 11:46:30,Fingerprinting,Fingerprinting,94.76,0.0,0.0,2906.9124,PASS,High-fidelity alert: Confidence (94.8%) meets threshold and features ['tcp.flags'] match known domain mechanics.,tcp.flags,DISPATCHED TO SOC OPERATOR (Verified Incident),Critical Threat Intercepted
548,2026-08-23 11:46:30,DDoS_UDP,DDoS_UDP,99.97,0.0,0.0,280055.398,PASS,High-fidelity alert: Confidence (100.0%) meets threshold and features ['udp.port'] match known domain mechanics.,udp.port,DISPATCHED TO SOC OPERATOR (Verified Incident),Critical Threat Intercepted
549,2026-08-23 11:46:31,DDoS_TCP,DDoS_TCP,99.92,120.0,0.0,236295127.7369,PASS,High-fidelity alert: Confidence (99.9%) meets threshold and features ['tcp.flags'] match known domain mechanics.,tcp.flags,DISPATCHED TO SOC OPERATOR (Verified Incident),Critical Threat Intercepted
550,2026-08-23 11:46:31,DDoS_TCP,DDoS_TCP,99.93,120.0,0.0,171799397.3484,PASS,High-fidelity alert: Confidence (99.9%) meets threshold and features ['tcp.flags'] match known domain mechanics.,tcp.flags,DISPATCHED TO SOC OPERATOR (Verified Incident),Critical Threat Intercepted
551,2026-08-23 11:46:32,Normal,Normal,99.96,41.0,0.0,3369.5934,NORMAL,Traffic classified as normal baseline behavior,tcp.dstport,HEALTHY BASELINE (Normal Operation Preserved),Normal Dynamics Maintained
552,2026-08-23 11:46:32,Vulnerability_scanner,Vulnerability_scanner,79.53,0.0,0.0,4374.5274,PASS,High-fidelity alert: Confidence (79.5%) meets threshold and features ['http.content_length'] match known domain mechanics.,http.content_length,DISPATCHED TO SOC OPERATOR (Verified Incident),Critical Threat Intercepted
553,2026-08-23 11:46:33,Normal,Normal,99.95,0.0,0.0,233356.9753,NORMAL,Traffic classified as normal baseline behavior,tcp.dstport,HEALTHY BASELINE (Normal Operation Preserved),Normal Dynamics Maintained
554,2026-08-23 11:46:33,Vulnerability_scanner,Vulnerability_scanner,99.95,495.0,2.29,3134.9228,PASS,High-fidelity alert: Confidence (99.9%) meets threshold and features ['http.content_length'] match known domain mechanics.,http.content_length,DISPATCHED TO SOC OPERATOR (Verified Incident),Critical Threat Intercepted
555,2026-08-23 11:46:34,Fingerprinting,Fingerprinting,98.49,0.0,0.0,3038.9282,PASS,High-fidelity alert: Confidence (98.5%) meets threshold and features ['tcp.flags'] match known domain mechanics.,tcp.flags,DISPATCHED TO SOC OPERATOR (Verified Incident),Critical Threat Intercepted
556,2026-08-23 11:46:34,DDoS_TCP,DDoS_TCP,99.93,120.0,5.78,27699113.3734,PASS,High-fidelity alert: Confidence (99.9%) meets threshold and features ['tcp.flags'] match known domain mechanics.,tcp.flags,DISPATCHED TO SOC OPERATOR (Verified Incident),Critical Threat Intercepted
557,2026-08-23 11:46:35,DDoS_TCP,DDoS_TCP,99.94,0.0,0.0,1861.2412,PASS,High-fidelity alert: Confidence (99.9%) meets threshold and features ['tcp.flags'] match known domain mechanics.,tcp.flags,DISPATCHED TO SOC OPERATOR (Verified Incident),Critical Threat Intercepted
558,2026-08-23 11:46:35,Vulnerability_scanner,Vulnerability_scanner,99.97,495.0,6.06,4073.8246,PASS,High-fidelity alert: Confidence (100.0%) meets threshold and features ['http.content_length'] match known domain mechanics.,http.content_length,DISPATCHED TO SOC OPERATOR (Verified Incident),Critical Threat Intercepted
559,2026-08-23 11:46:36,Port_Scanning,Port_Scanning,99.86,0.0,0.0,2089.992,PASS,High-fidelity alert: Confidence (99.9%) meets threshold and features ['tcp.dstport'] match known domain mechanics.,tcp.dstport,DISPATCHED TO SOC OPERATOR (Verified Incident),Critical Threat Intercepted
560,2026-08-23 11:46:36,Backdoor,Backdoor,99.96,0.0,0.0,177921.1384,PASS,High-fidelity alert: Confidence (100.0%) meets threshold and features ['tcp.dstport'] match known domain mechanics.,tcp.dstport,DISPATCHED TO SOC OPERATOR (Verified Incident),Critical Threat Intercepted
561,2026-08-23 11:46:37,DDoS_HTTP,DDoS_HTTP,99.57,45.0,2.59,2693.6516,PASS,High-fidelity alert: Confidence (99.6%) meets threshold and features ['http.content_length'] match known domain mechanics.,http.content_length,DISPATCHED TO SOC OPERATOR (Verified Incident),Critical Threat Intercepted
562,2026-08-23 11:46:37,DDoS_ICMP,DDoS_ICMP,99.95,0.0,0.0,8963.9821,PASS,High-fidelity alert: Confidence (100.0%) meets threshold and features ['icmp.checksum'] match known domain mechanics.,icmp.checksum,DISPATCHED TO SOC OPERATOR (Verified Incident),Critical Threat Intercepted
563,2026-08-23 11:46:38,Password,Password,99.45,0.0,0.0,1884.0343,PASS,High-fidelity alert: Confidence (99.4%) meets threshold and features ['tcp.dstport'] match known domain mechanics.,tcp.dstport,DISPATCHED TO SOC OPERATOR (Verified Incident),Critical Threat Intercepted
564,2026-08-23 11:46:38,XSS,XSS,99.62,484.0,3.36,3329.6271,PASS,High-fidelity alert: Confidence (99.6%) meets threshold and features ['http.content_length'] match known domain mechanics.,http.content_length,DISPATCHED TO SOC OPERATOR (Verified Incident),Critical Threat Intercepted
565,2026-08-23 11:46:39,Normal,Normal,99.83,0.0,0.0,2509.3095,NORMAL,Traffic classified as normal baseline behavior,tcp.dstport,HEALTHY BASELINE (Normal Operation Preserved),Normal Dynamics Maintained
566,2026-08-23 11:46:39,DDoS_HTTP,DDoS_HTTP,99.5,0.0,0.0,1166.2536,PASS,High-fidelity alert: Confidence (99.5%) meets threshold and features ['http.content_length'] match known domain mechanics.,http.content_length,DISPATCHED TO SOC OPERATOR (Verified Incident),Critical Threat Intercepted
567,2026-08-23 11:46:40,Fingerprinting,Fingerprinting,99.19,0.0,0.0,2526.7843,PASS,High-fidelity alert: Confidence (99.2%) meets threshold and features ['tcp.flags'] match known domain mechanics.,tcp.flags,DISPATCHED TO SOC OPERATOR (Verified Incident),Critical Threat Intercepted
568,2026-08-23 11:46:40,MITM,MITM,99.81,5353.0,1.48,3488.4819,PASS,High-fidelity alert: Confidence (99.8%) meets threshold and features ['arp.opcode'] match known domain mechanics.,arp.opcode,DISPATCHED TO SOC OPERATOR (Verified Incident),Critical Threat Intercepted
569,2026-08-23 11:46:41,Password,Password,99.81,0.0,0.0,2912.6364,PASS,High-fidelity alert: Confidence (99.8%) meets threshold and features ['tcp.dstport'] match known domain mechanics.,tcp.dstport,DISPATCHED TO SOC OPERATOR (Verified Incident),Critical Threat Intercepted
570,2026-08-23 11:46:41,Normal,Normal,99.92,0.0,0.0,2294.358,NORMAL,Traffic classified as normal baseline behavior,tcp.dstport,HEALTHY BASELINE (Normal Operation Preserved),Normal Dynamics Maintained
571,2026-08-23 11:46:42,Fingerprinting,Fingerprinting,99.11,0.0,0.0,10267.8323,PASS,High-fidelity alert: Confidence (99.1%) meets threshold and features ['tcp.flags'] match known domain mechanics.,tcp.flags,DISPATCHED TO SOC OPERATOR (Verified Incident),Critical Threat Intercepted
572,2026-08-23 11:46:42,DDoS_HTTP,DDoS_HTTP,74.28,0.0,0.0,1034.4145,PASS,High-fidelity alert: Confidence (74.3%) meets threshold and features ['http.content_length'] match known domain mechanics.,http.content_length,DISPATCHED TO SOC OPERATOR (Verified Incident),Critical Threat Intercepted
573,2026-08-23 11:46:43,Vulnerability_scanner,Vulnerability_scanner,99.97,495.0,0.0,4377.7515,PASS,High-fidelity alert: Confidence (100.0%) meets threshold and features ['http.content_length'] match known domain mechanics.,http.content_length,DISPATCHED TO SOC OPERATOR (Verified Incident),Critical Threat Intercepted
574,2026-08-23 11:46:43,Ransomware,Ransomware,99.34,0.0,0.0,4971.7872,PASS,High-fidelity alert: Confidence (99.3%) meets threshold and features ['tcp.len'] match known domain mechanics.,tcp.len,DISPATCHED TO SOC OPERATOR (Verified Incident),Critical Threat Intercepted
575,2026-08-23 11:46:44,DDoS_ICMP,DDoS_ICMP,99.95,0.0,0.0,8263.4925,PASS,High-fidelity alert: Confidence (99.9%) meets threshold and features ['icmp.checksum'] match known domain mechanics.,icmp.checksum,DISPATCHED TO SOC OPERATOR (Verified Incident),Critical Threat Intercepted
576,2026-08-23 11:46:44,Port_Scanning,Port_Scanning,99.87,0.0,0.0,1007.0202,PASS,High-fidelity alert: Confidence (99.9%) meets threshold and features ['tcp.dstport'] match known domain mechanics.,tcp.dstport,DISPATCHED TO SOC OPERATOR (Verified Incident),Critical Threat Intercepted
577,2026-08-23 11:46:45,DDoS_UDP,DDoS_UDP,99.97,0.0,0.0,316508.8488,PASS,High-fidelity alert: Confidence (100.0%) meets threshold and features ['udp.port'] match known domain mechanics.,udp.port,DISPATCHED TO SOC OPERATOR (Verified Incident),Critical Threat Intercepted
578,2026-08-23 11:46:45,DDoS_TCP,DDoS_TCP,99.94,120.0,0.0,178741753.6616,PASS,High-fidelity alert: Confidence (99.9%) meets threshold and features ['tcp.flags'] match known domain mechanics.,tcp.flags,DISPATCHED TO SOC OPERATOR (Verified Incident),Critical Threat Intercepted
579,2026-08-23 11:46:46,DDoS_ICMP,DDoS_ICMP,99.94,0.0,0.0,64659443.9732,PASS,High-fidelity alert: Confidence (99.9%) meets threshold and features ['icmp.checksum'] match known domain mechanics.,icmp.checksum,DISPATCHED TO SOC OPERATOR (Verified Incident),Critical Threat Intercepted
580,2026-08-23 11:46:46,Port_Scanning,Port_Scanning,99.87,0.0,0.0,3075.5984,PASS,High-fidelity alert: Confidence (99.9%) meets threshold and features ['tcp.dstport'] match known domain mechanics.,tcp.dstport,DISPATCHED TO SOC OPERATOR (Verified Incident),Critical Threat Intercepted
581,2026-08-23 11:46:47,Ransomware,Ransomware,98.07,0.0,0.0,6878.1017,PASS,High-fidelity alert: Confidence (98.1%) meets threshold and features ['tcp.len'] match known domain mechanics.,tcp.len,DISPATCHED TO SOC OPERATOR (Verified Incident),Critical Threat Intercepted
582,2026-08-23 11:46:47,MITM,Ransomware,27.74,0.0,0.0,117543.8539,SUPPRESS,Alert suppressed: Low model confidence (27.7% < 65.0%).,tcp.len,SUPPRESSED BY FILTER (Noise / False Alarm Prevented),Actuator Shutdown / Operator Fatigue Prevented
583,2026-08-23 11:46:48,XSS,XSS,99.4,0.0,0.0,1516.043,PASS,High-fidelity alert: Confidence (99.4%) meets threshold and features ['http.content_length'] match known domain mechanics.,http.content_length,DISPATCHED TO SOC OPERATOR (Verified Incident),Critical Threat Intercepted
584,2026-08-23 11:46:48,Port_Scanning,Port_Scanning,99.87,0.0,0.0,1911.1374,PASS,High-fidelity alert: Confidence (99.9%) meets threshold and features ['tcp.dstport'] match known domain mechanics.,tcp.dstport,DISPATCHED TO SOC OPERATOR (Verified Incident),Critical Threat Intercepted
585,2026-08-23 11:46:49,Uploading,Uploading,96.17,107.0,3.98,2353.8431,PASS,High-fidelity alert: Confidence (96.2%) meets threshold and features ['tcp.len'] match known domain mechanics.,tcp.len,DISPATCHED TO SOC OPERATOR (Verified Incident),Critical Threat Intercepted
586,2026-08-23 11:46:49,Fingerprinting,Fingerprinting,99.25,0.0,0.0,6803.1162,PASS,High-fidelity alert: Confidence (99.2%) meets threshold and features ['tcp.flags'] match known domain mechanics.,tcp.flags,DISPATCHED TO SOC OPERATOR (Verified Incident),Critical Threat Intercepted
587,2026-08-23 11:46:50,Fingerprinting,Ransomware,34.44,0.0,0.0,2631.7759,SUPPRESS,Alert suppressed: Low model confidence (34.4% < 65.0%).,tcp.len,SUPPRESSED BY FILTER (Noise / False Alarm Prevented),Actuator Shutdown / Operator Fatigue Prevented
588,2026-08-23 11:46:50,Ransomware,Ransomware,99.97,464.0,12.88,47289.9046,PASS,High-fidelity alert: Confidence (100.0%) meets threshold and features ['tcp.len'] match known domain mechanics.,tcp.len,DISPATCHED TO SOC OPERATOR (Verified Incident),Critical Threat Intercepted
589,2026-08-23 11:46:51,Backdoor,Backdoor,99.91,136.0,0.29,66828.7589,PASS,High-fidelity alert: Confidence (99.9%) meets threshold and features ['tcp.dstport'] match known domain mechanics.,tcp.dstport,DISPATCHED TO SOC OPERATOR (Verified Incident),Critical Threat Intercepted
590,2026-08-23 11:46:51,XSS,XSS,96.68,102.0,16.7,1533.4323,PASS,High-fidelity alert: Confidence (96.7%) meets threshold and features ['http.content_length'] match known domain mechanics.,http.content_length,DISPATCHED TO SOC OPERATOR (Verified Incident),Critical Threat Intercepted
591,2026-08-23 11:46:52,DDoS_UDP,DDoS_UDP,99.98,0.0,0.0,70134.879,PASS,High-fidelity alert: Confidence (100.0%) meets threshold and features ['udp.port'] match known domain mechanics.,udp.port,DISPATCHED TO SOC OPERATOR (Verified Incident),Critical Threat Intercepted
592,2026-08-23 11:46:52,DDoS_TCP,DDoS_TCP,99.95,0.0,0.0,5068.1636,PASS,High-fidelity alert: Confidence (99.9%) meets threshold and features ['tcp.flags'] match known domain mechanics.,tcp.flags,DISPATCHED TO SOC OPERATOR (Verified Incident),Critical Threat Intercepted
593,2026-08-23 11:46:53,Backdoor,Backdoor,99.96,0.0,0.0,599312.4078,PASS,High-fidelity alert: Confidence (100.0%) meets threshold and features ['tcp.dstport'] match known domain mechanics.,tcp.dstport,DISPATCHED TO SOC OPERATOR (Verified Incident),Critical Threat Intercepted
594,2026-08-23 11:46:53,Port_Scanning,Port_Scanning,99.87,0.0,0.0,4723.1593,PASS,High-fidelity alert: Confidence (99.9%) meets threshold and features ['tcp.dstport'] match known domain mechanics.,tcp.dstport,DISPATCHED TO SOC OPERATOR (Verified Incident),Critical Threat Intercepted
595,2026-08-23 11:46:54,Fingerprinting,Fingerprinting,98.67,0.0,0.0,1464.0841,PASS,High-fidelity alert: Confidence (98.7%) meets threshold and features ['tcp.flags'] match known domain mechanics.,tcp.flags,DISPATCHED TO SOC OPERATOR (Verified Incident),Critical Threat Intercepted
596,2026-08-23 11:46:54,XSS,XSS,99.91,0.0,0.0,58716.7875,PASS,High-fidelity alert: Confidence (99.9%) meets threshold and features ['http.content_length'] match known domain mechanics.,http.content_length,DISPATCHED TO SOC OPERATOR (Verified Incident),Critical Threat Intercepted
597,2026-08-23 11:46:55,Backdoor,Backdoor,99.96,592.0,3.95,137915.133,PASS,High-fidelity alert: Confidence (100.0%) meets threshold and features ['tcp.dstport'] match known domain mechanics.,tcp.dstport,DISPATCHED TO SOC OPERATOR (Verified Incident),Critical Threat Intercepted
598,2026-08-23 11:46:55,Fingerprinting,Fingerprinting,98.74,0.0,0.0,6792.9914,PASS,High-fidelity alert: Confidence (98.7%) meets threshold and features ['tcp.flags'] match known domain mechanics.,tcp.flags,DISPATCHED TO SOC OPERATOR (Verified Incident),Critical Threat Intercepted
599,2026-08-23 11:46:56,DDoS_ICMP,DDoS_ICMP,99.95,0.0,0.0,9219.5456,PASS,High-fidelity alert: Confidence (99.9%) meets threshold and features ['icmp.checksum'] match known domain mechanics.,icmp.checksum,DISPATCHED TO SOC OPERATOR (Verified Incident),Critical Threat Intercepted
600,2026-08-23 11:46:56,DDoS_HTTP,DDoS_HTTP,98.67,278.0,15.55,3310.6417,PASS,High-fidelity alert: Confidence (98.7%) meets threshold and features ['http.content_length'] match known domain mechanics.,http.content_length,DISPATCHED TO SOC OPERATOR (Verified Incident),Critical Threat Intercepted
601,2026-08-23 11:46:57,MITM,MITM,28.86,0.0,0.0,1956.5583,SUPPRESS,Alert suppressed: Low model confidence (28.9% < 65.0%).,arp.opcode,SUPPRESSED BY FILTER (Noise / False Alarm Prevented),Actuator Shutdown / Operator Fatigue Prevented
602,2026-08-23 11:46:57,Normal,Normal,99.91,0.0,0.0,1562.9124,NORMAL,Traffic classified as normal baseline behavior,tcp.dstport,HEALTHY BASELINE (Normal Operation Preserved),Normal Dynamics Maintained
603,2026-08-23 11:46:58,Password,Password,91.33,0.0,0.0,1777.954,PASS,High-fidelity alert: Confidence (91.3%) meets threshold and features ['tcp.dstport'] match known domain mechanics.,tcp.dstport,DISPATCHED TO SOC OPERATOR (Verified Incident),Critical Threat Intercepted
604,2026-08-23 11:46:58,Ransomware,Port_Scanning,47.32,0.0,0.0,2188.8411,SUPPRESS,Alert suppressed: Low model confidence (47.3% < 65.0%).,tcp.dstport,SUPPRESSED BY FILTER (Noise / False Alarm Prevented),Actuator Shutdown / Operator Fatigue Prevented
605,2026-08-23 11:46:59,Vulnerability_scanner,Vulnerability_scanner,99.97,495.0,3.23,9204.0312,PASS,High-fidelity alert: Confidence (100.0%) meets threshold and features ['http.content_length'] match known domain mechanics.,http.content_length,DISPATCHED TO SOC OPERATOR (Verified Incident),Critical Threat Intercepted
606,2026-08-23 11:46:59,Fingerprinting,Fingerprinting,98.43,0.0,0.0,3244.9159,PASS,High-fidelity alert: Confidence (98.4%) meets threshold and features ['tcp.flags'] match known domain mechanics.,tcp.flags,DISPATCHED TO SOC OPERATOR (Verified Incident),Critical Threat Intercepted
607,2026-08-23 11:47:00,XSS,XSS,99.88,0.0,0.0,3774.381,PASS,High-fidelity alert: Confidence (99.9%) meets threshold and features ['http.content_length'] match known domain mechanics.,http.content_length,DISPATCHED TO SOC OPERATOR (Verified Incident),Critical Threat Intercepted
608,2026-08-23 11:47:00,Normal,Normal,99.93,14.0,7.7,852.9162,NORMAL,Traffic classified as normal baseline behavior,tcp.dstport,HEALTHY BASELINE (Normal Operation Preserved),Normal Dynamics Maintained
609,2026-08-23 11:47:01,Vulnerability_scanner,Vulnerability_scanner,99.94,161.0,7.07,4845.289,PASS,High-fidelity alert: Confidence (99.9%) meets threshold and features ['http.content_length'] match known domain mechanics.,http.content_length,DISPATCHED TO SOC OPERATOR (Verified Incident),Critical Threat Intercepted
610,2026-08-23 11:47:01,DDoS_TCP,DDoS_TCP,99.98,120.0,2.14,199343390.3713,PASS,High-fidelity alert: Confidence (100.0%) meets threshold and features ['tcp.flags'] match known domain mechanics.,tcp.flags,DISPATCHED TO SOC OPERATOR (Verified Incident),Critical Threat Intercepted
611,2026-08-23 11:47:02,DDoS_TCP,DDoS_TCP,99.85,0.0,0.0,3956.6809,PASS,High-fidelity alert: Confidence (99.9%) meets threshold and features ['tcp.flags'] match known domain mechanics.,tcp.flags,DISPATCHED TO SOC OPERATOR (Verified Incident),Critical Threat Intercepted
612,2026-08-23 11:47:02,DDoS_UDP,DDoS_UDP,99.95,0.0,0.0,218923.3629,PASS,High-fidelity alert: Confidence (99.9%) meets threshold and features ['udp.port'] match known domain mechanics.,udp.port,DISPATCHED TO SOC OPERATOR (Verified Incident),Critical Threat Intercepted
613,2026-08-23 11:47:03,DDoS_TCP,DDoS_TCP,99.96,0.0,0.0,4931.5044,PASS,High-fidelity alert: Confidence (100.0%) meets threshold and features ['tcp.flags'] match known domain mechanics.,tcp.flags,DISPATCHED TO SOC OPERATOR (Verified Incident),Critical Threat Intercepted
614,2026-08-23 11:47:03,XSS,XSS,60.97,0.0,0.0,741827.3861,SUPPRESS,Alert suppressed: Low model confidence (61.0% < 65.0%).,http.content_length,SUPPRESSED BY FILTER (Noise / False Alarm Prevented),Actuator Shutdown / Operator Fatigue Prevented
615,2026-08-23 11:47:04,Normal,Normal,99.95,41.0,0.0,1901.0065,NORMAL,Traffic classified as normal baseline behavior,tcp.dstport,HEALTHY BASELINE (Normal Operation Preserved),Normal Dynamics Maintained
616,2026-08-23 11:47:04,SQL_injection,SQL_injection,86.89,316.0,1.67,5065.9648,PASS,High-fidelity alert: Confidence (86.9%) meets threshold and features ['http.content_length'] match known domain mechanics.,http.content_length,DISPATCHED TO SOC OPERATOR (Verified Incident),Critical Threat Intercepted
617,2026-08-23 11:47:05,DDoS_UDP,DDoS_UDP,99.95,0.0,0.0,385898.8052,PASS,High-fidelity alert: Confidence (100.0%) meets threshold and features ['udp.port'] match known domain mechanics.,udp.port,DISPATCHED TO SOC OPERATOR (Verified Incident),Critical Threat Intercepted
618,2026-08-23 11:47:05,Fingerprinting,Fingerprinting,98.24,0.0,0.0,950.5889,PASS,High-fidelity alert: Confidence (98.2%) meets threshold and features ['tcp.flags'] match known domain mechanics.,tcp.flags,DISPATCHED TO SOC OPERATOR (Verified Incident),Critical Threat Intercepted
619,2026-08-23 11:47:06,Fingerprinting,Fingerprinting,98.9,0.0,0.0,1848407.4441,PASS,High-fidelity alert: Confidence (98.9%) meets threshold and features ['tcp.flags'] match known domain mechanics.,tcp.flags,DISPATCHED TO SOC OPERATOR (Verified Incident),Critical Threat Intercepted
620,2026-08-23 11:47:06,Password,Password,98.2,260.0,0.0,3413.1448,PASS,High-fidelity alert: Confidence (98.2%) meets threshold and features ['tcp.dstport'] match known domain mechanics.,tcp.dstport,DISPATCHED TO SOC OPERATOR (Verified Incident),Critical Threat Intercepted
621,2026-08-23 11:47:07,XSS,XSS,99.73,0.0,0.0,188.2778,PASS,High-fidelity alert: Confidence (99.7%) meets threshold and features ['http.content_length'] match known domain mechanics.,http.content_length,DISPATCHED TO SOC OPERATOR (Verified Incident),Critical Threat Intercepted
622,2026-08-23 11:47:07,Uploading,Uploading,99.48,0.0,0.0,198408.7692,PASS,High-fidelity alert: Confidence (99.5%) meets threshold and features ['tcp.len'] match known domain mechanics.,tcp.len,DISPATCHED TO SOC OPERATOR (Verified Incident),Critical Threat Intercepted
623,2026-08-23 11:47:08,SQL_injection,SQL_injection,99.77,0.0,0.0,3316.0593,PASS,High-fidelity alert: Confidence (99.8%) meets threshold and features ['http.content_length'] match known domain mechanics.,http.content_length,DISPATCHED TO SOC OPERATOR (Verified Incident),Critical Threat Intercepted
624,2026-08-23 11:47:08,DDoS_ICMP,DDoS_ICMP,99.95,0.0,0.0,10284.9677,PASS,High-fidelity alert: Confidence (100.0%) meets threshold and features ['icmp.checksum'] match known domain mechanics.,icmp.checksum,DISPATCHED TO SOC OPERATOR (Verified Incident),Critical Threat Intercepted
625,2026-08-23 11:47:09,Normal,Normal,99.95,0.0,0.0,325.1732,NORMAL,Traffic classified as normal baseline behavior,tcp.dstport,HEALTHY BASELINE (Normal Operation Preserved),Normal Dynamics Maintained
626,2026-08-23 11:47:09,Password,Password,89.1,221.0,3.72,4740.3892,PASS,High-fidelity alert: Confidence (89.1%) meets threshold and features ['tcp.dstport'] match known domain mechanics.,tcp.dstport,DISPATCHED TO SOC OPERATOR (Verified Incident),Critical Threat Intercepted
627,2026-08-23 11:47:10,Port_Scanning,Port_Scanning,99.93,0.0,0.0,21707248.5919,PASS,High-fidelity alert: Confidence (99.9%) meets threshold and features ['tcp.dstport'] match known domain mechanics.,tcp.dstport,DISPATCHED TO SOC OPERATOR (Verified Incident),Critical Threat Intercepted
628,2026-08-23 11:47:10,Ransomware,Ransomware,29.75,0.0,0.0,2642.0657,SUPPRESS,Alert suppressed: Low model confidence (29.7% < 65.0%).,tcp.len,SUPPRESSED BY FILTER (Noise / False Alarm Prevented),Actuator Shutdown / Operator Fatigue Prevented
629,2026-08-23 11:47:11,Backdoor,Backdoor,99.95,448.0,3.48,33138.9505,PASS,High-fidelity alert: Confidence (100.0%) meets threshold and features ['tcp.dstport'] match known domain mechanics.,tcp.dstport,DISPATCHED TO SOC OPERATOR (Verified Incident),Critical Threat Intercepted
630,2026-08-23 11:47:11,DDoS_TCP,DDoS_TCP,99.92,0.0,0.0,1711.5965,PASS,High-fidelity alert: Confidence (99.9%) meets threshold and features ['tcp.flags'] match known domain mechanics.,tcp.flags,DISPATCHED TO SOC OPERATOR (Verified Incident),Critical Threat Intercepted
631,2026-08-23 11:47:12,Fingerprinting,Ransomware,54.12,0.0,0.0,2808.1952,SUPPRESS,Alert suppressed: Low model confidence (54.1% < 65.0%).,tcp.len,SUPPRESSED BY FILTER (Noise / False Alarm Prevented),Actuator Shutdown / Operator Fatigue Prevented
632,2026-08-23 11:47:12,Port_Scanning,Port_Scanning,99.91,0.0,0.0,73963353.4419,PASS,High-fidelity alert: Confidence (99.9%) meets threshold and features ['tcp.dstport'] match known domain mechanics.,tcp.dstport,DISPATCHED TO SOC OPERATOR (Verified Incident),Critical Threat Intercepted
633,2026-08-23 11:47:13,DDoS_ICMP,DDoS_ICMP,99.95,0.0,0.0,6714.366,PASS,High-fidelity alert: Confidence (99.9%) meets threshold and features ['icmp.checksum'] match known domain mechanics.,icmp.checksum,DISPATCHED TO SOC OPERATOR (Verified Incident),Critical Threat Intercepted
634,2026-08-23 11:47:13,SQL_injection,SQL_injection,66.37,0.0,0.0,3045.7036,PASS,High-fidelity alert: Confidence (66.4%) meets threshold and features ['http.content_length'] match known domain mechanics.,http.content_length,DISPATCHED TO SOC OPERATOR (Verified Incident),Critical Threat Intercepted
635,2026-08-23 11:47:14,Normal,Normal,99.67,0.0,0.0,3328.9549,NORMAL,Traffic classified as normal baseline behavior,tcp.dstport,HEALTHY BASELINE (Normal Operation Preserved),Normal Dynamics Maintained
636,2026-08-23 11:47:14,Fingerprinting,Ransomware,69.23,0.0,0.0,3586.6982,PASS,High-fidelity alert: Confidence (69.2%) meets threshold and features ['tcp.len'] match known domain mechanics.,tcp.len,DISPATCHED TO SOC OPERATOR (Verified Incident),Critical Threat Intercepted
637,2026-08-23 11:47:15,Normal,Normal,99.96,0.0,0.0,1514.3238,NORMAL,Traffic classified as normal baseline behavior,tcp.dstport,HEALTHY BASELINE (Normal Operation Preserved),Normal Dynamics Maintained
638,2026-08-23 11:47:15,MITM,Ransomware,29.66,0.0,0.0,601.7897,SUPPRESS,Alert suppressed: Low model confidence (29.7% < 65.0%).,tcp.len,SUPPRESSED BY FILTER (Noise / False Alarm Prevented),Actuator Shutdown / Operator Fatigue Prevented
639,2026-08-23 11:47:16,Backdoor,Backdoor,99.95,0.0,0.0,12403.6367,PASS,High-fidelity alert: Confidence (99.9%) meets threshold and features ['tcp.dstport'] match known domain mechanics.,tcp.dstport,DISPATCHED TO SOC OPERATOR (Verified Incident),Critical Threat Intercepted
640,2026-08-23 11:47:16,Vulnerability_scanner,Vulnerability_scanner,99.97,262.0,3.59,2837.4881,PASS,High-fidelity alert: Confidence (100.0%) meets threshold and features ['http.content_length'] match known domain mechanics.,http.content_length,DISPATCHED TO SOC OPERATOR (Verified Incident),Critical Threat Intercepted
641,2026-08-23 11:47:17,Uploading,Uploading,99.08,0.0,0.0,4885.0896,PASS,High-fidelity alert: Confidence (99.1%) meets threshold and features ['tcp.len'] match known domain mechanics.,tcp.len,DISPATCHED TO SOC OPERATOR (Verified Incident),Critical Threat Intercepted
642,2026-08-23 11:47:17,Port_Scanning,Port_Scanning,99.88,0.0,0.0,2047.5435,PASS,High-fidelity alert: Confidence (99.9%) meets threshold and features ['tcp.dstport'] match known domain mechanics.,tcp.dstport,DISPATCHED TO SOC OPERATOR (Verified Incident),Critical Threat Intercepted
643,2026-08-23 11:47:18,MITM,MITM,32.72,0.0,0.0,1802.5504,SUPPRESS,Alert suppressed: Low model confidence (32.7% < 65.0%).,arp.opcode,SUPPRESSED BY FILTER (Noise / False Alarm Prevented),Actuator Shutdown / Operator Fatigue Prevented
644,2026-08-23 11:47:18,Vulnerability_scanner,Vulnerability_scanner,52.17,0.0,0.0,4209.9255,SUPPRESS,Alert suppressed: Low model confidence (52.2% < 65.0%).,http.content_length,SUPPRESSED BY FILTER (Noise / False Alarm Prevented),Actuator Shutdown / Operator Fatigue Prevented
645,2026-08-23 11:47:19,MITM,Ransomware,34.65,0.0,0.0,1479.9239,SUPPRESS,Alert suppressed: Low model confidence (34.7% < 65.0%).,tcp.len,SUPPRESSED BY FILTER (Noise / False Alarm Prevented),Actuator Shutdown / Operator Fatigue Prevented
646,2026-08-23 11:47:19,Ransomware,Ransomware,99.96,464.0,3.39,107738.8169,PASS,High-fidelity alert: Confidence (100.0%) meets threshold and features ['tcp.len'] match known domain mechanics.,tcp.len,DISPATCHED TO SOC OPERATOR (Verified Incident),Critical Threat Intercepted
647,2026-08-23 11:47:20,Vulnerability_scanner,Vulnerability_scanner,99.97,495.0,2.95,6238.2633,PASS,High-fidelity alert: Confidence (100.0%) meets threshold and features ['http.content_length'] match known domain mechanics.,http.content_length,DISPATCHED TO SOC OPERATOR (Verified Incident),Critical Threat Intercepted
648,2026-08-23 11:47:20,Ransomware,MITM,49.18,0.0,0.0,2019.9548,SUPPRESS,Alert suppressed: Low model confidence (49.2% < 65.0%).,arp.opcode,SUPPRESSED BY FILTER (Noise / False Alarm Prevented),Actuator Shutdown / Operator Fatigue Prevented
649,2026-08-23 11:47:21,DDoS_ICMP,DDoS_ICMP,99.95,0.0,0.0,5864.0725,PASS,High-fidelity alert: Confidence (99.9%) meets threshold and features ['icmp.checksum'] match known domain mechanics.,icmp.checksum,DISPATCHED TO SOC OPERATOR (Verified Incident),Critical Threat Intercepted
650,2026-08-23 11:47:21,Normal,Normal,99.9,0.0,0.0,4293.4826,NORMAL,Traffic classified as normal baseline behavior,tcp.dstport,HEALTHY BASELINE (Normal Operation Preserved),Normal Dynamics Maintained
651,2026-08-23 11:47:22,DDoS_TCP,DDoS_TCP,99.97,120.0,0.0,157920476.5184,PASS,High-fidelity alert: Confidence (100.0%) meets threshold and features ['tcp.flags'] match known domain mechanics.,tcp.flags,DISPATCHED TO SOC OPERATOR (Verified Incident),Critical Threat Intercepted
652,2026-08-23 11:47:22,MITM,Ransomware,37.21,0.0,0.0,3271.1294,SUPPRESS,Alert suppressed: Low model confidence (37.2% < 65.0%).,tcp.len,SUPPRESSED BY FILTER (Noise / False Alarm Prevented),Actuator Shutdown / Operator Fatigue Prevented
653,2026-08-23 11:47:23,Backdoor,Port_Scanning,49.14,0.0,0.0,3666.6523,SUPPRESS,Alert suppressed: Low model confidence (49.1% < 65.0%).,tcp.dstport,SUPPRESSED BY FILTER (Noise / False Alarm Prevented),Actuator Shutdown / Operator Fatigue Prevented
654,2026-08-23 11:47:23,Backdoor,Backdoor,99.94,0.0,0.0,185576.8764,PASS,High-fidelity alert: Confidence (99.9%) meets threshold and features ['tcp.dstport'] match known domain mechanics.,tcp.dstport,DISPATCHED TO SOC OPERATOR (Verified Incident),Critical Threat Intercepted
655,2026-08-23 11:47:24,DDoS_TCP,DDoS_TCP,99.97,120.0,0.35,172126829.5306,PASS,High-fidelity alert: Confidence (100.0%) meets threshold and features ['tcp.flags'] match known domain mechanics.,tcp.flags,DISPATCHED TO SOC OPERATOR (Verified Incident),Critical Threat Intercepted
656,2026-08-23 11:47:24,SQL_injection,SQL_injection,99.39,477.0,8.09,5005.6492,PASS,High-fidelity alert: Confidence (99.4%) meets threshold and features ['http.content_length'] match known domain mechanics.,http.content_length,DISPATCHED TO SOC OPERATOR (Verified Incident),Critical Threat Intercepted
657,2026-08-23 11:47:25,Port_Scanning,Port_Scanning,99.94,0.0,0.0,30871227.7068,PASS,High-fidelity alert: Confidence (99.9%) meets threshold and features ['tcp.dstport'] match known domain mechanics.,tcp.dstport,DISPATCHED TO SOC OPERATOR (Verified Incident),Critical Threat Intercepted
658,2026-08-23 11:47:25,XSS,XSS,99.68,0.0,0.0,844.1482,PASS,High-fidelity alert: Confidence (99.7%) meets threshold and features ['http.content_length'] match known domain mechanics.,http.content_length,DISPATCHED TO SOC OPERATOR (Verified Incident),Critical Threat Intercepted
659,2026-08-23 11:47:26,DDoS_ICMP,DDoS_ICMP,99.95,0.0,0.0,15969.273,PASS,High-fidelity alert: Confidence (100.0%) meets threshold and features ['icmp.checksum'] match known domain mechanics.,icmp.checksum,DISPATCHED TO SOC OPERATOR (Verified Incident),Critical Threat Intercepted
660,2026-08-23 11:47:26,Vulnerability_scanner,Vulnerability_scanner,99.97,495.0,5.91,8019.5356,PASS,High-fidelity alert: Confidence (100.0%) meets threshold and features ['http.content_length'] match known domain mechanics.,http.content_length,DISPATCHED TO SOC OPERATOR (Verified Incident),Critical Threat Intercepted
661,2026-08-23 11:47:27,Backdoor,Backdoor,99.95,304.0,10.59,64827.0065,PASS,High-fidelity alert: Confidence (100.0%) meets threshold and features ['tcp.dstport'] match known domain mechanics.,tcp.dstport,DISPATCHED TO SOC OPERATOR (Verified Incident),Critical Threat Intercepted
662,2026-08-23 11:47:27,XSS,XSS,99.72,0.0,0.0,4283.8361,PASS,High-fidelity alert: Confidence (99.7%) meets threshold and features ['http.content_length'] match known domain mechanics.,http.content_length,DISPATCHED TO SOC OPERATOR (Verified Incident),Critical Threat Intercepted
663,2026-08-23 11:47:28,Ransomware,Ransomware,99.89,0.0,0.0,49610.6713,PASS,High-fidelity alert: Confidence (99.9%) meets threshold and features ['tcp.len'] match known domain mechanics.,tcp.len,DISPATCHED TO SOC OPERATOR (Verified Incident),Critical Threat Intercepted
664,2026-08-23 11:47:28,Normal,Normal,99.98,2.0,0.68,4392.2814,NORMAL,Traffic classified as normal baseline behavior,tcp.dstport,HEALTHY BASELINE (Normal Operation Preserved),Normal Dynamics Maintained
665,2026-08-23 11:47:29,MITM,Ransomware,25.86,0.0,0.0,2737.542,SUPPRESS,Alert suppressed: Low model confidence (25.9% < 65.0%).,tcp.len,SUPPRESSED BY FILTER (Noise / False Alarm Prevented),Actuator Shutdown / Operator Fatigue Prevented
666,2026-08-23 11:47:29,Password,Password,61.33,0.0,0.0,970.2814,SUPPRESS,Alert suppressed: Low model confidence (61.3% < 65.0%).,tcp.dstport,SUPPRESSED BY FILTER (Noise / False Alarm Prevented),Actuator Shutdown / Operator Fatigue Prevented
667,2026-08-23 11:47:30,Password,Password,91.24,0.0,0.0,1483.0262,PASS,High-fidelity alert: Confidence (91.2%) meets threshold and features ['tcp.dstport'] match known domain mechanics.,tcp.dstport,DISPATCHED TO SOC OPERATOR (Verified Incident),Critical Threat Intercepted
668,2026-08-23 11:47:30,MITM,MITM,99.84,5353.0,3.92,2499.2643,PASS,High-fidelity alert: Confidence (99.8%) meets threshold and features ['arp.opcode'] match known domain mechanics.,arp.opcode,DISPATCHED TO SOC OPERATOR (Verified Incident),Critical Threat Intercepted
669,2026-08-23 11:47:31,Password,Password,99.51,0.0,0.0,4198.2476,PASS,High-fidelity alert: Confidence (99.5%) meets threshold and features ['tcp.dstport'] match known domain mechanics.,tcp.dstport,DISPATCHED TO SOC OPERATOR (Verified Incident),Critical Threat Intercepted
670,2026-08-23 11:47:31,DDoS_ICMP,DDoS_ICMP,99.95,0.0,0.0,10982.2797,PASS,High-fidelity alert: Confidence (100.0%) meets threshold and features ['icmp.checksum'] match known domain mechanics.,icmp.checksum,DISPATCHED TO SOC OPERATOR (Verified Incident),Critical Threat Intercepted
671,2026-08-23 11:47:32,Backdoor,Backdoor,99.53,0.0,0.0,4748.1568,PASS,High-fidelity alert: Confidence (99.5%) meets threshold and features ['tcp.dstport'] match known domain mechanics.,tcp.dstport,DISPATCHED TO SOC OPERATOR (Verified Incident),Critical Threat Intercepted
672,2026-08-23 11:47:32,DDoS_TCP,DDoS_TCP,99.94,0.0,0.0,578.8739,PASS,High-fidelity alert: Confidence (99.9%) meets threshold and features ['tcp.flags'] match known domain mechanics.,tcp.flags,DISPATCHED TO SOC OPERATOR (Verified Incident),Critical Threat Intercepted
673,2026-08-23 11:47:33,Fingerprinting,Fingerprinting,98.94,0.0,0.0,8963.8813,PASS,High-fidelity alert: Confidence (98.9%) meets threshold and features ['tcp.flags'] match known domain mechanics.,tcp.flags,DISPATCHED TO SOC OPERATOR (Verified Incident),Critical Threat Intercepted
674,2026-08-23 11:47:33,Backdoor,Backdoor,99.95,400.0,1.94,127437.956,PASS,High-fidelity alert: Confidence (100.0%) meets threshold and features ['tcp.dstport'] match known domain mechanics.,tcp.dstport,DISPATCHED TO SOC OPERATOR (Verified Incident),Critical Threat Intercepted
675,2026-08-23 11:47:34,DDoS_HTTP,Password,69.11,0.0,0.0,116.9702,PASS,High-fidelity alert: Confidence (69.1%) meets threshold and features ['tcp.dstport'] match known domain mechanics.,tcp.dstport,DISPATCHED TO SOC OPERATOR (Verified Incident),Critical Threat Intercepted
676,2026-08-23 11:47:34,DDoS_TCP,DDoS_TCP,99.93,0.0,0.0,242.4017,PASS,High-fidelity alert: Confidence (99.9%) meets threshold and features ['tcp.flags'] match known domain mechanics.,tcp.flags,DISPATCHED TO SOC OPERATOR (Verified Incident),Critical Threat Intercepted
677,2026-08-23 11:47:35,Backdoor,Backdoor,99.93,0.0,0.0,250404.3373,PASS,High-fidelity alert: Confidence (99.9%) meets threshold and features ['tcp.dstport'] match known domain mechanics.,tcp.dstport,DISPATCHED TO SOC OPERATOR (Verified Incident),Critical Threat Intercepted
678,2026-08-23 11:47:35,Password,Password,95.29,86.0,2.25,562.2007,PASS,High-fidelity alert: Confidence (95.3%) meets threshold and features ['tcp.dstport'] match known domain mechanics.,tcp.dstport,DISPATCHED TO SOC OPERATOR (Verified Incident),Critical Threat Intercepted
679,2026-08-23 11:47:36,DDoS_ICMP,DDoS_ICMP,99.95,0.0,0.0,8860.2559,PASS,High-fidelity alert: Confidence (100.0%) meets threshold and features ['icmp.checksum'] match known domain mechanics.,icmp.checksum,DISPATCHED TO SOC OPERATOR (Verified Incident),Critical Threat Intercepted
680,2026-08-23 11:47:36,DDoS_HTTP,SQL_injection,44.0,0.0,0.0,2506.9649,SUPPRESS,Alert suppressed: Low model confidence (44.0% < 65.0%).,http.content_length,SUPPRESSED BY FILTER (Noise / False Alarm Prevented),Actuator Shutdown / Operator Fatigue Prevented
681,2026-08-23 11:47:37,Password,Password,94.34,261.0,2.62,1169.1254,PASS,High-fidelity alert: Confidence (94.3%) meets threshold and features ['tcp.dstport'] match known domain mechanics.,tcp.dstport,DISPATCHED TO SOC OPERATOR (Verified Incident),Critical Threat Intercepted
682,2026-08-23 11:47:37,Password,Password,97.34,0.0,0.0,547.9666,PASS,High-fidelity alert: Confidence (97.3%) meets threshold and features ['tcp.dstport'] match known domain mechanics.,tcp.dstport,DISPATCHED TO SOC OPERATOR (Verified Incident),Critical Threat Intercepted
683,2026-08-23 11:47:38,Backdoor,Backdoor,99.96,0.0,0.0,147284.4494,PASS,High-fidelity alert: Confidence (100.0%) meets threshold and features ['tcp.dstport'] match known domain mechanics.,tcp.dstport,DISPATCHED TO SOC OPERATOR (Verified Incident),Critical Threat Intercepted
684,2026-08-23 11:47:38,Vulnerability_scanner,Vulnerability_scanner,99.96,495.0,5.54,992.6828,PASS,High-fidelity alert: Confidence (100.0%) meets threshold and features ['http.content_length'] match known domain mechanics.,http.content_length,DISPATCHED TO SOC OPERATOR (Verified Incident),Critical Threat Intercepted
685,2026-08-23 11:47:39,Normal,Normal,99.95,41.0,2.07,1507.1788,NORMAL,Traffic classified as normal baseline behavior,tcp.dstport,HEALTHY BASELINE (Normal Operation Preserved),Normal Dynamics Maintained
686,2026-08-23 11:47:39,Backdoor,Backdoor,99.97,400.0,3.26,125983.7101,PASS,High-fidelity alert: Confidence (100.0%) meets threshold and features ['tcp.dstport'] match known domain mechanics.,tcp.dstport,DISPATCHED TO SOC OPERATOR (Verified Incident),Critical Threat Intercepted
687,2026-08-23 11:47:40,Uploading,Uploading,99.71,0.0,0.0,604.9327,PASS,High-fidelity alert: Confidence (99.7%) meets threshold and features ['tcp.len'] match known domain mechanics.,tcp.len,DISPATCHED TO SOC OPERATOR (Verified Incident),Critical Threat Intercepted
688,2026-08-23 11:47:40,Fingerprinting,MITM,35.6,0.0,0.0,1933.5334,SUPPRESS,Alert suppressed: Low model confidence (35.6% < 65.0%).,arp.opcode,SUPPRESSED BY FILTER (Noise / False Alarm Prevented),Actuator Shutdown / Operator Fatigue Prevented
689,2026-08-23 11:47:41,Password,Password,99.51,0.0,0.0,2428.9818,PASS,High-fidelity alert: Confidence (99.5%) meets threshold and features ['tcp.dstport'] match known domain mechanics.,tcp.dstport,DISPATCHED TO SOC OPERATOR (Verified Incident),Critical Threat Intercepted
690,2026-08-23 11:47:41,SQL_injection,SQL_injection,66.5,0.0,0.0,61.1428,PASS,High-fidelity alert: Confidence (66.5%) meets threshold and features ['http.content_length'] match known domain mechanics.,http.content_length,DISPATCHED TO SOC OPERATOR (Verified Incident),Critical Threat Intercepted
691,2026-08-23 11:47:42,Uploading,Uploading,99.86,149.0,4.22,876.3792,PASS,High-fidelity alert: Confidence (99.9%) meets threshold and features ['tcp.len'] match known domain mechanics.,tcp.len,DISPATCHED TO SOC OPERATOR (Verified Incident),Critical Threat Intercepted
692,2026-08-23 11:47:42,Password,Password,99.76,0.0,0.0,1924.278,PASS,High-fidelity alert: Confidence (99.8%) meets threshold and features ['tcp.dstport'] match known domain mechanics.,tcp.dstport,DISPATCHED TO SOC OPERATOR (Verified Incident),Critical Threat Intercepted
693,2026-08-23 11:47:43,Fingerprinting,Fingerprinting,98.1,0.0,0.0,5108.1414,PASS,High-fidelity alert: Confidence (98.1%) meets threshold and features ['tcp.flags'] match known domain mechanics.,tcp.flags,DISPATCHED TO SOC OPERATOR (Verified Incident),Critical Threat Intercepted
694,2026-08-23 11:47:43,SQL_injection,SQL_injection,99.8,0.0,0.0,3767.9849,PASS,High-fidelity alert: Confidence (99.8%) meets threshold and features ['http.content_length'] match known domain mechanics.,http.content_length,DISPATCHED TO SOC OPERATOR (Verified Incident),Critical Threat Intercepted
695,2026-08-23 11:47:44,MITM,MITM,99.75,5353.0,2.96,3117.7309,PASS,High-fidelity alert: Confidence (99.8%) meets threshold and features ['arp.opcode'] match known domain mechanics.,arp.opcode,DISPATCHED TO SOC OPERATOR (Verified Incident),Critical Threat Intercepted
696,2026-08-23 11:47:44,DDoS_UDP,DDoS_UDP,99.95,0.0,0.0,168232.6512,PASS,High-fidelity alert: Confidence (100.0%) meets threshold and features ['udp.port'] match known domain mechanics.,udp.port,DISPATCHED TO SOC OPERATOR (Verified Incident),Critical Threat Intercepted
697,2026-08-23 11:47:45,Uploading,Uploading,99.15,0.0,0.0,1098.1698,PASS,High-fidelity alert: Confidence (99.2%) meets threshold and features ['tcp.len'] match known domain mechanics.,tcp.len,DISPATCHED TO SOC OPERATOR (Verified Incident),Critical Threat Intercepted
698,2026-08-23 11:47:45,Uploading,Uploading,92.47,0.0,0.0,128667613.1853,PASS,High-fidelity alert: Confidence (92.5%) meets threshold and features ['tcp.len'] match known domain mechanics.,tcp.len,DISPATCHED TO SOC OPERATOR (Verified Incident),Critical Threat Intercepted
699,2026-08-23 11:47:46,XSS,XSS,99.73,0.0,0.0,3305.1465,PASS,High-fidelity alert: Confidence (99.7%) meets threshold and features ['http.content_length'] match known domain mechanics.,http.content_length,DISPATCHED TO SOC OPERATOR (Verified Incident),Critical Threat Intercepted
700,2026-08-23 11:47:46,Port_Scanning,Port_Scanning,99.94,0.0,0.0,198116225.795,PASS,High-fidelity alert: Confidence (99.9%) meets threshold and features ['tcp.dstport'] match known domain mechanics.,tcp.dstport,DISPATCHED TO SOC OPERATOR (Verified Incident),Critical Threat Intercepted
701,2026-08-23 11:47:47,Backdoor,Backdoor,99.96,400.0,3.7,122327.7455,PASS,High-fidelity alert: Confidence (100.0%) meets threshold and features ['tcp.dstport'] match known domain mechanics.,tcp.dstport,DISPATCHED TO SOC OPERATOR (Verified Incident),Critical Threat Intercepted
702,2026-08-23 11:47:47,Password,SQL_injection,67.9,0.0,0.0,1339.0082,PASS,High-fidelity alert: Confidence (67.9%) meets threshold and features ['http.content_length'] match known domain mechanics.,http.content_length,DISPATCHED TO SOC OPERATOR (Verified Incident),Critical Threat Intercepted
703,2026-08-23 11:47:48,Backdoor,Backdoor,99.95,400.0,1.88,128975.6016,PASS,High-fidelity alert: Confidence (99.9%) meets threshold and features ['tcp.dstport'] match known domain mechanics.,tcp.dstport,DISPATCHED TO SOC OPERATOR (Verified Incident),Critical Threat Intercepted
704,2026-08-23 11:47:48,MITM,MITM,34.6,0.0,0.0,1698.986,SUPPRESS,Alert suppressed: Low model confidence (34.6% < 65.0%).,arp.opcode,SUPPRESSED BY FILTER (Noise / False Alarm Prevented),Actuator Shutdown / Operator Fatigue Prevented
705,2026-08-23 11:47:49,Normal,Normal,99.93,0.0,0.0,13290187.3668,NORMAL,Traffic classified as normal baseline behavior,tcp.dstport,HEALTHY BASELINE (Normal Operation Preserved),Normal Dynamics Maintained
706,2026-08-23 11:47:49,DDoS_HTTP,DDoS_HTTP,99.8,23.0,5.02,3586.1721,PASS,High-fidelity alert: Confidence (99.8%) meets threshold and features ['http.content_length'] match known domain mechanics.,http.content_length,DISPATCHED TO SOC OPERATOR (Verified Incident),Critical Threat Intercepted
707,2026-08-23 11:47:50,DDoS_ICMP,DDoS_ICMP,99.95,0.0,0.0,7725.1498,PASS,High-fidelity alert: Confidence (100.0%) meets threshold and features ['icmp.checksum'] match known domain mechanics.,icmp.checksum,DISPATCHED TO SOC OPERATOR (Verified Incident),Critical Threat Intercepted
708,2026-08-23 11:47:50,MITM,Ransomware,29.42,0.0,0.0,3096.4911,SUPPRESS,Alert suppressed: Low model confidence (29.4% < 65.0%).,tcp.len,SUPPRESSED BY FILTER (Noise / False Alarm Prevented),Actuator Shutdown / Operator Fatigue Prevented
709,2026-08-23 11:47:51,DDoS_TCP,DDoS_TCP,99.86,120.0,11.39,155220671.026,PASS,High-fidelity alert: Confidence (99.9%) meets threshold and features ['tcp.flags'] match known domain mechanics.,tcp.flags,DISPATCHED TO SOC OPERATOR (Verified Incident),Critical Threat Intercepted
710,2026-08-23 11:47:51,Fingerprinting,Fingerprinting,97.1,0.0,0.0,27.8898,PASS,High-fidelity alert: Confidence (97.1%) meets threshold and features ['tcp.flags'] match known domain mechanics.,tcp.flags,DISPATCHED TO SOC OPERATOR (Verified Incident),Critical Threat Intercepted
711,2026-08-23 11:47:52,Password,DDoS_HTTP,52.43,0.0,0.0,530.4124,SUPPRESS,Alert suppressed: Low model confidence (52.4% < 65.0%).,http.content_length,SUPPRESSED BY FILTER (Noise / False Alarm Prevented),Actuator Shutdown / Operator Fatigue Prevented
712,2026-08-23 11:47:52,Normal,Normal,99.91,0.0,0.0,1770.2672,NORMAL,Traffic classified as normal baseline behavior,tcp.dstport,HEALTHY BASELINE (Normal Operation Preserved),Normal Dynamics Maintained
713,2026-08-23 11:47:53,DDoS_HTTP,DDoS_HTTP,74.89,0.0,0.0,763.0251,PASS,High-fidelity alert: Confidence (74.9%) meets threshold and features ['http.content_length'] match known domain mechanics.,http.content_length,DISPATCHED TO SOC OPERATOR (Verified Incident),Critical Threat Intercepted
714,2026-08-23 11:47:53,XSS,XSS,99.76,0.0,0.0,2052.371,PASS,High-fidelity alert: Confidence (99.8%) meets threshold and features ['http.content_length'] match known domain mechanics.,http.content_length,DISPATCHED TO SOC OPERATOR (Verified Incident),Critical Threat Intercepted
715,2026-08-23 11:47:54,DDoS_HTTP,DDoS_HTTP,99.71,37.0,3.11,3324.4366,PASS,High-fidelity alert: Confidence (99.7%) meets threshold and features ['http.content_length'] match known domain mechanics.,http.content_length,DISPATCHED TO SOC OPERATOR (Verified Incident),Critical Threat Intercepted
716,2026-08-23 11:47:54,Backdoor,Ransomware,32.96,0.0,0.0,2468.9875,SUPPRESS,Alert suppressed: Low model confidence (33.0% < 65.0%).,tcp.len,SUPPRESSED BY FILTER (Noise / False Alarm Prevented),Actuator Shutdown / Operator Fatigue Prevented
717,2026-08-23 11:47:55,Ransomware,Ransomware,99.97,464.0,2.35,80399.9051,PASS,High-fidelity alert: Confidence (100.0%) meets threshold and features ['tcp.len'] match known domain mechanics.,tcp.len,DISPATCHED TO SOC OPERATOR (Verified Incident),Critical Threat Intercepted
718,2026-08-23 11:47:55,DDoS_ICMP,DDoS_ICMP,99.95,0.0,0.0,6458.2229,PASS,High-fidelity alert: Confidence (99.9%) meets threshold and features ['icmp.checksum'] match known domain mechanics.,icmp.checksum,DISPATCHED TO SOC OPERATOR (Verified Incident),Critical Threat Intercepted
719,2026-08-23 11:47:56,Password,Password,99.03,261.0,3.0,1091.0646,PASS,High-fidelity alert: Confidence (99.0%) meets threshold and features ['tcp.dstport'] match known domain mechanics.,tcp.dstport,DISPATCHED TO SOC OPERATOR (Verified Incident),Critical Threat Intercepted
720,2026-08-23 11:47:56,Backdoor,Backdoor,99.96,528.0,6.36,116973.9502,PASS,High-fidelity alert: Confidence (100.0%) meets threshold and features ['tcp.dstport'] match known domain mechanics.,tcp.dstport,DISPATCHED TO SOC OPERATOR (Verified Incident),Critical Threat Intercepted
721,2026-08-23 11:47:57,Fingerprinting,Fingerprinting,98.43,0.0,0.0,69.9036,PASS,High-fidelity alert: Confidence (98.4%) meets threshold and features ['tcp.flags'] match known domain mechanics.,tcp.flags,DISPATCHED TO SOC OPERATOR (Verified Incident),Critical Threat Intercepted
722,2026-08-23 11:47:57,SQL_injection,SQL_injection,99.51,0.0,0.0,1982.6253,PASS,High-fidelity alert: Confidence (99.5%) meets threshold and features ['http.content_length'] match known domain mechanics.,http.content_length,DISPATCHED TO SOC OPERATOR (Verified Incident),Critical Threat Intercepted
723,2026-08-23 11:47:58,SQL_injection,SQL_injection,64.54,0.0,0.0,2966.8771,SUPPRESS,Alert suppressed: Low model confidence (64.5% < 65.0%).,http.content_length,SUPPRESSED BY FILTER (Noise / False Alarm Prevented),Actuator Shutdown / Operator Fatigue Prevented
724,2026-08-23 11:47:58,XSS,XSS,97.27,102.0,2.74,800.0831,PASS,High-fidelity alert: Confidence (97.3%) meets threshold and features ['http.content_length'] match known domain mechanics.,http.content_length,DISPATCHED TO SOC OPERATOR (Verified Incident),Critical Threat Intercepted
725,2026-08-23 11:47:59,Port_Scanning,Port_Scanning,99.92,0.0,0.0,155129535.6263,PASS,High-fidelity alert: Confidence (99.9%) meets threshold and features ['tcp.dstport'] match known domain mechanics.,tcp.dstport,DISPATCHED TO SOC OPERATOR (Verified Incident),Critical Threat Intercepted
726,2026-08-23 11:47:59,DDoS_HTTP,DDoS_HTTP,98.32,278.0,3.22,514.1833,PASS,High-fidelity alert: Confidence (98.3%) meets threshold and features ['http.content_length'] match known domain mechanics.,http.content_length,DISPATCHED TO SOC OPERATOR (Verified Incident),Critical Threat Intercepted
727,2026-08-23 11:48:00,DDoS_HTTP,DDoS_HTTP,66.01,0.0,0.0,3872.4244,PASS,High-fidelity alert: Confidence (66.0%) meets threshold and features ['http.content_length'] match known domain mechanics.,http.content_length,DISPATCHED TO SOC OPERATOR (Verified Incident),Critical Threat Intercepted
728,2026-08-23 11:48:00,SQL_injection,DDoS_HTTP,43.31,0.0,0.0,4368.9899,SUPPRESS,Alert suppressed: Low model confidence (43.3% < 65.0%).,http.content_length,SUPPRESSED BY FILTER (Noise / False Alarm Prevented),Actuator Shutdown / Operator Fatigue Prevented
729,2026-08-23 11:48:01,Backdoor,Backdoor,99.95,0.0,0.0,9284.7463,PASS,High-fidelity alert: Confidence (100.0%) meets threshold and features ['tcp.dstport'] match known domain mechanics.,tcp.dstport,DISPATCHED TO SOC OPERATOR (Verified Incident),Critical Threat Intercepted
730,2026-08-23 11:48:01,Uploading,XSS,53.86,0.0,0.0,463.5695,SUPPRESS,Alert suppressed: Low model confidence (53.9% < 65.0%).,http.content_length,SUPPRESSED BY FILTER (Noise / False Alarm Prevented),Actuator Shutdown / Operator Fatigue Prevented
731,2026-08-23 11:48:02,DDoS_HTTP,DDoS_HTTP,70.91,0.0,0.0,2581.5941,PASS,High-fidelity alert: Confidence (70.9%) meets threshold and features ['http.content_length'] match known domain mechanics.,http.content_length,DISPATCHED TO SOC OPERATOR (Verified Incident),Critical Threat Intercepted
732,2026-08-23 11:48:02,Fingerprinting,Fingerprinting,98.55,0.0,0.0,9680.4509,PASS,High-fidelity alert: Confidence (98.5%) meets threshold and features ['tcp.flags'] match known domain mechanics.,tcp.flags,DISPATCHED TO SOC OPERATOR (Verified Incident),Critical Threat Intercepted
733,2026-08-23 11:48:03,Vulnerability_scanner,Vulnerability_scanner,99.97,495.0,4.42,9254.4018,PASS,High-fidelity alert: Confidence (100.0%) meets threshold and features ['http.content_length'] match known domain mechanics.,http.content_length,DISPATCHED TO SOC OPERATOR (Verified Incident),Critical Threat Intercepted
734,2026-08-23 11:48:03,DDoS_UDP,DDoS_UDP,99.95,0.0,0.0,4316.1944,PASS,High-fidelity alert: Confidence (100.0%) meets threshold and features ['udp.port'] match known domain mechanics.,udp.port,DISPATCHED TO SOC OPERATOR (Verified Incident),Critical Threat Intercepted
735,2026-08-23 11:48:04,DDoS_HTTP,DDoS_HTTP,99.67,49.0,2.6,2073.0182,PASS,High-fidelity alert: Confidence (99.7%) meets threshold and features ['http.content_length'] match known domain mechanics.,http.content_length,DISPATCHED TO SOC OPERATOR (Verified Incident),Critical Threat Intercepted
736,2026-08-23 11:48:04,DDoS_ICMP,DDoS_ICMP,99.94,0.0,0.0,540656.5282,PASS,High-fidelity alert: Confidence (99.9%) meets threshold and features ['icmp.checksum'] match known domain mechanics.,icmp.checksum,DISPATCHED TO SOC OPERATOR (Verified Incident),Critical Threat Intercepted
737,2026-08-23 11:48:05,DDoS_TCP,DDoS_TCP,99.92,120.0,0.0,99646004.541,PASS,High-fidelity alert: Confidence (99.9%) meets threshold and features ['tcp.flags'] match known domain mechanics.,tcp.flags,DISPATCHED TO SOC OPERATOR (Verified Incident),Critical Threat Intercepted
738,2026-08-23 11:48:05,DDoS_UDP,DDoS_UDP,99.98,0.0,0.0,200494.4823,PASS,High-fidelity alert: Confidence (100.0%) meets threshold and features ['udp.port'] match known domain mechanics.,udp.port,DISPATCHED TO SOC OPERATOR (Verified Incident),Critical Threat Intercepted
739,2026-08-23 11:48:06,Normal,Normal,99.95,0.0,0.0,34655.0926,NORMAL,Traffic classified as normal baseline behavior,tcp.dstport,HEALTHY BASELINE (Normal Operation Preserved),Normal Dynamics Maintained
740,2026-08-23 11:48:06,DDoS_TCP,DDoS_TCP,99.91,120.0,0.0,69280542.483,PASS,High-fidelity alert: Confidence (99.9%) meets threshold and features ['tcp.flags'] match known domain mechanics.,tcp.flags,DISPATCHED TO SOC OPERATOR (Verified Incident),Critical Threat Intercepted
741,2026-08-23 11:48:07,Backdoor,Backdoor,99.9,136.0,0.0,48754.8408,PASS,High-fidelity alert: Confidence (99.9%) meets threshold and features ['tcp.dstport'] match known domain mechanics.,tcp.dstport,DISPATCHED TO SOC OPERATOR (Verified Incident),Critical Threat Intercepted
742,2026-08-23 11:48:07,Normal,Normal,99.96,825.0,2.13,15625146.0362,NORMAL,Traffic classified as normal baseline behavior,tcp.dstport,HEALTHY BASELINE (Normal Operation Preserved),Normal Dynamics Maintained
743,2026-08-23 11:48:08,Normal,Normal,99.95,0.0,0.0,24009.638,NORMAL,Traffic classified as normal baseline behavior,tcp.dstport,HEALTHY BASELINE (Normal Operation Preserved),Normal Dynamics Maintained
744,2026-08-23 11:48:08,Password,Password,98.4,0.0,0.0,692.2417,PASS,High-fidelity alert: Confidence (98.4%) meets threshold and features ['tcp.dstport'] match known domain mechanics.,tcp.dstport,DISPATCHED TO SOC OPERATOR (Verified Incident),Critical Threat Intercepted
745,2026-08-23 11:48:09,Port_Scanning,Port_Scanning,99.91,0.0,0.0,132414731.089,PASS,High-fidelity alert: Confidence (99.9%) meets threshold and features ['tcp.dstport'] match known domain mechanics.,tcp.dstport,DISPATCHED TO SOC OPERATOR (Verified Incident),Critical Threat Intercepted
746,2026-08-23 11:48:09,DDoS_HTTP,DDoS_HTTP,99.55,21.0,2.38,96.0775,PASS,High-fidelity alert: Confidence (99.5%) meets threshold and features ['http.content_length'] match known domain mechanics.,http.content_length,DISPATCHED TO SOC OPERATOR (Verified Incident),Critical Threat Intercepted
747,2026-08-23 11:48:10,DDoS_UDP,DDoS_UDP,99.97,0.0,0.0,242425.1802,PASS,High-fidelity alert: Confidence (100.0%) meets threshold and features ['udp.port'] match known domain mechanics.,udp.port,DISPATCHED TO SOC OPERATOR (Verified Incident),Critical Threat Intercepted
748,2026-08-23 11:48:10,Backdoor,Backdoor,99.95,208.0,0.0,192202.5271,PASS,High-fidelity alert: Confidence (100.0%) meets threshold and features ['tcp.dstport'] match known domain mechanics.,tcp.dstport,DISPATCHED TO SOC OPERATOR (Verified Incident),Critical Threat Intercepted
749,2026-08-23 11:48:11,Vulnerability_scanner,Vulnerability_scanner,99.97,495.0,0.0,4541463.1733,PASS,High-fidelity alert: Confidence (100.0%) meets threshold and features ['http.content_length'] match known domain mechanics.,http.content_length,DISPATCHED TO SOC OPERATOR (Verified Incident),Critical Threat Intercepted
750,2026-08-23 11:48:11,SQL_injection,SQL_injection,62.68,0.0,0.0,2815.84,SUPPRESS,Alert suppressed: Low model confidence (62.7% < 65.0%).,http.content_length,SUPPRESSED BY FILTER (Noise / False Alarm Prevented),Actuator Shutdown / Operator Fatigue Prevented
751,2026-08-23 11:48:12,Vulnerability_scanner,Vulnerability_scanner,98.95,0.0,0.0,3722.7991,PASS,High-fidelity alert: Confidence (99.0%) meets threshold and features ['http.content_length'] match known domain mechanics.,http.content_length,DISPATCHED TO SOC OPERATOR (Verified Incident),Critical Threat Intercepted
752,2026-08-23 11:48:12,DDoS_TCP,DDoS_TCP,99.96,0.0,0.0,220466.429,PASS,High-fidelity alert: Confidence (100.0%) meets threshold and features ['tcp.flags'] match known domain mechanics.,tcp.flags,DISPATCHED TO SOC OPERATOR (Verified Incident),Critical Threat Intercepted
753,2026-08-23 11:48:13,Uploading,Uploading,99.34,0.0,0.0,627.9455,PASS,High-fidelity alert: Confidence (99.3%) meets threshold and features ['tcp.len'] match known domain mechanics.,tcp.len,DISPATCHED TO SOC OPERATOR (Verified Incident),Critical Threat Intercepted
754,2026-08-23 11:48:13,Uploading,Uploading,99.63,0.0,0.0,318.9251,PASS,High-fidelity alert: Confidence (99.6%) meets threshold and features ['tcp.len'] match known domain mechanics.,tcp.len,DISPATCHED TO SOC OPERATOR (Verified Incident),Critical Threat Intercepted
755,2026-08-23 11:48:14,Normal,Normal,99.96,0.0,0.0,4623.2116,NORMAL,Traffic classified as normal baseline behavior,tcp.dstport,HEALTHY BASELINE (Normal Operation Preserved),Normal Dynamics Maintained
756,2026-08-23 11:48:14,DDoS_TCP,DDoS_TCP,99.98,120.0,3.3,221292346.9384,PASS,High-fidelity alert: Confidence (100.0%) meets threshold and features ['tcp.flags'] match known domain mechanics.,tcp.flags,DISPATCHED TO SOC OPERATOR (Verified Incident),Critical Threat Intercepted
757,2026-08-23 11:48:15,DDoS_ICMP,DDoS_ICMP,99.95,0.0,0.0,7776.3868,PASS,High-fidelity alert: Confidence (99.9%) meets threshold and features ['icmp.checksum'] match known domain mechanics.,icmp.checksum,DISPATCHED TO SOC OPERATOR (Verified Incident),Critical Threat Intercepted
758,2026-08-23 11:48:15,Uploading,Uploading,99.86,128.0,2.89,6901.2961,PASS,High-fidelity alert: Confidence (99.9%) meets threshold and features ['tcp.len'] match known domain mechanics.,tcp.len,DISPATCHED TO SOC OPERATOR (Verified Incident),Critical Threat Intercepted
759,2026-08-23 11:48:16,DDoS_ICMP,DDoS_ICMP,99.95,0.0,0.0,3149.4852,PASS,High-fidelity alert: Confidence (100.0%) meets threshold and features ['icmp.checksum'] match known domain mechanics.,icmp.checksum,DISPATCHED TO SOC OPERATOR (Verified Incident),Critical Threat Intercepted
760,2026-08-23 11:48:16,DDoS_TCP,DDoS_TCP,99.93,0.0,0.0,4207.6626,PASS,High-fidelity alert: Confidence (99.9%) meets threshold and features ['tcp.flags'] match known domain mechanics.,tcp.flags,DISPATCHED TO SOC OPERATOR (Verified Incident),Critical Threat Intercepted
761,2026-08-23 11:48:17,DDoS_HTTP,DDoS_HTTP,79.47,0.0,0.0,1509.9756,PASS,High-fidelity alert: Confidence (79.5%) meets threshold and features ['http.content_length'] match known domain mechanics.,http.content_length,DISPATCHED TO SOC OPERATOR (Verified Incident),Critical Threat Intercepted
762,2026-08-23 11:48:17,Uploading,Uploading,99.39,0.0,0.0,2200.3932,PASS,High-fidelity alert: Confidence (99.4%) meets threshold and features ['tcp.len'] match known domain mechanics.,tcp.len,DISPATCHED TO SOC OPERATOR (Verified Incident),Critical Threat Intercepted
763,2026-08-23 11:48:18,MITM,MITM,99.84,52047.0,1.95,10202.6079,PASS,High-fidelity alert: Confidence (99.8%) meets threshold and features ['arp.opcode'] match known domain mechanics.,arp.opcode,DISPATCHED TO SOC OPERATOR (Verified Incident),Critical Threat Intercepted
764,2026-08-23 11:48:18,DDoS_ICMP,DDoS_ICMP,99.94,0.0,0.0,10656.9042,PASS,High-fidelity alert: Confidence (99.9%) meets threshold and features ['icmp.checksum'] match known domain mechanics.,icmp.checksum,DISPATCHED TO SOC OPERATOR (Verified Incident),Critical Threat Intercepted
765,2026-08-23 11:48:19,Ransomware,Ransomware,99.97,464.0,17.82,46062.509,PASS,High-fidelity alert: Confidence (100.0%) meets threshold and features ['tcp.len'] match known domain mechanics.,tcp.len,DISPATCHED TO SOC OPERATOR (Verified Incident),Critical Threat Intercepted
766,2026-08-23 11:48:19,Ransomware,Ransomware,99.96,464.0,3.36,58409.8267,PASS,High-fidelity alert: Confidence (100.0%) meets threshold and features ['tcp.len'] match known domain mechanics.,tcp.len,DISPATCHED TO SOC OPERATOR (Verified Incident),Critical Threat Intercepted
767,2026-08-23 11:48:20,Backdoor,Backdoor,99.95,0.0,0.0,46735.8927,PASS,High-fidelity alert: Confidence (99.9%) meets threshold and features ['tcp.dstport'] match known domain mechanics.,tcp.dstport,DISPATCHED TO SOC OPERATOR (Verified Incident),Critical Threat Intercepted
768,2026-08-23 11:48:20,Backdoor,Backdoor,99.97,400.0,0.0,5108.4087,PASS,High-fidelity alert: Confidence (100.0%) meets threshold and features ['tcp.dstport'] match known domain mechanics.,tcp.dstport,DISPATCHED TO SOC OPERATOR (Verified Incident),Critical Threat Intercepted
769,2026-08-23 11:48:21,Password,Password,99.07,0.0,0.0,997.0158,PASS,High-fidelity alert: Confidence (99.1%) meets threshold and features ['tcp.dstport'] match known domain mechanics.,tcp.dstport,DISPATCHED TO SOC OPERATOR (Verified Incident),Critical Threat Intercepted
770,2026-08-23 11:48:21,Backdoor,Backdoor,99.96,304.0,2.13,214084.7413,PASS,High-fidelity alert: Confidence (100.0%) meets threshold and features ['tcp.dstport'] match known domain mechanics.,tcp.dstport,DISPATCHED TO SOC OPERATOR (Verified Incident),Critical Threat Intercepted
771,2026-08-23 11:48:22,SQL_injection,SQL_injection,80.08,0.0,0.0,3152.2978,PASS,High-fidelity alert: Confidence (80.1%) meets threshold and features ['http.content_length'] match known domain mechanics.,http.content_length,DISPATCHED TO SOC OPERATOR (Verified Incident),Critical Threat Intercepted
772,2026-08-23 11:48:22,DDoS_UDP,DDoS_UDP,99.93,0.0,0.0,9049.9626,PASS,High-fidelity alert: Confidence (99.9%) meets threshold and features ['udp.port'] match known domain mechanics.,udp.port,DISPATCHED TO SOC OPERATOR (Verified Incident),Critical Threat Intercepted
773,2026-08-23 11:48:23,DDoS_UDP,DDoS_UDP,99.97,0.0,0.0,255003.1573,PASS,High-fidelity alert: Confidence (100.0%) meets threshold and features ['udp.port'] match known domain mechanics.,udp.port,DISPATCHED TO SOC OPERATOR (Verified Incident),Critical Threat Intercepted
774,2026-08-23 11:48:23,Normal,Normal,99.88,0.0,0.0,7093.588,NORMAL,Traffic classified as normal baseline behavior,tcp.dstport,HEALTHY BASELINE (Normal Operation Preserved),Normal Dynamics Maintained
775,2026-08-23 11:48:24,Normal,Ransomware,63.05,0.0,0.0,10339.1637,SUPPRESS,Alert suppressed: Low model confidence (63.1% < 65.0%).,tcp.len,SUPPRESSED BY FILTER (Noise / False Alarm Prevented),Actuator Shutdown / Operator Fatigue Prevented
776,2026-08-23 11:48:24,Password,Password,75.57,0.0,0.0,389.9518,PASS,High-fidelity alert: Confidence (75.6%) meets threshold and features ['tcp.dstport'] match known domain mechanics.,tcp.dstport,DISPATCHED TO SOC OPERATOR (Verified Incident),Critical Threat Intercepted
777,2026-08-23 11:48:25,Uploading,Uploading,99.8,0.0,0.0,5499.0083,PASS,High-fidelity alert: Confidence (99.8%) meets threshold and features ['tcp.len'] match known domain mechanics.,tcp.len,DISPATCHED TO SOC OPERATOR (Verified Incident),Critical Threat Intercepted
778,2026-08-23 11:48:25,Port_Scanning,Port_Scanning,99.94,0.0,0.0,55157929.9999,PASS,High-fidelity alert: Confidence (99.9%) meets threshold and features ['tcp.dstport'] match known domain mechanics.,tcp.dstport,DISPATCHED TO SOC OPERATOR (Verified Incident),Critical Threat Intercepted
779,2026-08-23 11:48:26,Ransomware,Ransomware,99.89,0.0,0.0,33258.8213,PASS,High-fidelity alert: Confidence (99.9%) meets threshold and features ['tcp.len'] match known domain mechanics.,tcp.len,DISPATCHED TO SOC OPERATOR (Verified Incident),Critical Threat Intercepted
780,2026-08-23 11:48:26,Backdoor,MITM,37.84,0.0,0.0,2192.1934,SUPPRESS,Alert suppressed: Low model confidence (37.8% < 65.0%).,arp.opcode,SUPPRESSED BY FILTER (Noise / False Alarm Prevented),Actuator Shutdown / Operator Fatigue Prevented
781,2026-08-23 11:48:27,Backdoor,Backdoor,99.95,0.0,0.0,212703.2913,PASS,High-fidelity alert: Confidence (100.0%) meets threshold and features ['tcp.dstport'] match known domain mechanics.,tcp.dstport,DISPATCHED TO SOC OPERATOR (Verified Incident),Critical Threat Intercepted
782,2026-08-23 11:48:27,Password,Password,98.34,1448.0,3.34,2226.2038,PASS,High-fidelity alert: Confidence (98.3%) meets threshold and features ['tcp.dstport'] match known domain mechanics.,tcp.dstport,DISPATCHED TO SOC OPERATOR (Verified Incident),Critical Threat Intercepted
783,2026-08-23 11:48:28,Backdoor,Backdoor,99.95,0.0,0.0,242157.1118,PASS,High-fidelity alert: Confidence (99.9%) meets threshold and features ['tcp.dstport'] match known domain mechanics.,tcp.dstport,DISPATCHED TO SOC OPERATOR (Verified Incident),Critical Threat Intercepted
784,2026-08-23 11:48:28,DDoS_UDP,DDoS_UDP,99.96,0.0,0.0,93061.2777,PASS,High-fidelity alert: Confidence (100.0%) meets threshold and features ['udp.port'] match known domain mechanics.,udp.port,DISPATCHED TO SOC OPERATOR (Verified Incident),Critical Threat Intercepted
785,2026-08-23 11:48:29,Port_Scanning,Port_Scanning,99.87,0.0,0.0,833.358,PASS,High-fidelity alert: Confidence (99.9%) meets threshold and features ['tcp.dstport'] match known domain mechanics.,tcp.dstport,DISPATCHED TO SOC OPERATOR (Verified Incident),Critical Threat Intercepted
786,2026-08-23 11:48:29,MITM,MITM,99.76,5353.0,0.0,408225.766,PASS,High-fidelity alert: Confidence (99.8%) meets threshold and features ['arp.opcode'] match known domain mechanics.,arp.opcode,DISPATCHED TO SOC OPERATOR (Verified Incident),Critical Threat Intercepted
787,2026-08-23 11:48:30,Port_Scanning,Port_Scanning,99.94,0.0,0.0,42597150.4244,PASS,High-fidelity alert: Confidence (99.9%) meets threshold and features ['tcp.dstport'] match known domain mechanics.,tcp.dstport,DISPATCHED TO SOC OPERATOR (Verified Incident),Critical Threat Intercepted
788,2026-08-23 11:48:30,Uploading,Uploading,96.97,0.0,0.0,2135.0848,PASS,High-fidelity alert: Confidence (97.0%) meets threshold and features ['tcp.len'] match known domain mechanics.,tcp.len,DISPATCHED TO SOC OPERATOR (Verified Incident),Critical Threat Intercepted
789,2026-08-23 11:48:31,DDoS_UDP,DDoS_UDP,99.91,0.0,0.0,240060.899,PASS,High-fidelity alert: Confidence (99.9%) meets threshold and features ['udp.port'] match known domain mechanics.,udp.port,DISPATCHED TO SOC OPERATOR (Verified Incident),Critical Threat Intercepted
790,2026-08-23 11:48:31,Normal,Normal,99.82,0.0,0.0,3715.3189,NORMAL,Traffic classified as normal baseline behavior,tcp.dstport,HEALTHY BASELINE (Normal Operation Preserved),Normal Dynamics Maintained
791,2026-08-23 11:48:32,MITM,Ransomware,34.73,0.0,0.0,1618026.8176,SUPPRESS,Alert suppressed: Low model confidence (34.7% < 65.0%).,tcp.len,SUPPRESSED BY FILTER (Noise / False Alarm Prevented),Actuator Shutdown / Operator Fatigue Prevented
792,2026-08-23 11:48:32,SQL_injection,SQL_injection,62.3,0.0,0.0,951.0038,SUPPRESS,Alert suppressed: Low model confidence (62.3% < 65.0%).,http.content_length,SUPPRESSED BY FILTER (Noise / False Alarm Prevented),Actuator Shutdown / Operator Fatigue Prevented
793,2026-08-23 11:48:33,Port_Scanning,Port_Scanning,99.86,0.0,0.0,4543.0635,PASS,High-fidelity alert: Confidence (99.9%) meets threshold and features ['tcp.dstport'] match known domain mechanics.,tcp.dstport,DISPATCHED TO SOC OPERATOR (Verified Incident),Critical Threat Intercepted
794,2026-08-23 11:48:33,SQL_injection,SQL_injection,99.84,0.0,0.0,190414.8459,PASS,High-fidelity alert: Confidence (99.8%) meets threshold and features ['http.content_length'] match known domain mechanics.,http.content_length,DISPATCHED TO SOC OPERATOR (Verified Incident),Critical Threat Intercepted
795,2026-08-23 11:48:34,DDoS_UDP,DDoS_UDP,99.94,0.0,0.0,221321.4162,PASS,High-fidelity alert: Confidence (99.9%) meets threshold and features ['udp.port'] match known domain mechanics.,udp.port,DISPATCHED TO SOC OPERATOR (Verified Incident),Critical Threat Intercepted
796,2026-08-23 11:48:34,Vulnerability_scanner,Vulnerability_scanner,99.97,411.0,0.0,8855.245,PASS,High-fidelity alert: Confidence (100.0%) meets threshold and features ['http.content_length'] match known domain mechanics.,http.content_length,DISPATCHED TO SOC OPERATOR (Verified Incident),Critical Threat Intercepted
797,2026-08-23 11:48:35,Port_Scanning,Port_Scanning,99.87,0.0,0.0,4598518.6607,PASS,High-fidelity alert: Confidence (99.9%) meets threshold and features ['tcp.dstport'] match known domain mechanics.,tcp.dstport,DISPATCHED TO SOC OPERATOR (Verified Incident),Critical Threat Intercepted
798,2026-08-23 11:48:35,XSS,XSS,99.84,0.0,0.0,5159.6992,PASS,High-fidelity alert: Confidence (99.8%) meets threshold and features ['http.content_length'] match known domain mechanics.,http.content_length,DISPATCHED TO SOC OPERATOR (Verified Incident),Critical Threat Intercepted
799,2026-08-23 11:48:36,DDoS_HTTP,DDoS_HTTP,99.69,25.0,2.54,3284.4462,PASS,High-fidelity alert: Confidence (99.7%) meets threshold and features ['http.content_length'] match known domain mechanics.,http.content_length,DISPATCHED TO SOC OPERATOR (Verified Incident),Critical Threat Intercepted
800,2026-08-23 11:48:36,MITM,Ransomware,26.86,0.0,0.0,370709.0651,SUPPRESS,Alert suppressed: Low model confidence (26.9% < 65.0%).,tcp.len,SUPPRESSED BY FILTER (Noise / False Alarm Prevented),Actuator Shutdown / Operator Fatigue Prevented
801,2026-08-23 11:48:37,XSS,XSS,97.05,102.0,3.32,3145.2749,PASS,High-fidelity alert: Confidence (97.1%) meets threshold and features ['http.content_length'] match known domain mechanics.,http.content_length,DISPATCHED TO SOC OPERATOR (Verified Incident),Critical Threat Intercepted
802,2026-08-23 11:48:37,MITM,MITM,99.75,56482.0,3.39,8458.2761,PASS,High-fidelity alert: Confidence (99.8%) meets threshold and features ['arp.opcode'] match known domain mechanics.,arp.opcode,DISPATCHED TO SOC OPERATOR (Verified Incident),Critical Threat Intercepted
803,2026-08-23 11:48:38,Port_Scanning,MITM,52.29,0.0,0.0,6971.8542,SUPPRESS,Alert suppressed: Low model confidence (52.3% < 65.0%).,arp.opcode,SUPPRESSED BY FILTER (Noise / False Alarm Prevented),Actuator Shutdown / Operator Fatigue Prevented
804,2026-08-23 11:48:38,Port_Scanning,Port_Scanning,99.49,0.0,0.0,5830.1359,PASS,High-fidelity alert: Confidence (99.5%) meets threshold and features ['tcp.dstport'] match known domain mechanics.,tcp.dstport,DISPATCHED TO SOC OPERATOR (Verified Incident),Critical Threat Intercepted
805,2026-08-23 11:48:39,Backdoor,Backdoor,99.95,304.0,0.67,165467.0849,PASS,High-fidelity alert: Confidence (99.9%) meets threshold and features ['tcp.dstport'] match known domain mechanics.,tcp.dstport,DISPATCHED TO SOC OPERATOR (Verified Incident),Critical Threat Intercepted
806,2026-08-23 11:48:39,DDoS_ICMP,DDoS_ICMP,99.95,0.0,0.0,10638.176,PASS,High-fidelity alert: Confidence (99.9%) meets threshold and features ['icmp.checksum'] match known domain mechanics.,icmp.checksum,DISPATCHED TO SOC OPERATOR (Verified Incident),Critical Threat Intercepted
807,2026-08-23 11:48:40,Normal,Normal,99.96,1440.0,0.0,13838538.581,NORMAL,Traffic classified as normal baseline behavior,tcp.dstport,HEALTHY BASELINE (Normal Operation Preserved),Normal Dynamics Maintained
808,2026-08-23 11:48:40,Vulnerability_scanner,Vulnerability_scanner,99.96,321.0,19.44,2499.8782,PASS,High-fidelity alert: Confidence (100.0%) meets threshold and features ['http.content_length'] match known domain mechanics.,http.content_length,DISPATCHED TO SOC OPERATOR (Verified Incident),Critical Threat Intercepted
809,2026-08-23 11:48:41,DDoS_ICMP,DDoS_ICMP,99.95,0.0,0.0,10238.9813,PASS,High-fidelity alert: Confidence (99.9%) meets threshold and features ['icmp.checksum'] match known domain mechanics.,icmp.checksum,DISPATCHED TO SOC OPERATOR (Verified Incident),Critical Threat Intercepted
810,2026-08-23 11:48:41,DDoS_ICMP,DDoS_ICMP,99.95,0.0,0.0,11057.7073,PASS,High-fidelity alert: Confidence (99.9%) meets threshold and features ['icmp.checksum'] match known domain mechanics.,icmp.checksum,DISPATCHED TO SOC OPERATOR (Verified Incident),Critical Threat Intercepted
811,2026-08-23 11:48:42,DDoS_HTTP,DDoS_HTTP,98.63,0.0,0.0,4891.8983,PASS,High-fidelity alert: Confidence (98.6%) meets threshold and features ['http.content_length'] match known domain mechanics.,http.content_length,DISPATCHED TO SOC OPERATOR (Verified Incident),Critical Threat Intercepted
812,2026-08-23 11:48:42,Vulnerability_scanner,Vulnerability_scanner,99.97,495.0,4.28,5768.8732,PASS,High-fidelity alert: Confidence (100.0%) meets threshold and features ['http.content_length'] match known domain mechanics.,http.content_length,DISPATCHED TO SOC OPERATOR (Verified Incident),Critical Threat Intercepted
813,2026-08-23 11:48:43,DDoS_TCP,DDoS_TCP,99.93,0.0,0.0,438.4306,PASS,High-fidelity alert: Confidence (99.9%) meets threshold and features ['tcp.flags'] match known domain mechanics.,tcp.flags,DISPATCHED TO SOC OPERATOR (Verified Incident),Critical Threat Intercepted
814,2026-08-23 11:48:43,Uploading,Uploading,99.87,0.0,0.0,1743.9482,PASS,High-fidelity alert: Confidence (99.9%) meets threshold and features ['tcp.len'] match known domain mechanics.,tcp.len,DISPATCHED TO SOC OPERATOR (Verified Incident),Critical Threat Intercepted
815,2026-08-23 11:48:44,DDoS_HTTP,Password,73.76,0.0,0.0,1288.0627,PASS,High-fidelity alert: Confidence (73.8%) meets threshold and features ['tcp.dstport'] match known domain mechanics.,tcp.dstport,DISPATCHED TO SOC OPERATOR (Verified Incident),Critical Threat Intercepted
816,2026-08-23 11:48:44,SQL_injection,SQL_injection,64.6,0.0,0.0,2512.1287,SUPPRESS,Alert suppressed: Low model confidence (64.6% < 65.0%).,http.content_length,SUPPRESSED BY FILTER (Noise / False Alarm Prevented),Actuator Shutdown / Operator Fatigue Prevented
817,2026-08-23 11:48:45,DDoS_ICMP,DDoS_ICMP,99.95,0.0,0.0,16060.2153,PASS,High-fidelity alert: Confidence (100.0%) meets threshold and features ['icmp.checksum'] match known domain mechanics.,icmp.checksum,DISPATCHED TO SOC OPERATOR (Verified Incident),Critical Threat Intercepted
818,2026-08-23 11:48:45,XSS,XSS,37.98,0.0,0.0,1087.9063,SUPPRESS,Alert suppressed: Low model confidence (38.0% < 65.0%).,http.content_length,SUPPRESSED BY FILTER (Noise / False Alarm Prevented),Actuator Shutdown / Operator Fatigue Prevented
819,2026-08-23 11:48:46,Ransomware,Ransomware,99.9,0.0,0.0,24650.8672,PASS,High-fidelity alert: Confidence (99.9%) meets threshold and features ['tcp.len'] match known domain mechanics.,tcp.len,DISPATCHED TO SOC OPERATOR (Verified Incident),Critical Threat Intercepted
820,2026-08-23 11:48:46,Backdoor,Backdoor,99.95,0.0,0.0,84872.9076,PASS,High-fidelity alert: Confidence (99.9%) meets threshold and features ['tcp.dstport'] match known domain mechanics.,tcp.dstport,DISPATCHED TO SOC OPERATOR (Verified Incident),Critical Threat Intercepted
821,2026-08-23 11:48:47,DDoS_UDP,DDoS_UDP,99.97,0.0,0.0,311940.6379,PASS,High-fidelity alert: Confidence (100.0%) meets threshold and features ['udp.port'] match known domain mechanics.,udp.port,DISPATCHED TO SOC OPERATOR (Verified Incident),Critical Threat Intercepted
822,2026-08-23 11:48:47,Password,Password,74.44,0.0,0.0,2053.4911,PASS,High-fidelity alert: Confidence (74.4%) meets threshold and features ['tcp.dstport'] match known domain mechanics.,tcp.dstport,DISPATCHED TO SOC OPERATOR (Verified Incident),Critical Threat Intercepted
823,2026-08-23 11:48:48,Normal,Normal,99.85,0.0,0.0,1894831.4922,NORMAL,Traffic classified as normal baseline behavior,tcp.dstport,HEALTHY BASELINE (Normal Operation Preserved),Normal Dynamics Maintained
824,2026-08-23 11:48:48,DDoS_ICMP,DDoS_ICMP,99.95,0.0,0.0,17868.8058,PASS,High-fidelity alert: Confidence (100.0%) meets threshold and features ['icmp.checksum'] match known domain mechanics.,icmp.checksum,DISPATCHED TO SOC OPERATOR (Verified Incident),Critical Threat Intercepted
825,2026-08-23 11:48:49,Fingerprinting,Fingerprinting,99.29,0.0,0.0,668.8672,PASS,High-fidelity alert: Confidence (99.3%) meets threshold and features ['tcp.flags'] match known domain mechanics.,tcp.flags,DISPATCHED TO SOC OPERATOR (Verified Incident),Critical Threat Intercepted
826,2026-08-23 11:48:49,DDoS_TCP,DDoS_TCP,99.96,120.0,0.23,44568793.8507,PASS,High-fidelity alert: Confidence (100.0%) meets threshold and features ['tcp.flags'] match known domain mechanics.,tcp.flags,DISPATCHED TO SOC OPERATOR (Verified Incident),Critical Threat Intercepted
827,2026-08-23 11:48:50,Ransomware,Ransomware,99.95,464.0,1.83,117687.3853,PASS,High-fidelity alert: Confidence (100.0%) meets threshold and features ['tcp.len'] match known domain mechanics.,tcp.len,DISPATCHED TO SOC OPERATOR (Verified Incident),Critical Threat Intercepted
828,2026-08-23 11:48:50,Uploading,Uploading,99.74,149.0,2.63,422.1301,PASS,High-fidelity alert: Confidence (99.7%) meets threshold and features ['tcp.len'] match known domain mechanics.,tcp.len,DISPATCHED TO SOC OPERATOR (Verified Incident),Critical Threat Intercepted
829,2026-08-23 11:48:51,Fingerprinting,Fingerprinting,99.02,0.0,0.0,6375.9509,PASS,High-fidelity alert: Confidence (99.0%) meets threshold and features ['tcp.flags'] match known domain mechanics.,tcp.flags,DISPATCHED TO SOC OPERATOR (Verified Incident),Critical Threat Intercepted
830,2026-08-23 11:48:51,Uploading,Uploading,99.65,0.0,0.0,1461.4251,PASS,High-fidelity alert: Confidence (99.6%) meets threshold and features ['tcp.len'] match known domain mechanics.,tcp.len,DISPATCHED TO SOC OPERATOR (Verified Incident),Critical Threat Intercepted
831,2026-08-23 11:48:52,Password,Password,97.26,1448.0,12.23,371.2467,PASS,High-fidelity alert: Confidence (97.3%) meets threshold and features ['tcp.dstport'] match known domain mechanics.,tcp.dstport,DISPATCHED TO SOC OPERATOR (Verified Incident),Critical Threat Intercepted
832,2026-08-23 11:48:52,DDoS_UDP,DDoS_UDP,99.94,0.0,0.0,17605.5814,PASS,High-fidelity alert: Confidence (99.9%) meets threshold and features ['udp.port'] match known domain mechanics.,udp.port,DISPATCHED TO SOC OPERATOR (Verified Incident),Critical Threat Intercepted
833,2026-08-23 11:48:53,Normal,Normal,99.85,0.0,0.0,548.2809,NORMAL,Traffic classified as normal baseline behavior,tcp.dstport,HEALTHY BASELINE (Normal Operation Preserved),Normal Dynamics Maintained
834,2026-08-23 11:48:53,Vulnerability_scanner,Vulnerability_scanner,99.95,495.0,0.0,47270.0458,PASS,High-fidelity alert: Confidence (100.0%) meets threshold and features ['http.content_length'] match known domain mechanics.,http.content_length,DISPATCHED TO SOC OPERATOR (Verified Incident),Critical Threat Intercepted
835,2026-08-23 11:48:54,DDoS_HTTP,DDoS_HTTP,98.25,0.0,0.0,6685.8543,PASS,High-fidelity alert: Confidence (98.3%) meets threshold and features ['http.content_length'] match known domain mechanics.,http.content_length,DISPATCHED TO SOC OPERATOR (Verified Incident),Critical Threat Intercepted
836,2026-08-23 11:48:54,Fingerprinting,Fingerprinting,97.55,0.0,0.0,7595.222,PASS,High-fidelity alert: Confidence (97.5%) meets threshold and features ['tcp.flags'] match known domain mechanics.,tcp.flags,DISPATCHED TO SOC OPERATOR (Verified Incident),Critical Threat Intercepted
837,2026-08-23 11:48:55,Ransomware,Ransomware,99.96,0.0,0.0,55261.4183,PASS,High-fidelity alert: Confidence (100.0%) meets threshold and features ['tcp.len'] match known domain mechanics.,tcp.len,DISPATCHED TO SOC OPERATOR (Verified Incident),Critical Threat Intercepted
838,2026-08-23 11:48:55,Normal,Normal,99.91,0.0,0.0,2835.5831,NORMAL,Traffic classified as normal baseline behavior,tcp.dstport,HEALTHY BASELINE (Normal Operation Preserved),Normal Dynamics Maintained
839,2026-08-23 11:48:56,Vulnerability_scanner,Vulnerability_scanner,99.95,495.0,6.13,2146.4269,PASS,High-fidelity alert: Confidence (99.9%) meets threshold and features ['http.content_length'] match known domain mechanics.,http.content_length,DISPATCHED TO SOC OPERATOR (Verified Incident),Critical Threat Intercepted
840,2026-08-23 11:48:56,Normal,Normal,99.91,0.0,0.0,2625.2533,NORMAL,Traffic classified as normal baseline behavior,tcp.dstport,HEALTHY BASELINE (Normal Operation Preserved),Normal Dynamics Maintained
841,2026-08-23 11:48:57,Fingerprinting,Fingerprinting,99.46,0.0,0.0,5959.6897,PASS,High-fidelity alert: Confidence (99.5%) meets threshold and features ['tcp.flags'] match known domain mechanics.,tcp.flags,DISPATCHED TO SOC OPERATOR (Verified Incident),Critical Threat Intercepted
842,2026-08-23 11:48:57,DDoS_HTTP,DDoS_HTTP,44.46,0.0,0.0,528.3247,SUPPRESS,Alert suppressed: Low model confidence (44.5% < 65.0%).,http.content_length,SUPPRESSED BY FILTER (Noise / False Alarm Prevented),Actuator Shutdown / Operator Fatigue Prevented
843,2026-08-23 11:48:58,XSS,XSS,62.77,0.0,0.0,5189.7769,SUPPRESS,Alert suppressed: Low model confidence (62.8% < 65.0%).,http.content_length,SUPPRESSED BY FILTER (Noise / False Alarm Prevented),Actuator Shutdown / Operator Fatigue Prevented
844,2026-08-23 11:48:58,MITM,MITM,99.86,57465.0,4.8,8513.1644,PASS,High-fidelity alert: Confidence (99.9%) meets threshold and features ['arp.opcode'] match known domain mechanics.,arp.opcode,DISPATCHED TO SOC OPERATOR (Verified Incident),Critical Threat Intercepted
845,2026-08-23 11:48:59,Port_Scanning,Port_Scanning,99.91,0.0,0.0,88610874.3765,PASS,High-fidelity alert: Confidence (99.9%) meets threshold and features ['tcp.dstport'] match known domain mechanics.,tcp.dstport,DISPATCHED TO SOC OPERATOR (Verified Incident),Critical Threat Intercepted
846,2026-08-23 11:48:59,Ransomware,Ransomware,99.93,464.0,9.43,2115.1433,PASS,High-fidelity alert: Confidence (99.9%) meets threshold and features ['tcp.len'] match known domain mechanics.,tcp.len,DISPATCHED TO SOC OPERATOR (Verified Incident),Critical Threat Intercepted
847,2026-08-23 11:49:00,Port_Scanning,Port_Scanning,99.86,0.0,0.0,4578.5006,PASS,High-fidelity alert: Confidence (99.9%) meets threshold and features ['tcp.dstport'] match known domain mechanics.,tcp.dstport,DISPATCHED TO SOC OPERATOR (Verified Incident),Critical Threat Intercepted
848,2026-08-23 11:49:00,Password,Password,99.79,0.0,0.0,3098.1367,PASS,High-fidelity alert: Confidence (99.8%) meets threshold and features ['tcp.dstport'] match known domain mechanics.,tcp.dstport,DISPATCHED TO SOC OPERATOR (Verified Incident),Critical Threat Intercepted
849,2026-08-23 11:49:01,XSS,XSS,99.77,0.0,0.0,13456.444,PASS,High-fidelity alert: Confidence (99.8%) meets threshold and features ['http.content_length'] match known domain mechanics.,http.content_length,DISPATCHED TO SOC OPERATOR (Verified Incident),Critical Threat Intercepted
850,2026-08-23 11:49:01,Backdoor,Backdoor,99.96,0.0,0.0,193161.7423,PASS,High-fidelity alert: Confidence (100.0%) meets threshold and features ['tcp.dstport'] match known domain mechanics.,tcp.dstport,DISPATCHED TO SOC OPERATOR (Verified Incident),Critical Threat Intercepted
851,2026-08-23 11:49:02,Password,Password,97.62,1448.0,2.26,2969.9287,PASS,High-fidelity alert: Confidence (97.6%) meets threshold and features ['tcp.dstport'] match known domain mechanics.,tcp.dstport,DISPATCHED TO SOC OPERATOR (Verified Incident),Critical Threat Intercepted
852,2026-08-23 11:49:02,MITM,MITM,99.79,5353.0,3.02,3208.1488,PASS,High-fidelity alert: Confidence (99.8%) meets threshold and features ['arp.opcode'] match known domain mechanics.,arp.opcode,DISPATCHED TO SOC OPERATOR (Verified Incident),Critical Threat Intercepted
853,2026-08-23 11:49:03,SQL_injection,SQL_injection,98.83,333.0,4.75,2405.6836,PASS,High-fidelity alert: Confidence (98.8%) meets threshold and features ['http.content_length'] match known domain mechanics.,http.content_length,DISPATCHED TO SOC OPERATOR (Verified Incident),Critical Threat Intercepted
854,2026-08-23 11:49:03,DDoS_TCP,DDoS_TCP,99.96,120.0,5.19,131610547.6605,PASS,High-fidelity alert: Confidence (100.0%) meets threshold and features ['tcp.flags'] match known domain mechanics.,tcp.flags,DISPATCHED TO SOC OPERATOR (Verified Incident),Critical Threat Intercepted
855,2026-08-23 11:49:04,Normal,Normal,99.94,0.0,0.0,2905569.7145,NORMAL,Traffic classified as normal baseline behavior,tcp.dstport,HEALTHY BASELINE (Normal Operation Preserved),Normal Dynamics Maintained
856,2026-08-23 11:49:04,Normal,Normal,99.95,4.0,2.43,3994.4744,NORMAL,Traffic classified as normal baseline behavior,tcp.dstport,HEALTHY BASELINE (Normal Operation Preserved),Normal Dynamics Maintained
857,2026-08-23 11:49:05,DDoS_TCP,DDoS_TCP,99.94,0.0,0.0,6661.9677,PASS,High-fidelity alert: Confidence (99.9%) meets threshold and features ['tcp.flags'] match known domain mechanics.,tcp.flags,DISPATCHED TO SOC OPERATOR (Verified Incident),Critical Threat Intercepted
858,2026-08-23 11:49:05,Ransomware,Ransomware,99.96,464.0,4.56,138559.3357,PASS,High-fidelity alert: Confidence (100.0%) meets threshold and features ['tcp.len'] match known domain mechanics.,tcp.len,DISPATCHED TO SOC OPERATOR (Verified Incident),Critical Threat Intercepted
859,2026-08-23 11:49:06,SQL_injection,SQL_injection,63.76,0.0,0.0,857.6845,SUPPRESS,Alert suppressed: Low model confidence (63.8% < 65.0%).,http.content_length,SUPPRESSED BY FILTER (Noise / False Alarm Prevented),Actuator Shutdown / Operator Fatigue Prevented
860,2026-08-23 11:49:06,SQL_injection,SQL_injection,99.8,0.0,0.0,2230.7936,PASS,High-fidelity alert: Confidence (99.8%) meets threshold and features ['http.content_length'] match known domain mechanics.,http.content_length,DISPATCHED TO SOC OPERATOR (Verified Incident),Critical Threat Intercepted
861,2026-08-23 11:49:07,DDoS_ICMP,DDoS_ICMP,99.95,0.0,0.0,9868.8321,PASS,High-fidelity alert: Confidence (100.0%) meets threshold and features ['icmp.checksum'] match known domain mechanics.,icmp.checksum,DISPATCHED TO SOC OPERATOR (Verified Incident),Critical Threat Intercepted
862,2026-08-23 11:49:07,SQL_injection,SQL_injection,71.19,0.0,0.0,2558.24,PASS,High-fidelity alert: Confidence (71.2%) meets threshold and features ['http.content_length'] match known domain mechanics.,http.content_length,DISPATCHED TO SOC OPERATOR (Verified Incident),Critical Threat Intercepted
863,2026-08-23 11:49:08,DDoS_TCP,DDoS_TCP,99.95,120.0,4.09,15275593.4896,PASS,High-fidelity alert: Confidence (99.9%) meets threshold and features ['tcp.flags'] match known domain mechanics.,tcp.flags,DISPATCHED TO SOC OPERATOR (Verified Incident),Critical Threat Intercepted
864,2026-08-23 11:49:08,SQL_injection,SQL_injection,94.59,0.0,0.0,917.9205,PASS,High-fidelity alert: Confidence (94.6%) meets threshold and features ['http.content_length'] match known domain mechanics.,http.content_length,DISPATCHED TO SOC OPERATOR (Verified Incident),Critical Threat Intercepted
865,2026-08-23 11:49:09,Port_Scanning,Port_Scanning,99.88,0.0,0.0,5046.1642,PASS,High-fidelity alert: Confidence (99.9%) meets threshold and features ['tcp.dstport'] match known domain mechanics.,tcp.dstport,DISPATCHED TO SOC OPERATOR (Verified Incident),Critical Threat Intercepted
866,2026-08-23 11:49:09,DDoS_HTTP,DDoS_HTTP,98.49,0.0,0.0,1532.272,PASS,High-fidelity alert: Confidence (98.5%) meets threshold and features ['http.content_length'] match known domain mechanics.,http.content_length,DISPATCHED TO SOC OPERATOR (Verified Incident),Critical Threat Intercepted
867,2026-08-23 11:49:10,Fingerprinting,Fingerprinting,99.09,0.0,0.0,3241.4501,PASS,High-fidelity alert: Confidence (99.1%) meets threshold and features ['tcp.flags'] match known domain mechanics.,tcp.flags,DISPATCHED TO SOC OPERATOR (Verified Incident),Critical Threat Intercepted
868,2026-08-23 11:49:10,SQL_injection,SQL_injection,67.04,0.0,0.0,2151.8058,PASS,High-fidelity alert: Confidence (67.0%) meets threshold and features ['http.content_length'] match known domain mechanics.,http.content_length,DISPATCHED TO SOC OPERATOR (Verified Incident),Critical Threat Intercepted
869,2026-08-23 11:49:11,Ransomware,Ransomware,99.76,0.0,0.0,1829.4019,PASS,High-fidelity alert: Confidence (99.8%) meets threshold and features ['tcp.len'] match known domain mechanics.,tcp.len,DISPATCHED TO SOC OPERATOR (Verified Incident),Critical Threat Intercepted
870,2026-08-23 11:49:11,SQL_injection,SQL_injection,62.19,0.0,0.0,471.1009,SUPPRESS,Alert suppressed: Low model confidence (62.2% < 65.0%).,http.content_length,SUPPRESSED BY FILTER (Noise / False Alarm Prevented),Actuator Shutdown / Operator Fatigue Prevented
871,2026-08-23 11:49:12,XSS,XSS,99.67,0.0,0.0,807.4363,PASS,High-fidelity alert: Confidence (99.7%) meets threshold and features ['http.content_length'] match known domain mechanics.,http.content_length,DISPATCHED TO SOC OPERATOR (Verified Incident),Critical Threat Intercepted
872,2026-08-23 11:49:12,DDoS_UDP,DDoS_UDP,99.95,0.0,0.0,100846.6072,PASS,High-fidelity alert: Confidence (99.9%) meets threshold and features ['udp.port'] match known domain mechanics.,udp.port,DISPATCHED TO SOC OPERATOR (Verified Incident),Critical Threat Intercepted
873,2026-08-23 11:49:13,Fingerprinting,Fingerprinting,98.67,0.0,0.0,6776.1995,PASS,High-fidelity alert: Confidence (98.7%) meets threshold and features ['tcp.flags'] match known domain mechanics.,tcp.flags,DISPATCHED TO SOC OPERATOR (Verified Incident),Critical Threat Intercepted
874,2026-08-23 11:49:13,Uploading,Uploading,99.63,0.0,0.0,923667.7634,PASS,High-fidelity alert: Confidence (99.6%) meets threshold and features ['tcp.len'] match known domain mechanics.,tcp.len,DISPATCHED TO SOC OPERATOR (Verified Incident),Critical Threat Intercepted
875,2026-08-23 11:49:14,DDoS_ICMP,DDoS_ICMP,99.94,0.0,0.0,18577.2036,PASS,High-fidelity alert: Confidence (99.9%) meets threshold and features ['icmp.checksum'] match known domain mechanics.,icmp.checksum,DISPATCHED TO SOC OPERATOR (Verified Incident),Critical Threat Intercepted
876,2026-08-23 11:49:14,Ransomware,Ransomware,99.77,464.0,1.83,8750.4256,PASS,High-fidelity alert: Confidence (99.8%) meets threshold and features ['tcp.len'] match known domain mechanics.,tcp.len,DISPATCHED TO SOC OPERATOR (Verified Incident),Critical Threat Intercepted
877,2026-08-23 11:49:15,DDoS_ICMP,DDoS_ICMP,99.95,0.0,0.0,56292.1052,PASS,High-fidelity alert: Confidence (99.9%) meets threshold and features ['icmp.checksum'] match known domain mechanics.,icmp.checksum,DISPATCHED TO SOC OPERATOR (Verified Incident),Critical Threat Intercepted
878,2026-08-23 11:49:15,Uploading,Uploading,99.12,0.0,0.0,4334.7561,PASS,High-fidelity alert: Confidence (99.1%) meets threshold and features ['tcp.len'] match known domain mechanics.,tcp.len,DISPATCHED TO SOC OPERATOR (Verified Incident),Critical Threat Intercepted
879,2026-08-23 11:49:16,XSS,XSS,98.69,0.0,0.0,1529.7219,PASS,High-fidelity alert: Confidence (98.7%) meets threshold and features ['http.content_length'] match known domain mechanics.,http.content_length,DISPATCHED TO SOC OPERATOR (Verified Incident),Critical Threat Intercepted
880,2026-08-23 11:49:16,DDoS_ICMP,DDoS_ICMP,99.94,0.0,0.0,10927.5749,PASS,High-fidelity alert: Confidence (99.9%) meets threshold and features ['icmp.checksum'] match known domain mechanics.,icmp.checksum,DISPATCHED TO SOC OPERATOR (Verified Incident),Critical Threat Intercepted
881,2026-08-23 11:49:17,Backdoor,Backdoor,99.95,0.0,0.0,39067.1567,PASS,High-fidelity alert: Confidence (100.0%) meets threshold and features ['tcp.dstport'] match known domain mechanics.,tcp.dstport,DISPATCHED TO SOC OPERATOR (Verified Incident),Critical Threat Intercepted
882,2026-08-23 11:49:17,DDoS_HTTP,DDoS_HTTP,75.02,0.0,0.0,5027.2735,PASS,High-fidelity alert: Confidence (75.0%) meets threshold and features ['http.content_length'] match known domain mechanics.,http.content_length,DISPATCHED TO SOC OPERATOR (Verified Incident),Critical Threat Intercepted
883,2026-08-23 11:49:18,Password,Password,99.58,0.0,0.0,5213.1479,PASS,High-fidelity alert: Confidence (99.6%) meets threshold and features ['tcp.dstport'] match known domain mechanics.,tcp.dstport,DISPATCHED TO SOC OPERATOR (Verified Incident),Critical Threat Intercepted
884,2026-08-23 11:49:18,Port_Scanning,Port_Scanning,99.94,0.0,0.0,25852894.0059,PASS,High-fidelity alert: Confidence (99.9%) meets threshold and features ['tcp.dstport'] match known domain mechanics.,tcp.dstport,DISPATCHED TO SOC OPERATOR (Verified Incident),Critical Threat Intercepted
885,2026-08-23 11:49:19,Port_Scanning,Port_Scanning,99.94,0.0,0.0,99073558.1363,PASS,High-fidelity alert: Confidence (99.9%) meets threshold and features ['tcp.dstport'] match known domain mechanics.,tcp.dstport,DISPATCHED TO SOC OPERATOR (Verified Incident),Critical Threat Intercepted
886,2026-08-23 11:49:19,MITM,MITM,99.85,5353.0,1.79,3197.444,PASS,High-fidelity alert: Confidence (99.9%) meets threshold and features ['arp.opcode'] match known domain mechanics.,arp.opcode,DISPATCHED TO SOC OPERATOR (Verified Incident),Critical Threat Intercepted
887,2026-08-23 11:49:20,SQL_injection,SQL_injection,98.52,477.0,8.24,2619.8621,PASS,High-fidelity alert: Confidence (98.5%) meets threshold and features ['http.content_length'] match known domain mechanics.,http.content_length,DISPATCHED TO SOC OPERATOR (Verified Incident),Critical Threat Intercepted
888,2026-08-23 11:49:20,Fingerprinting,Fingerprinting,99.13,0.0,0.0,10030.1922,PASS,High-fidelity alert: Confidence (99.1%) meets threshold and features ['tcp.flags'] match known domain mechanics.,tcp.flags,DISPATCHED TO SOC OPERATOR (Verified Incident),Critical Threat Intercepted
889,2026-08-23 11:49:21,Port_Scanning,Port_Scanning,99.87,0.0,0.0,712.2367,PASS,High-fidelity alert: Confidence (99.9%) meets threshold and features ['tcp.dstport'] match known domain mechanics.,tcp.dstport,DISPATCHED TO SOC OPERATOR (Verified Incident),Critical Threat Intercepted
890,2026-08-23 11:49:21,DDoS_HTTP,DDoS_HTTP,69.77,0.0,0.0,2069.1726,PASS,High-fidelity alert: Confidence (69.8%) meets threshold and features ['http.content_length'] match known domain mechanics.,http.content_length,DISPATCHED TO SOC OPERATOR (Verified Incident),Critical Threat Intercepted
891,2026-08-23 11:49:22,SQL_injection,SQL_injection,99.76,0.0,0.0,5666.4829,PASS,High-fidelity alert: Confidence (99.8%) meets threshold and features ['http.content_length'] match known domain mechanics.,http.content_length,DISPATCHED TO SOC OPERATOR (Verified Incident),Critical Threat Intercepted
892,2026-08-23 11:49:22,Password,Password,99.81,0.0,0.0,1264.2911,PASS,High-fidelity alert: Confidence (99.8%) meets threshold and features ['tcp.dstport'] match known domain mechanics.,tcp.dstport,DISPATCHED TO SOC OPERATOR (Verified Incident),Critical Threat Intercepted
893,2026-08-23 11:49:23,DDoS_UDP,DDoS_UDP,99.95,0.0,0.0,245754.8805,PASS,High-fidelity alert: Confidence (100.0%) meets threshold and features ['udp.port'] match known domain mechanics.,udp.port,DISPATCHED TO SOC OPERATOR (Verified Incident),Critical Threat Intercepted
894,2026-08-23 11:49:23,DDoS_TCP,DDoS_TCP,99.92,120.0,0.0,64962089.1521,PASS,High-fidelity alert: Confidence (99.9%) meets threshold and features ['tcp.flags'] match known domain mechanics.,tcp.flags,DISPATCHED TO SOC OPERATOR (Verified Incident),Critical Threat Intercepted
895,2026-08-23 11:49:24,Fingerprinting,Fingerprinting,97.27,0.0,0.0,4648081.8484,PASS,High-fidelity alert: Confidence (97.3%) meets threshold and features ['tcp.flags'] match known domain mechanics.,tcp.flags,DISPATCHED TO SOC OPERATOR (Verified Incident),Critical Threat Intercepted
896,2026-08-23 11:49:24,SQL_injection,SQL_injection,99.84,0.0,0.0,5878.4782,PASS,High-fidelity alert: Confidence (99.8%) meets threshold and features ['http.content_length'] match known domain mechanics.,http.content_length,DISPATCHED TO SOC OPERATOR (Verified Incident),Critical Threat Intercepted
897,2026-08-23 11:49:25,Fingerprinting,Fingerprinting,98.33,0.0,0.0,11043.2776,PASS,High-fidelity alert: Confidence (98.3%) meets threshold and features ['tcp.flags'] match known domain mechanics.,tcp.flags,DISPATCHED TO SOC OPERATOR (Verified Incident),Critical Threat Intercepted
898,2026-08-23 11:49:25,XSS,XSS,99.81,0.0,0.0,2002.9212,PASS,High-fidelity alert: Confidence (99.8%) meets threshold and features ['http.content_length'] match known domain mechanics.,http.content_length,DISPATCHED TO SOC OPERATOR (Verified Incident),Critical Threat Intercepted
899,2026-08-23 11:49:26,DDoS_TCP,DDoS_TCP,99.86,120.0,10.65,126885436.6099,PASS,High-fidelity alert: Confidence (99.9%) meets threshold and features ['tcp.flags'] match known domain mechanics.,tcp.flags,DISPATCHED TO SOC OPERATOR (Verified Incident),Critical Threat Intercepted
900,2026-08-23 11:49:26,DDoS_TCP,DDoS_TCP,99.91,120.0,3.17,3460305.4631,PASS,High-fidelity alert: Confidence (99.9%) meets threshold and features ['tcp.flags'] match known domain mechanics.,tcp.flags,DISPATCHED TO SOC OPERATOR (Verified Incident),Critical Threat Intercepted
901,2026-08-23 11:49:27,Backdoor,Backdoor,99.95,400.0,0.68,194415.957,PASS,High-fidelity alert: Confidence (100.0%) meets threshold and features ['tcp.dstport'] match known domain mechanics.,tcp.dstport,DISPATCHED TO SOC OPERATOR (Verified Incident),Critical Threat Intercepted
902,2026-08-23 11:49:27,DDoS_TCP,DDoS_TCP,99.92,120.0,5.25,156746291.0027,PASS,High-fidelity alert: Confidence (99.9%) meets threshold and features ['tcp.flags'] match known domain mechanics.,tcp.flags,DISPATCHED TO SOC OPERATOR (Verified Incident),Critical Threat Intercepted
903,2026-08-23 11:49:28,Password,Password,93.59,221.0,2.91,2100.486,PASS,High-fidelity alert: Confidence (93.6%) meets threshold and features ['tcp.dstport'] match known domain mechanics.,tcp.dstport,DISPATCHED TO SOC OPERATOR (Verified Incident),Critical Threat Intercepted
904,2026-08-23 11:49:28,Password,Password,98.41,261.0,4.62,1543.4397,PASS,High-fidelity alert: Confidence (98.4%) meets threshold and features ['tcp.dstport'] match known domain mechanics.,tcp.dstport,DISPATCHED TO SOC OPERATOR (Verified Incident),Critical Threat Intercepted
905,2026-08-23 11:49:29,XSS,XSS,99.9,0.0,0.0,713.3151,PASS,High-fidelity alert: Confidence (99.9%) meets threshold and features ['http.content_length'] match known domain mechanics.,http.content_length,DISPATCHED TO SOC OPERATOR (Verified Incident),Critical Threat Intercepted
906,2026-08-23 11:49:29,DDoS_UDP,DDoS_UDP,99.98,0.0,0.0,56613.3331,PASS,High-fidelity alert: Confidence (100.0%) meets threshold and features ['udp.port'] match known domain mechanics.,udp.port,DISPATCHED TO SOC OPERATOR (Verified Incident),Critical Threat Intercepted
907,2026-08-23 11:49:30,Uploading,Uploading,99.71,0.0,0.0,6316.6301,PASS,High-fidelity alert: Confidence (99.7%) meets threshold and features ['tcp.len'] match known domain mechanics.,tcp.len,DISPATCHED TO SOC OPERATOR (Verified Incident),Critical Threat Intercepted
908,2026-08-23 11:49:30,Backdoor,Backdoor,99.94,304.0,0.0,76375.2161,PASS,High-fidelity alert: Confidence (99.9%) meets threshold and features ['tcp.dstport'] match known domain mechanics.,tcp.dstport,DISPATCHED TO SOC OPERATOR (Verified Incident),Critical Threat Intercepted
909,2026-08-23 11:49:31,MITM,MITM,99.83,5353.0,0.0,7878.6625,PASS,High-fidelity alert: Confidence (99.8%) meets threshold and features ['arp.opcode'] match known domain mechanics.,arp.opcode,DISPATCHED TO SOC OPERATOR (Verified Incident),Critical Threat Intercepted
910,2026-08-23 11:49:31,Vulnerability_scanner,Vulnerability_scanner,99.97,495.0,4.3,6961.8964,PASS,High-fidelity alert: Confidence (100.0%) meets threshold and features ['http.content_length'] match known domain mechanics.,http.content_length,DISPATCHED TO SOC OPERATOR (Verified Incident),Critical Threat Intercepted
911,2026-08-23 11:49:32,Ransomware,Ransomware,99.89,0.0,0.0,65555.6771,PASS,High-fidelity alert: Confidence (99.9%) meets threshold and features ['tcp.len'] match known domain mechanics.,tcp.len,DISPATCHED TO SOC OPERATOR (Verified Incident),Critical Threat Intercepted
912,2026-08-23 11:49:32,Vulnerability_scanner,Vulnerability_scanner,99.96,495.0,0.64,11616.1959,PASS,High-fidelity alert: Confidence (100.0%) meets threshold and features ['http.content_length'] match known domain mechanics.,http.content_length,DISPATCHED TO SOC OPERATOR (Verified Incident),Critical Threat Intercepted
913,2026-08-23 11:49:33,DDoS_HTTP,DDoS_HTTP,99.8,30.0,1.97,519.8304,PASS,High-fidelity alert: Confidence (99.8%) meets threshold and features ['http.content_length'] match known domain mechanics.,http.content_length,DISPATCHED TO SOC OPERATOR (Verified Incident),Critical Threat Intercepted
914,2026-08-23 11:49:33,DDoS_UDP,DDoS_UDP,99.98,0.0,0.0,323402.9366,PASS,High-fidelity alert: Confidence (100.0%) meets threshold and features ['udp.port'] match known domain mechanics.,udp.port,DISPATCHED TO SOC OPERATOR (Verified Incident),Critical Threat Intercepted
915,2026-08-23 11:49:34,DDoS_HTTP,DDoS_HTTP,97.79,278.0,0.0,6822.7178,PASS,High-fidelity alert: Confidence (97.8%) meets threshold and features ['http.content_length'] match known domain mechanics.,http.content_length,DISPATCHED TO SOC OPERATOR (Verified Incident),Critical Threat Intercepted
916,2026-08-23 11:49:34,SQL_injection,SQL_injection,47.19,0.0,0.0,3271776.2473,SUPPRESS,Alert suppressed: Low model confidence (47.2% < 65.0%).,http.content_length,SUPPRESSED BY FILTER (Noise / False Alarm Prevented),Actuator Shutdown / Operator Fatigue Prevented
917,2026-08-23 11:49:35,Fingerprinting,Fingerprinting,99.02,0.0,0.0,10358.3612,PASS,High-fidelity alert: Confidence (99.0%) meets threshold and features ['tcp.flags'] match known domain mechanics.,tcp.flags,DISPATCHED TO SOC OPERATOR (Verified Incident),Critical Threat Intercepted
918,2026-08-23 11:49:35,Password,Password,94.85,261.0,1.34,6645.858,PASS,High-fidelity alert: Confidence (94.9%) meets threshold and features ['tcp.dstport'] match known domain mechanics.,tcp.dstport,DISPATCHED TO SOC OPERATOR (Verified Incident),Critical Threat Intercepted
919,2026-08-23 11:49:36,Normal,Normal,99.94,27.0,0.73,20900102.2933,NORMAL,Traffic classified as normal baseline behavior,tcp.dstport,HEALTHY BASELINE (Normal Operation Preserved),Normal Dynamics Maintained
920,2026-08-23 11:49:36,Backdoor,Backdoor,99.93,0.0,0.0,23029.755,PASS,High-fidelity alert: Confidence (99.9%) meets threshold and features ['tcp.dstport'] match known domain mechanics.,tcp.dstport,DISPATCHED TO SOC OPERATOR (Verified Incident),Critical Threat Intercepted
921,2026-08-23 11:49:37,XSS,XSS,98.93,0.0,0.0,654.2022,PASS,High-fidelity alert: Confidence (98.9%) meets threshold and features ['http.content_length'] match known domain mechanics.,http.content_length,DISPATCHED TO SOC OPERATOR (Verified Incident),Critical Threat Intercepted
922,2026-08-23 11:49:37,DDoS_HTTP,DDoS_HTTP,97.99,278.0,2.37,136.1561,PASS,High-fidelity alert: Confidence (98.0%) meets threshold and features ['http.content_length'] match known domain mechanics.,http.content_length,DISPATCHED TO SOC OPERATOR (Verified Incident),Critical Threat Intercepted
923,2026-08-23 11:49:38,Password,SQL_injection,41.08,0.0,0.0,3858.7549,SUPPRESS,Alert suppressed: Low model confidence (41.1% < 65.0%).,http.content_length,SUPPRESSED BY FILTER (Noise / False Alarm Prevented),Actuator Shutdown / Operator Fatigue Prevented
924,2026-08-23 11:49:38,Ransomware,Ransomware,99.89,0.0,0.0,14358.547,PASS,High-fidelity alert: Confidence (99.9%) meets threshold and features ['tcp.len'] match known domain mechanics.,tcp.len,DISPATCHED TO SOC OPERATOR (Verified Incident),Critical Threat Intercepted
925,2026-08-23 11:49:39,Normal,Normal,99.95,0.0,0.0,1640.463,NORMAL,Traffic classified as normal baseline behavior,tcp.dstport,HEALTHY BASELINE (Normal Operation Preserved),Normal Dynamics Maintained
926,2026-08-23 11:49:39,DDoS_UDP,DDoS_UDP,99.97,0.0,0.0,231689.544,PASS,High-fidelity alert: Confidence (100.0%) meets threshold and features ['udp.port'] match known domain mechanics.,udp.port,DISPATCHED TO SOC OPERATOR (Verified Incident),Critical Threat Intercepted
927,2026-08-23 11:49:40,DDoS_ICMP,DDoS_ICMP,99.95,0.0,0.0,14526.1003,PASS,High-fidelity alert: Confidence (100.0%) meets threshold and features ['icmp.checksum'] match known domain mechanics.,icmp.checksum,DISPATCHED TO SOC OPERATOR (Verified Incident),Critical Threat Intercepted
928,2026-08-23 11:49:40,Backdoor,Backdoor,99.94,632.0,0.0,3434510.8975,PASS,High-fidelity alert: Confidence (99.9%) meets threshold and features ['tcp.dstport'] match known domain mechanics.,tcp.dstport,DISPATCHED TO SOC OPERATOR (Verified Incident),Critical Threat Intercepted
929,2026-08-23 11:49:41,Password,Password,89.34,0.0,0.0,7223.3374,PASS,High-fidelity alert: Confidence (89.3%) meets threshold and features ['tcp.dstport'] match known domain mechanics.,tcp.dstport,DISPATCHED TO SOC OPERATOR (Verified Incident),Critical Threat Intercepted
930,2026-08-23 11:49:41,DDoS_HTTP,DDoS_HTTP,99.7,24.0,0.07,2915.4402,PASS,High-fidelity alert: Confidence (99.7%) meets threshold and features ['http.content_length'] match known domain mechanics.,http.content_length,DISPATCHED TO SOC OPERATOR (Verified Incident),Critical Threat Intercepted
931,2026-08-23 11:49:42,DDoS_TCP,DDoS_TCP,99.93,120.0,0.0,178833980.9925,PASS,High-fidelity alert: Confidence (99.9%) meets threshold and features ['tcp.flags'] match known domain mechanics.,tcp.flags,DISPATCHED TO SOC OPERATOR (Verified Incident),Critical Threat Intercepted
932,2026-08-23 11:49:42,XSS,XSS,99.69,0.0,0.0,2117.7785,PASS,High-fidelity alert: Confidence (99.7%) meets threshold and features ['http.content_length'] match known domain mechanics.,http.content_length,DISPATCHED TO SOC OPERATOR (Verified Incident),Critical Threat Intercepted
933,2026-08-23 11:49:43,DDoS_TCP,DDoS_TCP,99.97,120.0,1.79,48829727.9564,PASS,High-fidelity alert: Confidence (100.0%) meets threshold and features ['tcp.flags'] match known domain mechanics.,tcp.flags,DISPATCHED TO SOC OPERATOR (Verified Incident),Critical Threat Intercepted
934,2026-08-23 11:49:43,XSS,XSS,99.69,0.0,0.0,3488.8268,PASS,High-fidelity alert: Confidence (99.7%) meets threshold and features ['http.content_length'] match known domain mechanics.,http.content_length,DISPATCHED TO SOC OPERATOR (Verified Incident),Critical Threat Intercepted
935,2026-08-23 11:49:44,SQL_injection,SQL_injection,99.84,0.0,0.0,156.9136,PASS,High-fidelity alert: Confidence (99.8%) meets threshold and features ['http.content_length'] match known domain mechanics.,http.content_length,DISPATCHED TO SOC OPERATOR (Verified Incident),Critical Threat Intercepted
936,2026-08-23 11:49:44,DDoS_UDP,DDoS_UDP,99.94,0.0,0.0,10083.381,PASS,High-fidelity alert: Confidence (99.9%) meets threshold and features ['udp.port'] match known domain mechanics.,udp.port,DISPATCHED TO SOC OPERATOR (Verified Incident),Critical Threat Intercepted
937,2026-08-23 11:49:45,Vulnerability_scanner,Vulnerability_scanner,99.96,267.0,0.0,3896.2113,PASS,High-fidelity alert: Confidence (100.0%) meets threshold and features ['http.content_length'] match known domain mechanics.,http.content_length,DISPATCHED TO SOC OPERATOR (Verified Incident),Critical Threat Intercepted
938,2026-08-23 11:49:45,Password,Password,99.07,0.0,0.0,70553.6534,PASS,High-fidelity alert: Confidence (99.1%) meets threshold and features ['tcp.dstport'] match known domain mechanics.,tcp.dstport,DISPATCHED TO SOC OPERATOR (Verified Incident),Critical Threat Intercepted
939,2026-08-23 11:49:46,DDoS_TCP,DDoS_TCP,99.89,0.0,0.0,2090.9812,PASS,High-fidelity alert: Confidence (99.9%) meets threshold and features ['tcp.flags'] match known domain mechanics.,tcp.flags,DISPATCHED TO SOC OPERATOR (Verified Incident),Critical Threat Intercepted
940,2026-08-23 11:49:46,DDoS_UDP,DDoS_UDP,99.95,0.0,0.0,312779.6068,PASS,High-fidelity alert: Confidence (100.0%) meets threshold and features ['udp.port'] match known domain mechanics.,udp.port,DISPATCHED TO SOC OPERATOR (Verified Incident),Critical Threat Intercepted
941,2026-08-23 11:49:47,Vulnerability_scanner,Vulnerability_scanner,99.97,495.0,0.0,26360.1333,PASS,High-fidelity alert: Confidence (100.0%) meets threshold and features ['http.content_length'] match known domain mechanics.,http.content_length,DISPATCHED TO SOC OPERATOR (Verified Incident),Critical Threat Intercepted
942,2026-08-23 11:49:47,DDoS_TCP,DDoS_TCP,99.93,120.0,0.0,224268559.2634,PASS,High-fidelity alert: Confidence (99.9%) meets threshold and features ['tcp.flags'] match known domain mechanics.,tcp.flags,DISPATCHED TO SOC OPERATOR (Verified Incident),Critical Threat Intercepted
943,2026-08-23 11:49:48,DDoS_UDP,DDoS_UDP,99.94,0.0,0.0,102267.1135,PASS,High-fidelity alert: Confidence (99.9%) meets threshold and features ['udp.port'] match known domain mechanics.,udp.port,DISPATCHED TO SOC OPERATOR (Verified Incident),Critical Threat Intercepted
944,2026-08-23 11:49:48,DDoS_HTTP,DDoS_HTTP,99.74,32.0,0.0,331.0969,PASS,High-fidelity alert: Confidence (99.7%) meets threshold and features ['http.content_length'] match known domain mechanics.,http.content_length,DISPATCHED TO SOC OPERATOR (Verified Incident),Critical Threat Intercepted
945,2026-08-23 11:49:49,Backdoor,Backdoor,99.95,0.0,0.0,205659.0998,PASS,High-fidelity alert: Confidence (100.0%) meets threshold and features ['tcp.dstport'] match known domain mechanics.,tcp.dstport,DISPATCHED TO SOC OPERATOR (Verified Incident),Critical Threat Intercepted
946,2026-08-23 11:49:49,Fingerprinting,Ransomware,49.03,0.0,0.0,7281.7563,SUPPRESS,Alert suppressed: Low model confidence (49.0% < 65.0%).,tcp.len,SUPPRESSED BY FILTER (Noise / False Alarm Prevented),Actuator Shutdown / Operator Fatigue Prevented
947,2026-08-23 11:49:50,DDoS_HTTP,DDoS_HTTP,99.48,39.0,1.67,1782.2862,PASS,High-fidelity alert: Confidence (99.5%) meets threshold and features ['http.content_length'] match known domain mechanics.,http.content_length,DISPATCHED TO SOC OPERATOR (Verified Incident),Critical Threat Intercepted
948,2026-08-23 11:49:50,Vulnerability_scanner,Vulnerability_scanner,99.97,495.0,0.96,529611.6902,PASS,High-fidelity alert: Confidence (100.0%) meets threshold and features ['http.content_length'] match known domain mechanics.,http.content_length,DISPATCHED TO SOC OPERATOR (Verified Incident),Critical Threat Intercepted
949,2026-08-23 11:49:51,Vulnerability_scanner,Vulnerability_scanner,99.96,261.0,6.88,5302.6502,PASS,High-fidelity alert: Confidence (100.0%) meets threshold and features ['http.content_length'] match known domain mechanics.,http.content_length,DISPATCHED TO SOC OPERATOR (Verified Incident),Critical Threat Intercepted
950,2026-08-23 11:49:51,Port_Scanning,Port_Scanning,99.94,0.0,0.0,233220007.825,PASS,High-fidelity alert: Confidence (99.9%) meets threshold and features ['tcp.dstport'] match known domain mechanics.,tcp.dstport,DISPATCHED TO SOC OPERATOR (Verified Incident),Critical Threat Intercepted
951,2026-08-23 11:49:52,Vulnerability_scanner,Vulnerability_scanner,99.97,308.0,3.28,12962.1173,PASS,High-fidelity alert: Confidence (100.0%) meets threshold and features ['http.content_length'] match known domain mechanics.,http.content_length,DISPATCHED TO SOC OPERATOR (Verified Incident),Critical Threat Intercepted
952,2026-08-23 11:49:52,DDoS_HTTP,DDoS_HTTP,73.57,0.0,0.0,1976.0852,PASS,High-fidelity alert: Confidence (73.6%) meets threshold and features ['http.content_length'] match known domain mechanics.,http.content_length,DISPATCHED TO SOC OPERATOR (Verified Incident),Critical Threat Intercepted
953,2026-08-23 11:49:53,DDoS_HTTP,DDoS_HTTP,92.31,292.0,3.07,1599.9386,PASS,High-fidelity alert: Confidence (92.3%) meets threshold and features ['http.content_length'] match known domain mechanics.,http.content_length,DISPATCHED TO SOC OPERATOR (Verified Incident),Critical Threat Intercepted
954,2026-08-23 11:49:53,MITM,MITM,99.85,62937.0,1.72,9254.4157,PASS,High-fidelity alert: Confidence (99.8%) meets threshold and features ['arp.opcode'] match known domain mechanics.,arp.opcode,DISPATCHED TO SOC OPERATOR (Verified Incident),Critical Threat Intercepted
955,2026-08-23 11:49:54,DDoS_HTTP,DDoS_HTTP,99.7,16.0,12.44,994.3018,PASS,High-fidelity alert: Confidence (99.7%) meets threshold and features ['http.content_length'] match known domain mechanics.,http.content_length,DISPATCHED TO SOC OPERATOR (Verified Incident),Critical Threat Intercepted
956,2026-08-23 11:49:54,Fingerprinting,Fingerprinting,97.43,0.0,0.0,2829.426,PASS,High-fidelity alert: Confidence (97.4%) meets threshold and features ['tcp.flags'] match known domain mechanics.,tcp.flags,DISPATCHED TO SOC OPERATOR (Verified Incident),Critical Threat Intercepted
957,2026-08-23 11:49:55,Uploading,Uploading,99.06,0.0,0.0,781.8596,PASS,High-fidelity alert: Confidence (99.1%) meets threshold and features ['tcp.len'] match known domain mechanics.,tcp.len,DISPATCHED TO SOC OPERATOR (Verified Incident),Critical Threat Intercepted
958,2026-08-23 11:49:55,XSS,XSS,99.65,0.0,0.0,2822.9521,PASS,High-fidelity alert: Confidence (99.7%) meets threshold and features ['http.content_length'] match known domain mechanics.,http.content_length,DISPATCHED TO SOC OPERATOR (Verified Incident),Critical Threat Intercepted
959,2026-08-23 11:49:56,Port_Scanning,Ransomware,31.38,0.0,0.0,8927.5642,SUPPRESS,Alert suppressed: Low model confidence (31.4% < 65.0%).,tcp.len,SUPPRESSED BY FILTER (Noise / False Alarm Prevented),Actuator Shutdown / Operator Fatigue Prevented
960,2026-08-23 11:49:56,DDoS_UDP,DDoS_UDP,99.95,0.0,0.0,304175.3932,PASS,High-fidelity alert: Confidence (100.0%) meets threshold and features ['udp.port'] match known domain mechanics.,udp.port,DISPATCHED TO SOC OPERATOR (Verified Incident),Critical Threat Intercepted
961,2026-08-23 11:49:57,Port_Scanning,Port_Scanning,99.92,0.0,0.0,120458214.3,PASS,High-fidelity alert: Confidence (99.9%) meets threshold and features ['tcp.dstport'] match known domain mechanics.,tcp.dstport,DISPATCHED TO SOC OPERATOR (Verified Incident),Critical Threat Intercepted
962,2026-08-23 11:49:57,Backdoor,Backdoor,99.95,0.0,0.0,18996144.7982,PASS,High-fidelity alert: Confidence (99.9%) meets threshold and features ['tcp.dstport'] match known domain mechanics.,tcp.dstport,DISPATCHED TO SOC OPERATOR (Verified Incident),Critical Threat Intercepted
963,2026-08-23 11:49:58,Uploading,Uploading,99.54,0.0,0.0,2824.0292,PASS,High-fidelity alert: Confidence (99.5%) meets threshold and features ['tcp.len'] match known domain mechanics.,tcp.len,DISPATCHED TO SOC OPERATOR (Verified Incident),Critical Threat Intercepted
964,2026-08-23 11:49:58,Fingerprinting,Fingerprinting,97.43,0.0,0.0,11274.7681,PASS,High-fidelity alert: Confidence (97.4%) meets threshold and features ['tcp.flags'] match known domain mechanics.,tcp.flags,DISPATCHED TO SOC OPERATOR (Verified Incident),Critical Threat Intercepted
965,2026-08-23 11:49:59,Normal,Normal,99.91,0.0,0.0,5927.1025,NORMAL,Traffic classified as normal baseline behavior,tcp.dstport,HEALTHY BASELINE (Normal Operation Preserved),Normal Dynamics Maintained
966,2026-08-23 11:49:59,MITM,MITM,99.8,5353.0,10.41,3176.0787,PASS,High-fidelity alert: Confidence (99.8%) meets threshold and features ['arp.opcode'] match known domain mechanics.,arp.opcode,DISPATCHED TO SOC OPERATOR (Verified Incident),Critical Threat Intercepted
967,2026-08-23 11:50:00,Password,Password,97.96,221.0,7.15,5567.5012,PASS,High-fidelity alert: Confidence (98.0%) meets threshold and features ['tcp.dstport'] match known domain mechanics.,tcp.dstport,DISPATCHED TO SOC OPERATOR (Verified Incident),Critical Threat Intercepted
968,2026-08-23 11:50:00,DDoS_ICMP,DDoS_ICMP,99.93,0.0,0.0,12634.2856,PASS,High-fidelity alert: Confidence (99.9%) meets threshold and features ['icmp.checksum'] match known domain mechanics.,icmp.checksum,DISPATCHED TO SOC OPERATOR (Verified Incident),Critical Threat Intercepted
969,2026-08-23 11:50:01,Normal,Normal,99.95,0.0,0.0,4460.5541,NORMAL,Traffic classified as normal baseline behavior,tcp.dstport,HEALTHY BASELINE (Normal Operation Preserved),Normal Dynamics Maintained
970,2026-08-23 11:50:01,DDoS_ICMP,DDoS_ICMP,99.95,0.0,0.0,11445.3548,PASS,High-fidelity alert: Confidence (99.9%) meets threshold and features ['icmp.checksum'] match known domain mechanics.,icmp.checksum,DISPATCHED TO SOC OPERATOR (Verified Incident),Critical Threat Intercepted
971,2026-08-23 11:50:02,DDoS_HTTP,DDoS_HTTP,97.73,0.0,0.0,6175.8768,PASS,High-fidelity alert: Confidence (97.7%) meets threshold and features ['http.content_length'] match known domain mechanics.,http.content_length,DISPATCHED TO SOC OPERATOR (Verified Incident),Critical Threat Intercepted
972,2026-08-23 11:50:02,DDoS_HTTP,DDoS_HTTP,99.55,0.0,0.0,1510.1966,PASS,High-fidelity alert: Confidence (99.6%) meets threshold and features ['http.content_length'] match known domain mechanics.,http.content_length,DISPATCHED TO SOC OPERATOR (Verified Incident),Critical Threat Intercepted
973,2026-08-23 11:50:03,Vulnerability_scanner,Vulnerability_scanner,99.96,284.0,3.09,4522.9629,PASS,High-fidelity alert: Confidence (100.0%) meets threshold and features ['http.content_length'] match known domain mechanics.,http.content_length,DISPATCHED TO SOC OPERATOR (Verified Incident),Critical Threat Intercepted
974,2026-08-23 11:50:03,DDoS_ICMP,DDoS_ICMP,99.95,0.0,0.0,13844.6487,PASS,High-fidelity alert: Confidence (100.0%) meets threshold and features ['icmp.checksum'] match known domain mechanics.,icmp.checksum,DISPATCHED TO SOC OPERATOR (Verified Incident),Critical Threat Intercepted
975,2026-08-23 11:50:04,Uploading,Uploading,99.04,0.0,0.0,1726.6387,PASS,High-fidelity alert: Confidence (99.0%) meets threshold and features ['tcp.len'] match known domain mechanics.,tcp.len,DISPATCHED TO SOC OPERATOR (Verified Incident),Critical Threat Intercepted
976,2026-08-23 11:50:04,Port_Scanning,Ransomware,28.75,0.0,0.0,1923.2139,SUPPRESS,Alert suppressed: Low model confidence (28.8% < 65.0%).,tcp.len,SUPPRESSED BY FILTER (Noise / False Alarm Prevented),Actuator Shutdown / Operator Fatigue Prevented
977,2026-08-23 11:50:05,DDoS_HTTP,DDoS_HTTP,99.18,0.0,0.0,3651.1564,PASS,High-fidelity alert: Confidence (99.2%) meets threshold and features ['http.content_length'] match known domain mechanics.,http.content_length,DISPATCHED TO SOC OPERATOR (Verified Incident),Critical Threat Intercepted
978,2026-08-23 11:50:05,Backdoor,Backdoor,99.96,0.0,0.0,124690.169,PASS,High-fidelity alert: Confidence (100.0%) meets threshold and features ['tcp.dstport'] match known domain mechanics.,tcp.dstport,DISPATCHED TO SOC OPERATOR (Verified Incident),Critical Threat Intercepted
979,2026-08-23 11:50:06,MITM,MITM,31.94,0.0,0.0,3432.4268,SUPPRESS,Alert suppressed: Low model confidence (31.9% < 65.0%).,arp.opcode,SUPPRESSED BY FILTER (Noise / False Alarm Prevented),Actuator Shutdown / Operator Fatigue Prevented
980,2026-08-23 11:50:06,DDoS_HTTP,DDoS_HTTP,64.0,0.0,0.0,3031.0939,SUPPRESS,Alert suppressed: Low model confidence (64.0% < 65.0%).,http.content_length,SUPPRESSED BY FILTER (Noise / False Alarm Prevented),Actuator Shutdown / Operator Fatigue Prevented
981,2026-08-23 11:50:07,Backdoor,Ransomware,28.56,0.0,0.0,516.9461,SUPPRESS,Alert suppressed: Low model confidence (28.6% < 65.0%).,tcp.len,SUPPRESSED BY FILTER (Noise / False Alarm Prevented),Actuator Shutdown / Operator Fatigue Prevented
982,2026-08-23 11:50:07,Fingerprinting,Fingerprinting,98.44,0.0,0.0,146.3387,PASS,High-fidelity alert: Confidence (98.4%) meets threshold and features ['tcp.flags'] match known domain mechanics.,tcp.flags,DISPATCHED TO SOC OPERATOR (Verified Incident),Critical Threat Intercepted
983,2026-08-23 11:50:08,Port_Scanning,Port_Scanning,99.87,0.0,0.0,2448.497,PASS,High-fidelity alert: Confidence (99.9%) meets threshold and features ['tcp.dstport'] match known domain mechanics.,tcp.dstport,DISPATCHED TO SOC OPERATOR (Verified Incident),Critical Threat Intercepted
984,2026-08-23 11:50:08,Vulnerability_scanner,Vulnerability_scanner,99.95,0.0,0.0,10786.0019,PASS,High-fidelity alert: Confidence (99.9%) meets threshold and features ['http.content_length'] match known domain mechanics.,http.content_length,DISPATCHED TO SOC OPERATOR (Verified Incident),Critical Threat Intercepted
985,2026-08-23 11:50:09,XSS,XSS,96.71,102.0,1.35,1131.4472,PASS,High-fidelity alert: Confidence (96.7%) meets threshold and features ['http.content_length'] match known domain mechanics.,http.content_length,DISPATCHED TO SOC OPERATOR (Verified Incident),Critical Threat Intercepted
986,2026-08-23 11:50:09,DDoS_UDP,DDoS_UDP,99.9,0.0,0.0,166067.4528,PASS,High-fidelity alert: Confidence (99.9%) meets threshold and features ['udp.port'] match known domain mechanics.,udp.port,DISPATCHED TO SOC OPERATOR (Verified Incident),Critical Threat Intercepted
987,2026-08-23 11:50:10,DDoS_UDP,DDoS_UDP,99.95,0.0,0.0,97005.0598,PASS,High-fidelity alert: Confidence (100.0%) meets threshold and features ['udp.port'] match known domain mechanics.,udp.port,DISPATCHED TO SOC OPERATOR (Verified Incident),Critical Threat Intercepted
988,2026-08-23 11:50:10,Password,Password,92.41,0.0,0.0,2605.4805,PASS,High-fidelity alert: Confidence (92.4%) meets threshold and features ['tcp.dstport'] match known domain mechanics.,tcp.dstport,DISPATCHED TO SOC OPERATOR (Verified Incident),Critical Threat Intercepted
989,2026-08-23 11:50:11,Port_Scanning,Port_Scanning,99.94,0.0,0.0,53619894.0404,PASS,High-fidelity alert: Confidence (99.9%) meets threshold and features ['tcp.dstport'] match known domain mechanics.,tcp.dstport,DISPATCHED TO SOC OPERATOR (Verified Incident),Critical Threat Intercepted
990,2026-08-23 11:50:11,Backdoor,Backdoor,99.96,208.0,0.0,212616.4419,PASS,High-fidelity alert: Confidence (100.0%) meets threshold and features ['tcp.dstport'] match known domain mechanics.,tcp.dstport,DISPATCHED TO SOC OPERATOR (Verified Incident),Critical Threat Intercepted
991,2026-08-23 11:50:12,Ransomware,Ransomware,99.96,464.0,0.0,49155.9079,PASS,High-fidelity alert: Confidence (100.0%) meets threshold and features ['tcp.len'] match known domain mechanics.,tcp.len,DISPATCHED TO SOC OPERATOR (Verified Incident),Critical Threat Intercepted
992,2026-08-23 11:50:12,SQL_injection,SQL_injection,99.47,477.0,0.95,214649.3617,PASS,High-fidelity alert: Confidence (99.5%) meets threshold and features ['http.content_length'] match known domain mechanics.,http.content_length,DISPATCHED TO SOC OPERATOR (Verified Incident),Critical Threat Intercepted
993,2026-08-23 11:50:13,Backdoor,Backdoor,99.95,304.0,1.86,146651.071,PASS,High-fidelity alert: Confidence (100.0%) meets threshold and features ['tcp.dstport'] match known domain mechanics.,tcp.dstport,DISPATCHED TO SOC OPERATOR (Verified Incident),Critical Threat Intercepted
994,2026-08-23 11:50:13,Password,SQL_injection,65.29,0.0,0.0,2662.1636,PASS,High-fidelity alert: Confidence (65.3%) meets threshold and features ['http.content_length'] match known domain mechanics.,http.content_length,DISPATCHED TO SOC OPERATOR (Verified Incident),Critical Threat Intercepted
995,2026-08-23 11:50:14,Vulnerability_scanner,Ransomware,28.54,0.0,0.0,2426.0646,SUPPRESS,Alert suppressed: Low model confidence (28.5% < 65.0%).,tcp.len,SUPPRESSED BY FILTER (Noise / False Alarm Prevented),Actuator Shutdown / Operator Fatigue Prevented
996,2026-08-23 11:50:14,DDoS_TCP,DDoS_TCP,99.85,0.0,0.0,1287.883,PASS,High-fidelity alert: Confidence (99.8%) meets threshold and features ['tcp.flags'] match known domain mechanics.,tcp.flags,DISPATCHED TO SOC OPERATOR (Verified Incident),Critical Threat Intercepted
997,2026-08-23 11:50:15,Fingerprinting,Fingerprinting,99.2,0.0,0.0,4214.2489,PASS,High-fidelity alert: Confidence (99.2%) meets threshold and features ['tcp.flags'] match known domain mechanics.,tcp.flags,DISPATCHED TO SOC OPERATOR (Verified Incident),Critical Threat Intercepted
998,2026-08-23 11:50:15,Password,Password,96.61,0.0,0.0,4526.2303,PASS,High-fidelity alert: Confidence (96.6%) meets threshold and features ['tcp.dstport'] match known domain mechanics.,tcp.dstport,DISPATCHED TO SOC OPERATOR (Verified Incident),Critical Threat Intercepted
999,2026-08-23 11:50:16,Vulnerability_scanner,Vulnerability_scanner,99.97,393.0,1.87,7625.9987,PASS,High-fidelity alert: Confidence (100.0%) meets threshold and features ['http.content_length'] match known domain mechanics.,http.content_length,DISPATCHED TO SOC OPERATOR (Verified Incident),Critical Threat Intercepted
1000,2026-08-23 11:50:16,DDoS_TCP,DDoS_TCP,99.95,120.0,1.34,34920928.0287,PASS,High-fidelity alert: Confidence (100.0%) meets threshold and features ['tcp.flags'] match known domain mechanics.,tcp.flags,DISPATCHED TO SOC OPERATOR (Verified Incident),Critical Threat Intercepted
1001,2026-08-23 11:50:17,Normal,Normal,99.96,0.0,0.0,2226.4727,NORMAL,Traffic classified as normal baseline behavior,tcp.dstport,HEALTHY BASELINE (Normal Operation Preserved),Normal Dynamics Maintained
1002,2026-08-23 11:50:17,Normal,Normal,99.96,0.0,0.0,69.5886,NORMAL,Traffic classified as normal baseline behavior,tcp.dstport,HEALTHY BASELINE (Normal Operation Preserved),Normal Dynamics Maintained
1003,2026-08-23 11:50:18,Vulnerability_scanner,Vulnerability_scanner,99.97,495.0,3.7,8910.2268,PASS,High-fidelity alert: Confidence (100.0%) meets threshold and features ['http.content_length'] match known domain mechanics.,http.content_length,DISPATCHED TO SOC OPERATOR (Verified Incident),Critical Threat Intercepted
1004,2026-08-23 11:50:18,DDoS_UDP,DDoS_UDP,99.96,0.0,0.0,131783.6421,PASS,High-fidelity alert: Confidence (100.0%) meets threshold and features ['udp.port'] match known domain mechanics.,udp.port,DISPATCHED TO SOC OPERATOR (Verified Incident),Critical Threat Intercepted
1005,2026-08-23 11:50:19,DDoS_ICMP,DDoS_ICMP,99.95,0.0,0.0,15658.6182,PASS,High-fidelity alert: Confidence (100.0%) meets threshold and features ['icmp.checksum'] match known domain mechanics.,icmp.checksum,DISPATCHED TO SOC OPERATOR (Verified Incident),Critical Threat Intercepted
1006,2026-08-23 11:50:19,Backdoor,Backdoor,99.95,0.0,0.0,1896819.5494,PASS,High-fidelity alert: Confidence (100.0%) meets threshold and features ['tcp.dstport'] match known domain mechanics.,tcp.dstport,DISPATCHED TO SOC OPERATOR (Verified Incident),Critical Threat Intercepted
1007,2026-08-23 11:50:20,Port_Scanning,Port_Scanning,99.95,0.0,0.0,87275708.0166,PASS,High-fidelity alert: Confidence (99.9%) meets threshold and features ['tcp.dstport'] match known domain mechanics.,tcp.dstport,DISPATCHED TO SOC OPERATOR (Verified Incident),Critical Threat Intercepted
1008,2026-08-23 11:50:20,DDoS_ICMP,DDoS_ICMP,99.95,0.0,0.0,15177.5425,PASS,High-fidelity alert: Confidence (99.9%) meets threshold and features ['icmp.checksum'] match known domain mechanics.,icmp.checksum,DISPATCHED TO SOC OPERATOR (Verified Incident),Critical Threat Intercepted
1009,2026-08-23 11:50:21,DDoS_UDP,DDoS_UDP,99.97,0.0,0.0,82217.1484,PASS,High-fidelity alert: Confidence (100.0%) meets threshold and features ['udp.port'] match known domain mechanics.,udp.port,DISPATCHED TO SOC OPERATOR (Verified Incident),Critical Threat Intercepted
1010,2026-08-23 11:50:21,DDoS_TCP,DDoS_TCP,99.92,120.0,0.0,108702737.0348,PASS,High-fidelity alert: Confidence (99.9%) meets threshold and features ['tcp.flags'] match known domain mechanics.,tcp.flags,DISPATCHED TO SOC OPERATOR (Verified Incident),Critical Threat Intercepted
1011,2026-08-23 11:50:22,MITM,MITM,24.04,0.0,0.0,5819904.3069,SUPPRESS,Alert suppressed: Low model confidence (24.0% < 65.0%).,arp.opcode,SUPPRESSED BY FILTER (Noise / False Alarm Prevented),Actuator Shutdown / Operator Fatigue Prevented
1012,2026-08-23 11:50:22,DDoS_HTTP,DDoS_HTTP,98.91,20.0,0.0,4074.0502,PASS,High-fidelity alert: Confidence (98.9%) meets threshold and features ['http.content_length'] match known domain mechanics.,http.content_length,DISPATCHED TO SOC OPERATOR (Verified Incident),Critical Threat Intercepted
1013,2026-08-23 11:50:23,Backdoor,Backdoor,99.95,0.0,0.0,104060.1502,PASS,High-fidelity alert: Confidence (100.0%) meets threshold and features ['tcp.dstport'] match known domain mechanics.,tcp.dstport,DISPATCHED TO SOC OPERATOR (Verified Incident),Critical Threat Intercepted
1014,2026-08-23 11:50:23,Vulnerability_scanner,Vulnerability_scanner,99.97,346.0,0.0,9035.8788,PASS,High-fidelity alert: Confidence (100.0%) meets threshold and features ['http.content_length'] match known domain mechanics.,http.content_length,DISPATCHED TO SOC OPERATOR (Verified Incident),Critical Threat Intercepted
1015,2026-08-23 11:50:24,Uploading,Uploading,99.66,0.0,0.0,6122.5949,PASS,High-fidelity alert: Confidence (99.7%) meets threshold and features ['tcp.len'] match known domain mechanics.,tcp.len,DISPATCHED TO SOC OPERATOR (Verified Incident),Critical Threat Intercepted
1016,2026-08-23 11:50:24,DDoS_TCP,DDoS_TCP,99.96,120.0,1.4,237673221.1186,PASS,High-fidelity alert: Confidence (100.0%) meets threshold and features ['tcp.flags'] match known domain mechanics.,tcp.flags,DISPATCHED TO SOC OPERATOR (Verified Incident),Critical Threat Intercepted
1017,2026-08-23 11:50:25,Vulnerability_scanner,Vulnerability_scanner,99.97,305.0,1.99,10803.5626,PASS,High-fidelity alert: Confidence (100.0%) meets threshold and features ['http.content_length'] match known domain mechanics.,http.content_length,DISPATCHED TO SOC OPERATOR (Verified Incident),Critical Threat Intercepted
1018,2026-08-23 11:50:25,Password,DDoS_HTTP,51.34,0.0,0.0,2923.4796,SUPPRESS,Alert suppressed: Low model confidence (51.3% < 65.0%).,http.content_length,SUPPRESSED BY FILTER (Noise / False Alarm Prevented),Actuator Shutdown / Operator Fatigue Prevented
1019,2026-08-23 11:50:26,Fingerprinting,Fingerprinting,98.48,0.0,0.0,3048.3755,PASS,High-fidelity alert: Confidence (98.5%) meets threshold and features ['tcp.flags'] match known domain mechanics.,tcp.flags,DISPATCHED TO SOC OPERATOR (Verified Incident),Critical Threat Intercepted
1020,2026-08-23 11:50:26,Backdoor,Backdoor,99.95,240.0,2.74,121868.8621,PASS,High-fidelity alert: Confidence (99.9%) meets threshold and features ['tcp.dstport'] match known domain mechanics.,tcp.dstport,DISPATCHED TO SOC OPERATOR (Verified Incident),Critical Threat Intercepted
1021,2026-08-23 11:50:27,Uploading,Uploading,51.21,0.0,0.0,4010.904,SUPPRESS,Alert suppressed: Low model confidence (51.2% < 65.0%).,tcp.len,SUPPRESSED BY FILTER (Noise / False Alarm Prevented),Actuator Shutdown / Operator Fatigue Prevented
1022,2026-08-23 11:50:27,DDoS_ICMP,DDoS_ICMP,99.95,0.0,0.0,11708.0753,PASS,High-fidelity alert: Confidence (100.0%) meets threshold and features ['icmp.checksum'] match known domain mechanics.,icmp.checksum,DISPATCHED TO SOC OPERATOR (Verified Incident),Critical Threat Intercepted
1023,2026-08-23 11:50:28,Uploading,Uploading,99.74,0.0,0.0,1662.2964,PASS,High-fidelity alert: Confidence (99.7%) meets threshold and features ['tcp.len'] match known domain mechanics.,tcp.len,DISPATCHED TO SOC OPERATOR (Verified Incident),Critical Threat Intercepted
1024,2026-08-23 11:50:28,Password,Password,98.43,0.0,0.0,312.3569,PASS,High-fidelity alert: Confidence (98.4%) meets threshold and features ['tcp.dstport'] match known domain mechanics.,tcp.dstport,DISPATCHED TO SOC OPERATOR (Verified Incident),Critical Threat Intercepted
1025,2026-08-23 11:50:29,SQL_injection,SQL_injection,76.15,0.0,0.0,1739.6568,PASS,High-fidelity alert: Confidence (76.2%) meets threshold and features ['http.content_length'] match known domain mechanics.,http.content_length,DISPATCHED TO SOC OPERATOR (Verified Incident),Critical Threat Intercepted
1026,2026-08-23 11:50:29,XSS,XSS,99.92,0.0,0.0,917.6199,PASS,High-fidelity alert: Confidence (99.9%) meets threshold and features ['http.content_length'] match known domain mechanics.,http.content_length,DISPATCHED TO SOC OPERATOR (Verified Incident),Critical Threat Intercepted
1027,2026-08-23 11:50:30,DDoS_ICMP,DDoS_ICMP,99.95,0.0,0.0,12832.6427,PASS,High-fidelity alert: Confidence (99.9%) meets threshold and features ['icmp.checksum'] match known domain mechanics.,icmp.checksum,DISPATCHED TO SOC OPERATOR (Verified Incident),Critical Threat Intercepted
1028,2026-08-23 11:50:30,Backdoor,Backdoor,95.25,0.0,0.0,1760.4494,PASS,High-fidelity alert: Confidence (95.3%) meets threshold and features ['tcp.dstport'] match known domain mechanics.,tcp.dstport,DISPATCHED TO SOC OPERATOR (Verified Incident),Critical Threat Intercepted
1029,2026-08-23 11:50:31,MITM,MITM,31.96,0.0,0.0,1611.5542,SUPPRESS,Alert suppressed: Low model confidence (32.0% < 65.0%).,arp.opcode,SUPPRESSED BY FILTER (Noise / False Alarm Prevented),Actuator Shutdown / Operator Fatigue Prevented
1030,2026-08-23 11:50:31,Vulnerability_scanner,Vulnerability_scanner,99.97,495.0,2.86,4787.9,PASS,High-fidelity alert: Confidence (100.0%) meets threshold and features ['http.content_length'] match known domain mechanics.,http.content_length,DISPATCHED TO SOC OPERATOR (Verified Incident),Critical Threat Intercepted
1031,2026-08-23 11:50:32,Ransomware,Ransomware,99.6,0.0,0.0,2586.3825,PASS,High-fidelity alert: Confidence (99.6%) meets threshold and features ['tcp.len'] match known domain mechanics.,tcp.len,DISPATCHED TO SOC OPERATOR (Verified Incident),Critical Threat Intercepted
1032,2026-08-23 11:50:32,Port_Scanning,Port_Scanning,99.95,0.0,0.0,39540558.3725,PASS,High-fidelity alert: Confidence (99.9%) meets threshold and features ['tcp.dstport'] match known domain mechanics.,tcp.dstport,DISPATCHED TO SOC OPERATOR (Verified Incident),Critical Threat Intercepted
1033,2026-08-23 11:50:33,Normal,Normal,92.25,0.0,0.0,1081.3431,NORMAL,Traffic classified as normal baseline behavior,tcp.dstport,HEALTHY BASELINE (Normal Operation Preserved),Normal Dynamics Maintained
1034,2026-08-23 11:50:33,DDoS_HTTP,DDoS_HTTP,79.56,0.0,0.0,541.3164,PASS,High-fidelity alert: Confidence (79.6%) meets threshold and features ['http.content_length'] match known domain mechanics.,http.content_length,DISPATCHED TO SOC OPERATOR (Verified Incident),Critical Threat Intercepted
1035,2026-08-23 11:50:34,Port_Scanning,Port_Scanning,99.86,0.0,0.0,3799.4699,PASS,High-fidelity alert: Confidence (99.9%) meets threshold and features ['tcp.dstport'] match known domain mechanics.,tcp.dstport,DISPATCHED TO SOC OPERATOR (Verified Incident),Critical Threat Intercepted
1036,2026-08-23 11:50:34,DDoS_UDP,DDoS_UDP,99.95,0.0,0.0,237204.6502,PASS,High-fidelity alert: Confidence (100.0%) meets threshold and features ['udp.port'] match known domain mechanics.,udp.port,DISPATCHED TO SOC OPERATOR (Verified Incident),Critical Threat Intercepted
1037,2026-08-23 11:50:35,MITM,MITM,32.77,0.0,0.0,7281.7883,SUPPRESS,Alert suppressed: Low model confidence (32.8% < 65.0%).,arp.opcode,SUPPRESSED BY FILTER (Noise / False Alarm Prevented),Actuator Shutdown / Operator Fatigue Prevented
1038,2026-08-23 11:50:35,Normal,Normal,99.97,0.0,0.0,1249842.0494,NORMAL,Traffic classified as normal baseline behavior,tcp.dstport,HEALTHY BASELINE (Normal Operation Preserved),Normal Dynamics Maintained
1039,2026-08-23 11:50:36,Vulnerability_scanner,Vulnerability_scanner,99.95,255.0,0.0,10306.9331,PASS,High-fidelity alert: Confidence (100.0%) meets threshold and features ['http.content_length'] match known domain mechanics.,http.content_length,DISPATCHED TO SOC OPERATOR (Verified Incident),Critical Threat Intercepted
1040,2026-08-23 11:50:36,Normal,Normal,99.94,32.0,0.81,8095267.268,NORMAL,Traffic classified as normal baseline behavior,tcp.dstport,HEALTHY BASELINE (Normal Operation Preserved),Normal Dynamics Maintained
1041,2026-08-23 11:50:37,DDoS_UDP,DDoS_UDP,99.96,0.0,0.0,93882.4252,PASS,High-fidelity alert: Confidence (100.0%) meets threshold and features ['udp.port'] match known domain mechanics.,udp.port,DISPATCHED TO SOC OPERATOR (Verified Incident),Critical Threat Intercepted
1042,2026-08-23 11:50:37,Password,Password,74.33,0.0,0.0,1340.3149,PASS,High-fidelity alert: Confidence (74.3%) meets threshold and features ['tcp.dstport'] match known domain mechanics.,tcp.dstport,DISPATCHED TO SOC OPERATOR (Verified Incident),Critical Threat Intercepted
1043,2026-08-23 11:50:38,MITM,MITM,99.7,5353.0,0.0,1761509.1825,PASS,High-fidelity alert: Confidence (99.7%) meets threshold and features ['arp.opcode'] match known domain mechanics.,arp.opcode,DISPATCHED TO SOC OPERATOR (Verified Incident),Critical Threat Intercepted
1044,2026-08-23 11:50:38,DDoS_HTTP,DDoS_HTTP,49.56,0.0,0.0,3151.6568,SUPPRESS,Alert suppressed: Low model confidence (49.6% < 65.0%).,http.content_length,SUPPRESSED BY FILTER (Noise / False Alarm Prevented),Actuator Shutdown / Operator Fatigue Prevented
1045,2026-08-23 11:50:39,DDoS_UDP,DDoS_UDP,99.86,0.0,0.0,14246.3105,PASS,High-fidelity alert: Confidence (99.9%) meets threshold and features ['udp.port'] match known domain mechanics.,udp.port,DISPATCHED TO SOC OPERATOR (Verified Incident),Critical Threat Intercepted
1046,2026-08-23 11:50:39,XSS,XSS,99.84,0.0,0.0,19935.066,PASS,High-fidelity alert: Confidence (99.8%) meets threshold and features ['http.content_length'] match known domain mechanics.,http.content_length,DISPATCHED TO SOC OPERATOR (Verified Incident),Critical Threat Intercepted
1047,2026-08-23 11:50:40,Port_Scanning,Port_Scanning,99.85,0.0,0.0,197091.0708,PASS,High-fidelity alert: Confidence (99.9%) meets threshold and features ['tcp.dstport'] match known domain mechanics.,tcp.dstport,DISPATCHED TO SOC OPERATOR (Verified Incident),Critical Threat Intercepted
1048,2026-08-23 11:50:40,MITM,MITM,30.4,0.0,0.0,6631.0976,SUPPRESS,Alert suppressed: Low model confidence (30.4% < 65.0%).,arp.opcode,SUPPRESSED BY FILTER (Noise / False Alarm Prevented),Actuator Shutdown / Operator Fatigue Prevented
1049,2026-08-23 11:50:41,XSS,XSS,97.89,0.0,0.0,5715.3606,PASS,High-fidelity alert: Confidence (97.9%) meets threshold and features ['http.content_length'] match known domain mechanics.,http.content_length,DISPATCHED TO SOC OPERATOR (Verified Incident),Critical Threat Intercepted
1050,2026-08-23 11:50:41,Backdoor,Backdoor,99.95,0.0,0.0,195583.2221,PASS,High-fidelity alert: Confidence (100.0%) meets threshold and features ['tcp.dstport'] match known domain mechanics.,tcp.dstport,DISPATCHED TO SOC OPERATOR (Verified Incident),Critical Threat Intercepted
1051,2026-08-23 11:50:42,Password,XSS,54.61,0.0,0.0,407.7954,SUPPRESS,Alert suppressed: Low model confidence (54.6% < 65.0%).,http.content_length,SUPPRESSED BY FILTER (Noise / False Alarm Prevented),Actuator Shutdown / Operator Fatigue Prevented
1052,2026-08-23 11:50:42,SQL_injection,SQL_injection,83.95,0.0,0.0,2079.8235,PASS,High-fidelity alert: Confidence (84.0%) meets threshold and features ['http.content_length'] match known domain mechanics.,http.content_length,DISPATCHED TO SOC OPERATOR (Verified Incident),Critical Threat Intercepted
1053,2026-08-23 11:50:43,XSS,XSS,68.17,0.0,0.0,4328.8832,PASS,High-fidelity alert: Confidence (68.2%) meets threshold and features ['http.content_length'] match known domain mechanics.,http.content_length,DISPATCHED TO SOC OPERATOR (Verified Incident),Critical Threat Intercepted
1054,2026-08-23 11:50:43,Normal,Normal,99.94,0.0,0.0,4090.366,NORMAL,Traffic classified as normal baseline behavior,tcp.dstport,HEALTHY BASELINE (Normal Operation Preserved),Normal Dynamics Maintained
1055,2026-08-23 11:50:44,DDoS_UDP,DDoS_UDP,99.95,0.0,0.0,179784.2232,PASS,High-fidelity alert: Confidence (100.0%) meets threshold and features ['udp.port'] match known domain mechanics.,udp.port,DISPATCHED TO SOC OPERATOR (Verified Incident),Critical Threat Intercepted
1056,2026-08-23 11:50:44,Backdoor,Backdoor,99.95,208.0,0.0,111572.8482,PASS,High-fidelity alert: Confidence (100.0%) meets threshold and features ['tcp.dstport'] match known domain mechanics.,tcp.dstport,DISPATCHED TO SOC OPERATOR (Verified Incident),Critical Threat Intercepted
1057,2026-08-23 11:50:45,DDoS_TCP,DDoS_TCP,99.92,120.0,0.0,90975390.0888,PASS,High-fidelity alert: Confidence (99.9%) meets threshold and features ['tcp.flags'] match known domain mechanics.,tcp.flags,DISPATCHED TO SOC OPERATOR (Verified Incident),Critical Threat Intercepted
1058,2026-08-23 11:50:45,DDoS_ICMP,DDoS_ICMP,99.95,0.0,0.0,15658.8526,PASS,High-fidelity alert: Confidence (99.9%) meets threshold and features ['icmp.checksum'] match known domain mechanics.,icmp.checksum,DISPATCHED TO SOC OPERATOR (Verified Incident),Critical Threat Intercepted
1059,2026-08-23 11:50:46,MITM,Ransomware,26.84,0.0,0.0,7282.3275,SUPPRESS,Alert suppressed: Low model confidence (26.8% < 65.0%).,tcp.len,SUPPRESSED BY FILTER (Noise / False Alarm Prevented),Actuator Shutdown / Operator Fatigue Prevented
1060,2026-08-23 11:50:46,Uploading,Uploading,98.15,0.0,0.0,4302.6907,PASS,High-fidelity alert: Confidence (98.1%) meets threshold and features ['tcp.len'] match known domain mechanics.,tcp.len,DISPATCHED TO SOC OPERATOR (Verified Incident),Critical Threat Intercepted
1061,2026-08-23 11:50:47,XSS,XSS,94.77,0.0,0.0,3332.5266,PASS,High-fidelity alert: Confidence (94.8%) meets threshold and features ['http.content_length'] match known domain mechanics.,http.content_length,DISPATCHED TO SOC OPERATOR (Verified Incident),Critical Threat Intercepted
1062,2026-08-23 11:50:47,MITM,Port_Scanning,27.65,0.0,0.0,1537.2642,SUPPRESS,Alert suppressed: Low model confidence (27.6% < 65.0%).,tcp.dstport,SUPPRESSED BY FILTER (Noise / False Alarm Prevented),Actuator Shutdown / Operator Fatigue Prevented
1063,2026-08-23 11:50:48,Password,Password,99.82,0.0,0.0,3078.4557,PASS,High-fidelity alert: Confidence (99.8%) meets threshold and features ['tcp.dstport'] match known domain mechanics.,tcp.dstport,DISPATCHED TO SOC OPERATOR (Verified Incident),Critical Threat Intercepted
1064,2026-08-23 11:50:48,DDoS_HTTP,DDoS_HTTP,97.28,278.0,5.04,720.3141,PASS,High-fidelity alert: Confidence (97.3%) meets threshold and features ['http.content_length'] match known domain mechanics.,http.content_length,DISPATCHED TO SOC OPERATOR (Verified Incident),Critical Threat Intercepted
1065,2026-08-23 11:50:49,Password,Password,41.52,0.0,0.0,449.6649,SUPPRESS,Alert suppressed: Low model confidence (41.5% < 65.0%).,tcp.dstport,SUPPRESSED BY FILTER (Noise / False Alarm Prevented),Actuator Shutdown / Operator Fatigue Prevented
1066,2026-08-23 11:50:49,SQL_injection,SQL_injection,99.18,477.0,7.76,426.6934,PASS,High-fidelity alert: Confidence (99.2%) meets threshold and features ['http.content_length'] match known domain mechanics.,http.content_length,DISPATCHED TO SOC OPERATOR (Verified Incident),Critical Threat Intercepted
1067,2026-08-23 11:50:50,DDoS_ICMP,DDoS_ICMP,99.95,0.0,0.0,13145.4222,PASS,High-fidelity alert: Confidence (99.9%) meets threshold and features ['icmp.checksum'] match known domain mechanics.,icmp.checksum,DISPATCHED TO SOC OPERATOR (Verified Incident),Critical Threat Intercepted
1068,2026-08-23 11:50:50,DDoS_TCP,DDoS_TCP,99.97,120.0,1.62,22993700.1261,PASS,High-fidelity alert: Confidence (100.0%) meets threshold and features ['tcp.flags'] match known domain mechanics.,tcp.flags,DISPATCHED TO SOC OPERATOR (Verified Incident),Critical Threat Intercepted
1069,2026-08-23 11:50:51,XSS,XSS,64.67,0.0,0.0,4557.0461,SUPPRESS,Alert suppressed: Low model confidence (64.7% < 65.0%).,http.content_length,SUPPRESSED BY FILTER (Noise / False Alarm Prevented),Actuator Shutdown / Operator Fatigue Prevented
1070,2026-08-23 11:50:51,Ransomware,Ransomware,99.52,0.0,0.0,2553.7256,PASS,High-fidelity alert: Confidence (99.5%) meets threshold and features ['tcp.len'] match known domain mechanics.,tcp.len,DISPATCHED TO SOC OPERATOR (Verified Incident),Critical Threat Intercepted
1071,2026-08-23 11:50:52,Fingerprinting,Port_Scanning,68.04,0.0,0.0,2118.1685,PASS,High-fidelity alert: Confidence (68.0%) meets threshold and features ['tcp.dstport'] match known domain mechanics.,tcp.dstport,DISPATCHED TO SOC OPERATOR (Verified Incident),Critical Threat Intercepted
1072,2026-08-23 11:50:52,Ransomware,Ransomware,99.86,464.0,2.04,11427.0173,PASS,High-fidelity alert: Confidence (99.9%) meets threshold and features ['tcp.len'] match known domain mechanics.,tcp.len,DISPATCHED TO SOC OPERATOR (Verified Incident),Critical Threat Intercepted
1073,2026-08-23 11:50:53,Normal,Normal,99.98,2.0,0.0,3436.7114,NORMAL,Traffic classified as normal baseline behavior,tcp.dstport,HEALTHY BASELINE (Normal Operation Preserved),Normal Dynamics Maintained
1074,2026-08-23 11:50:53,Vulnerability_scanner,Vulnerability_scanner,99.97,495.0,4.07,1701.9695,PASS,High-fidelity alert: Confidence (100.0%) meets threshold and features ['http.content_length'] match known domain mechanics.,http.content_length,DISPATCHED TO SOC OPERATOR (Verified Incident),Critical Threat Intercepted
1075,2026-08-23 11:50:54,Normal,Normal,99.94,1440.0,3.4,1661747.9641,NORMAL,Traffic classified as normal baseline behavior,tcp.dstport,HEALTHY BASELINE (Normal Operation Preserved),Normal Dynamics Maintained
1076,2026-08-23 11:50:54,SQL_injection,SQL_injection,99.51,477.0,2.69,4669.7085,PASS,High-fidelity alert: Confidence (99.5%) meets threshold and features ['http.content_length'] match known domain mechanics.,http.content_length,DISPATCHED TO SOC OPERATOR (Verified Incident),Critical Threat Intercepted
1077,2026-08-23 11:50:55,Fingerprinting,Port_Scanning,42.67,0.0,0.0,2401.1332,SUPPRESS,Alert suppressed: Low model confidence (42.7% < 65.0%).,tcp.dstport,SUPPRESSED BY FILTER (Noise / False Alarm Prevented),Actuator Shutdown / Operator Fatigue Prevented
1078,2026-08-23 11:50:55,Backdoor,Backdoor,99.96,328.0,1.8,203104.7036,PASS,High-fidelity alert: Confidence (100.0%) meets threshold and features ['tcp.dstport'] match known domain mechanics.,tcp.dstport,DISPATCHED TO SOC OPERATOR (Verified Incident),Critical Threat Intercepted
1079,2026-08-23 11:50:56,DDoS_TCP,DDoS_TCP,99.92,120.0,5.94,80698456.5141,PASS,High-fidelity alert: Confidence (99.9%) meets threshold and features ['tcp.flags'] match known domain mechanics.,tcp.flags,DISPATCHED TO SOC OPERATOR (Verified Incident),Critical Threat Intercepted
1080,2026-08-23 11:50:56,Uploading,XSS,60.49,0.0,0.0,2273.7096,SUPPRESS,Alert suppressed: Low model confidence (60.5% < 65.0%).,http.content_length,SUPPRESSED BY FILTER (Noise / False Alarm Prevented),Actuator Shutdown / Operator Fatigue Prevented
1081,2026-08-23 11:50:57,DDoS_TCP,DDoS_TCP,99.94,120.0,5.2,37064928.7041,PASS,High-fidelity alert: Confidence (99.9%) meets threshold and features ['tcp.flags'] match known domain mechanics.,tcp.flags,DISPATCHED TO SOC OPERATOR (Verified Incident),Critical Threat Intercepted
1082,2026-08-23 11:50:57,DDoS_UDP,DDoS_UDP,99.94,0.0,0.0,77955.7499,PASS,High-fidelity alert: Confidence (99.9%) meets threshold and features ['udp.port'] match known domain mechanics.,udp.port,DISPATCHED TO SOC OPERATOR (Verified Incident),Critical Threat Intercepted
1083,2026-08-23 11:50:58,DDoS_UDP,DDoS_UDP,99.94,0.0,0.0,117255.6782,PASS,High-fidelity alert: Confidence (99.9%) meets threshold and features ['udp.port'] match known domain mechanics.,udp.port,DISPATCHED TO SOC OPERATOR (Verified Incident),Critical Threat Intercepted
1084,2026-08-23 11:50:58,DDoS_ICMP,DDoS_ICMP,99.95,0.0,0.0,8501.2966,PASS,High-fidelity alert: Confidence (100.0%) meets threshold and features ['icmp.checksum'] match known domain mechanics.,icmp.checksum,DISPATCHED TO SOC OPERATOR (Verified Incident),Critical Threat Intercepted
1085,2026-08-23 11:50:59,Port_Scanning,Port_Scanning,99.86,0.0,0.0,25.867,PASS,High-fidelity alert: Confidence (99.9%) meets threshold and features ['tcp.dstport'] match known domain mechanics.,tcp.dstport,DISPATCHED TO SOC OPERATOR (Verified Incident),Critical Threat Intercepted
1086,2026-08-23 11:50:59,Uploading,Uploading,99.2,0.0,0.0,4425.8594,PASS,High-fidelity alert: Confidence (99.2%) meets threshold and features ['tcp.len'] match known domain mechanics.,tcp.len,DISPATCHED TO SOC OPERATOR (Verified Incident),Critical Threat Intercepted
1087,2026-08-23 11:51:00,Ransomware,Ransomware,99.88,464.0,0.0,34060.01,PASS,High-fidelity alert: Confidence (99.9%) meets threshold and features ['tcp.len'] match known domain mechanics.,tcp.len,DISPATCHED TO SOC OPERATOR (Verified Incident),Critical Threat Intercepted
1088,2026-08-23 11:51:00,XSS,XSS,99.5,484.0,0.0,4565.8956,PASS,High-fidelity alert: Confidence (99.5%) meets threshold and features ['http.content_length'] match known domain mechanics.,http.content_length,DISPATCHED TO SOC OPERATOR (Verified Incident),Critical Threat Intercepted
1089,2026-08-23 11:51:01,Backdoor,Backdoor,99.96,208.0,1.38,144067.9754,PASS,High-fidelity alert: Confidence (100.0%) meets threshold and features ['tcp.dstport'] match known domain mechanics.,tcp.dstport,DISPATCHED TO SOC OPERATOR (Verified Incident),Critical Threat Intercepted
1090,2026-08-23 11:51:01,Ransomware,Ransomware,99.96,0.0,0.0,36483.5598,PASS,High-fidelity alert: Confidence (100.0%) meets threshold and features ['tcp.len'] match known domain mechanics.,tcp.len,DISPATCHED TO SOC OPERATOR (Verified Incident),Critical Threat Intercepted
1091,2026-08-23 11:51:02,Ransomware,MITM,35.25,0.0,0.0,2295.5022,SUPPRESS,Alert suppressed: Low model confidence (35.3% < 65.0%).,arp.opcode,SUPPRESSED BY FILTER (Noise / False Alarm Prevented),Actuator Shutdown / Operator Fatigue Prevented
1092,2026-08-23 11:51:02,MITM,MITM,99.75,5353.0,4.51,3135.6472,PASS,High-fidelity alert: Confidence (99.8%) meets threshold and features ['arp.opcode'] match known domain mechanics.,arp.opcode,DISPATCHED TO SOC OPERATOR (Verified Incident),Critical Threat Intercepted
1093,2026-08-23 11:51:03,Port_Scanning,Port_Scanning,99.79,0.0,0.0,176590228.8709,PASS,High-fidelity alert: Confidence (99.8%) meets threshold and features ['tcp.dstport'] match known domain mechanics.,tcp.dstport,DISPATCHED TO SOC OPERATOR (Verified Incident),Critical Threat Intercepted
1094,2026-08-23 11:51:03,DDoS_HTTP,DDoS_HTTP,99.28,33.0,5.83,1361.0669,PASS,High-fidelity alert: Confidence (99.3%) meets threshold and features ['http.content_length'] match known domain mechanics.,http.content_length,DISPATCHED TO SOC OPERATOR (Verified Incident),Critical Threat Intercepted
1095,2026-08-23 11:51:04,Uploading,Uploading,99.9,1448.0,2.49,13002.5013,PASS,High-fidelity alert: Confidence (99.9%) meets threshold and features ['tcp.len'] match known domain mechanics.,tcp.len,DISPATCHED TO SOC OPERATOR (Verified Incident),Critical Threat Intercepted
1096,2026-08-23 11:51:04,XSS,XSS,99.75,0.0,0.0,1706.5103,PASS,High-fidelity alert: Confidence (99.7%) meets threshold and features ['http.content_length'] match known domain mechanics.,http.content_length,DISPATCHED TO SOC OPERATOR (Verified Incident),Critical Threat Intercepted
1097,2026-08-23 11:51:05,Normal,Normal,99.96,0.0,0.0,2360.8398,NORMAL,Traffic classified as normal baseline behavior,tcp.dstport,HEALTHY BASELINE (Normal Operation Preserved),Normal Dynamics Maintained
1098,2026-08-23 11:51:05,Fingerprinting,Fingerprinting,98.76,0.0,0.0,357.8513,PASS,High-fidelity alert: Confidence (98.8%) meets threshold and features ['tcp.flags'] match known domain mechanics.,tcp.flags,DISPATCHED TO SOC OPERATOR (Verified Incident),Critical Threat Intercepted
1099,2026-08-23 11:51:06,Normal,Normal,99.96,1440.0,1.94,14496846.2746,NORMAL,Traffic classified as normal baseline behavior,tcp.dstport,HEALTHY BASELINE (Normal Operation Preserved),Normal Dynamics Maintained
1100,2026-08-23 11:51:06,Uploading,XSS,52.37,0.0,0.0,2644.5274,SUPPRESS,Alert suppressed: Low model confidence (52.4% < 65.0%).,http.content_length,SUPPRESSED BY FILTER (Noise / False Alarm Prevented),Actuator Shutdown / Operator Fatigue Prevented
1101,2026-08-23 11:51:07,DDoS_UDP,DDoS_UDP,99.95,0.0,0.0,209355.672,PASS,High-fidelity alert: Confidence (99.9%) meets threshold and features ['udp.port'] match known domain mechanics.,udp.port,DISPATCHED TO SOC OPERATOR (Verified Incident),Critical Threat Intercepted
1102,2026-08-23 11:51:07,Fingerprinting,Fingerprinting,99.33,0.0,0.0,10695.2747,PASS,High-fidelity alert: Confidence (99.3%) meets threshold and features ['tcp.flags'] match known domain mechanics.,tcp.flags,DISPATCHED TO SOC OPERATOR (Verified Incident),Critical Threat Intercepted
1103,2026-08-23 11:51:08,Password,Password,99.56,0.0,0.0,1398325.0245,PASS,High-fidelity alert: Confidence (99.6%) meets threshold and features ['tcp.dstport'] match known domain mechanics.,tcp.dstport,DISPATCHED TO SOC OPERATOR (Verified Incident),Critical Threat Intercepted
1104,2026-08-23 11:51:08,Fingerprinting,Port_Scanning,28.99,0.0,0.0,7281.8255,SUPPRESS,Alert suppressed: Low model confidence (29.0% < 65.0%).,tcp.dstport,SUPPRESSED BY FILTER (Noise / False Alarm Prevented),Actuator Shutdown / Operator Fatigue Prevented
1105,2026-08-23 11:51:09,MITM,Ransomware,36.26,0.0,0.0,7282.2923,SUPPRESS,Alert suppressed: Low model confidence (36.3% < 65.0%).,tcp.len,SUPPRESSED BY FILTER (Noise / False Alarm Prevented),Actuator Shutdown / Operator Fatigue Prevented
1106,2026-08-23 11:51:09,SQL_injection,SQL_injection,99.83,0.0,0.0,5330.4261,PASS,High-fidelity alert: Confidence (99.8%) meets threshold and features ['http.content_length'] match known domain mechanics.,http.content_length,DISPATCHED TO SOC OPERATOR (Verified Incident),Critical Threat Intercepted
1107,2026-08-23 11:51:10,XSS,XSS,99.67,0.0,0.0,1212.0491,PASS,High-fidelity alert: Confidence (99.7%) meets threshold and features ['http.content_length'] match known domain mechanics.,http.content_length,DISPATCHED TO SOC OPERATOR (Verified Incident),Critical Threat Intercepted
1108,2026-08-23 11:51:10,Normal,Normal,99.9,0.0,0.0,4368.5488,NORMAL,Traffic classified as normal baseline behavior,tcp.dstport,HEALTHY BASELINE (Normal Operation Preserved),Normal Dynamics Maintained
1109,2026-08-23 11:51:11,DDoS_HTTP,DDoS_HTTP,98.36,0.0,0.0,1817.9553,PASS,High-fidelity alert: Confidence (98.4%) meets threshold and features ['http.content_length'] match known domain mechanics.,http.content_length,DISPATCHED TO SOC OPERATOR (Verified Incident),Critical Threat Intercepted
1110,2026-08-23 11:51:11,Normal,Normal,99.95,0.0,0.0,3922.1662,NORMAL,Traffic classified as normal baseline behavior,tcp.dstport,HEALTHY BASELINE (Normal Operation Preserved),Normal Dynamics Maintained
1111,2026-08-23 11:51:12,Ransomware,Ransomware,42.33,0.0,0.0,2564.6202,SUPPRESS,Alert suppressed: Low model confidence (42.3% < 65.0%).,tcp.len,SUPPRESSED BY FILTER (Noise / False Alarm Prevented),Actuator Shutdown / Operator Fatigue Prevented
1112,2026-08-23 11:51:12,Password,MITM,27.84,0.0,0.0,2804.6095,SUPPRESS,Alert suppressed: Low model confidence (27.8% < 65.0%).,arp.opcode,SUPPRESSED BY FILTER (Noise / False Alarm Prevented),Actuator Shutdown / Operator Fatigue Prevented
1113,2026-08-23 11:51:13,DDoS_HTTP,DDoS_HTTP,49.72,0.0,0.0,1429.5518,SUPPRESS,Alert suppressed: Low model confidence (49.7% < 65.0%).,http.content_length,SUPPRESSED BY FILTER (Noise / False Alarm Prevented),Actuator Shutdown / Operator Fatigue Prevented
1114,2026-08-23 11:51:13,MITM,MITM,33.81,0.0,0.0,1751.927,SUPPRESS,Alert suppressed: Low model confidence (33.8% < 65.0%).,arp.opcode,SUPPRESSED BY FILTER (Noise / False Alarm Prevented),Actuator Shutdown / Operator Fatigue Prevented
1115,2026-08-23 11:51:14,MITM,Ransomware,24.98,0.0,0.0,2640.0281,SUPPRESS,Alert suppressed: Low model confidence (25.0% < 65.0%).,tcp.len,SUPPRESSED BY FILTER (Noise / False Alarm Prevented),Actuator Shutdown / Operator Fatigue Prevented
1116,2026-08-23 11:51:14,DDoS_TCP,DDoS_TCP,99.94,120.0,8.76,129448122.4976,PASS,High-fidelity alert: Confidence (99.9%) meets threshold and features ['tcp.flags'] match known domain mechanics.,tcp.flags,DISPATCHED TO SOC OPERATOR (Verified Incident),Critical Threat Intercepted
1117,2026-08-23 11:51:15,DDoS_ICMP,DDoS_ICMP,99.94,0.0,0.0,5221.6805,PASS,High-fidelity alert: Confidence (99.9%) meets threshold and features ['icmp.checksum'] match known domain mechanics.,icmp.checksum,DISPATCHED TO SOC OPERATOR (Verified Incident),Critical Threat Intercepted
1118,2026-08-23 11:51:15,MITM,MITM,32.94,0.0,0.0,1908.4995,SUPPRESS,Alert suppressed: Low model confidence (32.9% < 65.0%).,arp.opcode,SUPPRESSED BY FILTER (Noise / False Alarm Prevented),Actuator Shutdown / Operator Fatigue Prevented
1119,2026-08-23 11:51:16,Port_Scanning,Port_Scanning,99.87,0.0,0.0,133438191.9243,PASS,High-fidelity alert: Confidence (99.9%) meets threshold and features ['tcp.dstport'] match known domain mechanics.,tcp.dstport,DISPATCHED TO SOC OPERATOR (Verified Incident),Critical Threat Intercepted
1120,2026-08-23 11:51:16,Password,Password,99.8,0.0,0.0,97.3702,PASS,High-fidelity alert: Confidence (99.8%) meets threshold and features ['tcp.dstport'] match known domain mechanics.,tcp.dstport,DISPATCHED TO SOC OPERATOR (Verified Incident),Critical Threat Intercepted
1121,2026-08-23 11:51:17,Password,Password,99.03,261.0,9.32,1736.6109,PASS,High-fidelity alert: Confidence (99.0%) meets threshold and features ['tcp.dstport'] match known domain mechanics.,tcp.dstport,DISPATCHED TO SOC OPERATOR (Verified Incident),Critical Threat Intercepted
1122,2026-08-23 11:51:17,Backdoor,Backdoor,99.95,0.0,0.0,122582.3205,PASS,High-fidelity alert: Confidence (100.0%) meets threshold and features ['tcp.dstport'] match known domain mechanics.,tcp.dstport,DISPATCHED TO SOC OPERATOR (Verified Incident),Critical Threat Intercepted
1123,2026-08-23 11:51:18,Uploading,Uploading,99.11,186.0,1.39,5261.4938,PASS,High-fidelity alert: Confidence (99.1%) meets threshold and features ['tcp.len'] match known domain mechanics.,tcp.len,DISPATCHED TO SOC OPERATOR (Verified Incident),Critical Threat Intercepted
1124,2026-08-23 11:51:18,Port_Scanning,Port_Scanning,99.93,0.0,0.0,238093774.2565,PASS,High-fidelity alert: Confidence (99.9%) meets threshold and features ['tcp.dstport'] match known domain mechanics.,tcp.dstport,DISPATCHED TO SOC OPERATOR (Verified Incident),Critical Threat Intercepted
1125,2026-08-23 11:51:19,Password,Password,43.46,0.0,0.0,2915.8784,SUPPRESS,Alert suppressed: Low model confidence (43.5% < 65.0%).,tcp.dstport,SUPPRESSED BY FILTER (Noise / False Alarm Prevented),Actuator Shutdown / Operator Fatigue Prevented
1126,2026-08-23 11:51:19,Normal,Normal,99.96,0.0,0.0,3983.3814,NORMAL,Traffic classified as normal baseline behavior,tcp.dstport,HEALTHY BASELINE (Normal Operation Preserved),Normal Dynamics Maintained
1127,2026-08-23 11:51:20,XSS,XSS,56.34,0.0,0.0,4058.8162,SUPPRESS,Alert suppressed: Low model confidence (56.3% < 65.0%).,http.content_length,SUPPRESSED BY FILTER (Noise / False Alarm Prevented),Actuator Shutdown / Operator Fatigue Prevented
1128,2026-08-23 11:51:20,Backdoor,Backdoor,99.95,0.0,0.0,8757.4938,PASS,High-fidelity alert: Confidence (100.0%) meets threshold and features ['tcp.dstport'] match known domain mechanics.,tcp.dstport,DISPATCHED TO SOC OPERATOR (Verified Incident),Critical Threat Intercepted
1129,2026-08-23 11:51:21,Ransomware,Ransomware,99.89,0.0,0.0,12458.6686,PASS,High-fidelity alert: Confidence (99.9%) meets threshold and features ['tcp.len'] match known domain mechanics.,tcp.len,DISPATCHED TO SOC OPERATOR (Verified Incident),Critical Threat Intercepted
1130,2026-08-23 11:51:21,Vulnerability_scanner,Vulnerability_scanner,99.97,251.0,2.7,11378.2123,PASS,High-fidelity alert: Confidence (100.0%) meets threshold and features ['http.content_length'] match known domain mechanics.,http.content_length,DISPATCHED TO SOC OPERATOR (Verified Incident),Critical Threat Intercepted
1131,2026-08-23 11:51:22,DDoS_ICMP,DDoS_ICMP,99.95,0.0,0.0,11727.3384,PASS,High-fidelity alert: Confidence (100.0%) meets threshold and features ['icmp.checksum'] match known domain mechanics.,icmp.checksum,DISPATCHED TO SOC OPERATOR (Verified Incident),Critical Threat Intercepted
1132,2026-08-23 11:51:22,Vulnerability_scanner,Vulnerability_scanner,99.9,507.0,1.78,7645.2318,PASS,High-fidelity alert: Confidence (99.9%) meets threshold and features ['http.content_length'] match known domain mechanics.,http.content_length,DISPATCHED TO SOC OPERATOR (Verified Incident),Critical Threat Intercepted
1133,2026-08-23 11:51:23,XSS,XSS,95.83,120.0,9.6,2566.8387,PASS,High-fidelity alert: Confidence (95.8%) meets threshold and features ['http.content_length'] match known domain mechanics.,http.content_length,DISPATCHED TO SOC OPERATOR (Verified Incident),Critical Threat Intercepted
1134,2026-08-23 11:51:23,DDoS_UDP,DDoS_UDP,99.97,0.0,0.0,153638.585,PASS,High-fidelity alert: Confidence (100.0%) meets threshold and features ['udp.port'] match known domain mechanics.,udp.port,DISPATCHED TO SOC OPERATOR (Verified Incident),Critical Threat Intercepted
1135,2026-08-23 11:51:24,Ransomware,MITM,31.85,0.0,0.0,7281.8241,SUPPRESS,Alert suppressed: Low model confidence (31.8% < 65.0%).,arp.opcode,SUPPRESSED BY FILTER (Noise / False Alarm Prevented),Actuator Shutdown / Operator Fatigue Prevented
1136,2026-08-23 11:51:24,Ransomware,Ransomware,99.85,464.0,0.0,364117.4068,PASS,High-fidelity alert: Confidence (99.9%) meets threshold and features ['tcp.len'] match known domain mechanics.,tcp.len,DISPATCHED TO SOC OPERATOR (Verified Incident),Critical Threat Intercepted
1137,2026-08-23 11:51:25,Password,Password,85.5,86.0,0.0,3703.6328,PASS,High-fidelity alert: Confidence (85.5%) meets threshold and features ['tcp.dstport'] match known domain mechanics.,tcp.dstport,DISPATCHED TO SOC OPERATOR (Verified Incident),Critical Threat Intercepted
1138,2026-08-23 11:51:25,Vulnerability_scanner,Vulnerability_scanner,99.98,495.0,0.0,5748.876,PASS,High-fidelity alert: Confidence (100.0%) meets threshold and features ['http.content_length'] match known domain mechanics.,http.content_length,DISPATCHED TO SOC OPERATOR (Verified Incident),Critical Threat Intercepted
1139,2026-08-23 11:51:26,DDoS_TCP,DDoS_TCP,99.95,0.0,0.0,7429.7932,PASS,High-fidelity alert: Confidence (99.9%) meets threshold and features ['tcp.flags'] match known domain mechanics.,tcp.flags,DISPATCHED TO SOC OPERATOR (Verified Incident),Critical Threat Intercepted
1140,2026-08-23 11:51:26,SQL_injection,DDoS_HTTP,46.78,0.0,0.0,5137.7988,SUPPRESS,Alert suppressed: Low model confidence (46.8% < 65.0%).,http.content_length,SUPPRESSED BY FILTER (Noise / False Alarm Prevented),Actuator Shutdown / Operator Fatigue Prevented
1141,2026-08-23 11:51:27,DDoS_TCP,DDoS_TCP,99.93,0.0,0.0,3360.7883,PASS,High-fidelity alert: Confidence (99.9%) meets threshold and features ['tcp.flags'] match known domain mechanics.,tcp.flags,DISPATCHED TO SOC OPERATOR (Verified Incident),Critical Threat Intercepted
1142,2026-08-23 11:51:27,DDoS_HTTP,DDoS_HTTP,53.88,0.0,0.0,1953.0057,SUPPRESS,Alert suppressed: Low model confidence (53.9% < 65.0%).,http.content_length,SUPPRESSED BY FILTER (Noise / False Alarm Prevented),Actuator Shutdown / Operator Fatigue Prevented
1143,2026-08-23 11:51:28,Fingerprinting,Port_Scanning,45.98,0.0,0.0,2397.9956,SUPPRESS,Alert suppressed: Low model confidence (46.0% < 65.0%).,tcp.dstport,SUPPRESSED BY FILTER (Noise / False Alarm Prevented),Actuator Shutdown / Operator Fatigue Prevented
1144,2026-08-23 11:51:28,Backdoor,Backdoor,99.95,0.0,0.0,148190.8582,PASS,High-fidelity alert: Confidence (100.0%) meets threshold and features ['tcp.dstport'] match known domain mechanics.,tcp.dstport,DISPATCHED TO SOC OPERATOR (Verified Incident),Critical Threat Intercepted
1145,2026-08-23 11:51:29,XSS,XSS,99.89,0.0,0.0,1418.9442,PASS,High-fidelity alert: Confidence (99.9%) meets threshold and features ['http.content_length'] match known domain mechanics.,http.content_length,DISPATCHED TO SOC OPERATOR (Verified Incident),Critical Threat Intercepted
1146,2026-08-23 11:51:29,Normal,Normal,99.84,0.0,0.0,45.1043,NORMAL,Traffic classified as normal baseline behavior,tcp.dstport,HEALTHY BASELINE (Normal Operation Preserved),Normal Dynamics Maintained
1147,2026-08-23 11:51:30,Password,Password,72.26,0.0,0.0,1022.2691,PASS,High-fidelity alert: Confidence (72.3%) meets threshold and features ['tcp.dstport'] match known domain mechanics.,tcp.dstport,DISPATCHED TO SOC OPERATOR (Verified Incident),Critical Threat Intercepted
1148,2026-08-23 11:51:30,SQL_injection,SQL_injection,99.76,0.0,0.0,1836.8914,PASS,High-fidelity alert: Confidence (99.8%) meets threshold and features ['http.content_length'] match known domain mechanics.,http.content_length,DISPATCHED TO SOC OPERATOR (Verified Incident),Critical Threat Intercepted
1149,2026-08-23 11:51:31,DDoS_UDP,DDoS_UDP,99.97,0.0,0.0,69880.5865,PASS,High-fidelity alert: Confidence (100.0%) meets threshold and features ['udp.port'] match known domain mechanics.,udp.port,DISPATCHED TO SOC OPERATOR (Verified Incident),Critical Threat Intercepted
1150,2026-08-23 11:51:31,Port_Scanning,Ransomware,28.5,0.0,0.0,7281.8156,SUPPRESS,Alert suppressed: Low model confidence (28.5% < 65.0%).,tcp.len,SUPPRESSED BY FILTER (Noise / False Alarm Prevented),Actuator Shutdown / Operator Fatigue Prevented
1151,2026-08-23 11:51:32,MITM,Ransomware,29.6,0.0,0.0,381838.4286,SUPPRESS,Alert suppressed: Low model confidence (29.6% < 65.0%).,tcp.len,SUPPRESSED BY FILTER (Noise / False Alarm Prevented),Actuator Shutdown / Operator Fatigue Prevented
1152,2026-08-23 11:51:32,DDoS_TCP,DDoS_TCP,99.97,120.0,0.0,224270698.2879,PASS,High-fidelity alert: Confidence (100.0%) meets threshold and features ['tcp.flags'] match known domain mechanics.,tcp.flags,DISPATCHED TO SOC OPERATOR (Verified Incident),Critical Threat Intercepted
1153,2026-08-23 11:51:33,Fingerprinting,Fingerprinting,98.3,0.0,0.0,5648.9878,PASS,High-fidelity alert: Confidence (98.3%) meets threshold and features ['tcp.flags'] match known domain mechanics.,tcp.flags,DISPATCHED TO SOC OPERATOR (Verified Incident),Critical Threat Intercepted
1154,2026-08-23 11:51:33,DDoS_TCP,DDoS_TCP,99.93,0.0,0.0,4808.239,PASS,High-fidelity alert: Confidence (99.9%) meets threshold and features ['tcp.flags'] match known domain mechanics.,tcp.flags,DISPATCHED TO SOC OPERATOR (Verified Incident),Critical Threat Intercepted
1155,2026-08-23 11:51:34,Backdoor,Backdoor,99.93,1448.0,0.0,227785.5386,PASS,High-fidelity alert: Confidence (99.9%) meets threshold and features ['tcp.dstport'] match known domain mechanics.,tcp.dstport,DISPATCHED TO SOC OPERATOR (Verified Incident),Critical Threat Intercepted
1156,2026-08-23 11:51:34,MITM,MITM,95.02,68.0,3.88,1917.4355,PASS,High-fidelity alert: Confidence (95.0%) meets threshold and features ['arp.opcode'] match known domain mechanics.,arp.opcode,DISPATCHED TO SOC OPERATOR (Verified Incident),Critical Threat Intercepted
1157,2026-08-23 11:51:35,Backdoor,Backdoor,99.96,304.0,3.51,24356.2436,PASS,High-fidelity alert: Confidence (100.0%) meets threshold and features ['tcp.dstport'] match known domain mechanics.,tcp.dstport,DISPATCHED TO SOC OPERATOR (Verified Incident),Critical Threat Intercepted
1158,2026-08-23 11:51:35,Port_Scanning,Port_Scanning,99.9,0.0,0.0,1572.6593,PASS,High-fidelity alert: Confidence (99.9%) meets threshold and features ['tcp.dstport'] match known domain mechanics.,tcp.dstport,DISPATCHED TO SOC OPERATOR (Verified Incident),Critical Threat Intercepted
1159,2026-08-23 11:51:36,Password,Password,99.85,0.0,0.0,345.5855,PASS,High-fidelity alert: Confidence (99.8%) meets threshold and features ['tcp.dstport'] match known domain mechanics.,tcp.dstport,DISPATCHED TO SOC OPERATOR (Verified Incident),Critical Threat Intercepted
1160,2026-08-23 11:51:36,Vulnerability_scanner,Vulnerability_scanner,99.97,495.0,4.52,6564.1625,PASS,High-fidelity alert: Confidence (100.0%) meets threshold and features ['http.content_length'] match known domain mechanics.,http.content_length,DISPATCHED TO SOC OPERATOR (Verified Incident),Critical Threat Intercepted
1161,2026-08-23 11:51:37,DDoS_UDP,DDoS_UDP,99.94,0.0,0.0,15589.8632,PASS,High-fidelity alert: Confidence (99.9%) meets threshold and features ['udp.port'] match known domain mechanics.,udp.port,DISPATCHED TO SOC OPERATOR (Verified Incident),Critical Threat Intercepted
1162,2026-08-23 11:51:37,Port_Scanning,Port_Scanning,99.92,0.0,0.0,218854656.8896,PASS,High-fidelity alert: Confidence (99.9%) meets threshold and features ['tcp.dstport'] match known domain mechanics.,tcp.dstport,DISPATCHED TO SOC OPERATOR (Verified Incident),Critical Threat Intercepted
1163,2026-08-23 11:51:38,Fingerprinting,Fingerprinting,97.59,0.0,0.0,206214.6477,PASS,High-fidelity alert: Confidence (97.6%) meets threshold and features ['tcp.flags'] match known domain mechanics.,tcp.flags,DISPATCHED TO SOC OPERATOR (Verified Incident),Critical Threat Intercepted
1164,2026-08-23 11:51:38,Normal,Normal,99.93,0.0,0.0,359.2726,NORMAL,Traffic classified as normal baseline behavior,tcp.dstport,HEALTHY BASELINE (Normal Operation Preserved),Normal Dynamics Maintained
1165,2026-08-23 11:51:39,Ransomware,Ransomware,99.88,464.0,0.32,52119.9481,PASS,High-fidelity alert: Confidence (99.9%) meets threshold and features ['tcp.len'] match known domain mechanics.,tcp.len,DISPATCHED TO SOC OPERATOR (Verified Incident),Critical Threat Intercepted
1166,2026-08-23 11:51:39,DDoS_ICMP,DDoS_ICMP,99.95,0.0,0.0,31623.5732,PASS,High-fidelity alert: Confidence (99.9%) meets threshold and features ['icmp.checksum'] match known domain mechanics.,icmp.checksum,DISPATCHED TO SOC OPERATOR (Verified Incident),Critical Threat Intercepted
1167,2026-08-23 11:51:40,SQL_injection,SQL_injection,98.8,616.0,3.37,4548.0487,PASS,High-fidelity alert: Confidence (98.8%) meets threshold and features ['http.content_length'] match known domain mechanics.,http.content_length,DISPATCHED TO SOC OPERATOR (Verified Incident),Critical Threat Intercepted
1168,2026-08-23 11:51:40,Normal,Normal,99.97,2.0,1.63,900.2868,NORMAL,Traffic classified as normal baseline behavior,tcp.dstport,HEALTHY BASELINE (Normal Operation Preserved),Normal Dynamics Maintained
1169,2026-08-23 11:51:41,DDoS_UDP,DDoS_UDP,99.97,0.0,0.0,316130.4793,PASS,High-fidelity alert: Confidence (100.0%) meets threshold and features ['udp.port'] match known domain mechanics.,udp.port,DISPATCHED TO SOC OPERATOR (Verified Incident),Critical Threat Intercepted
1170,2026-08-23 11:51:41,DDoS_HTTP,DDoS_HTTP,99.24,29.0,0.0,4384.5102,PASS,High-fidelity alert: Confidence (99.2%) meets threshold and features ['http.content_length'] match known domain mechanics.,http.content_length,DISPATCHED TO SOC OPERATOR (Verified Incident),Critical Threat Intercepted
1171,2026-08-23 11:51:42,Port_Scanning,Port_Scanning,99.88,0.0,0.0,11394843.6404,PASS,High-fidelity alert: Confidence (99.9%) meets threshold and features ['tcp.dstport'] match known domain mechanics.,tcp.dstport,DISPATCHED TO SOC OPERATOR (Verified Incident),Critical Threat Intercepted
1172,2026-08-23 11:51:42,Password,Password,68.81,0.0,0.0,429.7403,PASS,High-fidelity alert: Confidence (68.8%) meets threshold and features ['tcp.dstport'] match known domain mechanics.,tcp.dstport,DISPATCHED TO SOC OPERATOR (Verified Incident),Critical Threat Intercepted
1173,2026-08-23 11:51:43,MITM,Ransomware,35.25,0.0,0.0,7282.4856,SUPPRESS,Alert suppressed: Low model confidence (35.2% < 65.0%).,tcp.len,SUPPRESSED BY FILTER (Noise / False Alarm Prevented),Actuator Shutdown / Operator Fatigue Prevented
1174,2026-08-23 11:51:43,MITM,Ransomware,32.04,0.0,0.0,7456.8598,SUPPRESS,Alert suppressed: Low model confidence (32.0% < 65.0%).,tcp.len,SUPPRESSED BY FILTER (Noise / False Alarm Prevented),Actuator Shutdown / Operator Fatigue Prevented
1175,2026-08-23 11:51:44,Fingerprinting,Fingerprinting,99.07,0.0,0.0,5643.7144,PASS,High-fidelity alert: Confidence (99.1%) meets threshold and features ['tcp.flags'] match known domain mechanics.,tcp.flags,DISPATCHED TO SOC OPERATOR (Verified Incident),Critical Threat Intercepted
1176,2026-08-23 11:51:44,XSS,XSS,99.31,0.0,0.0,3557.0664,PASS,High-fidelity alert: Confidence (99.3%) meets threshold and features ['http.content_length'] match known domain mechanics.,http.content_length,DISPATCHED TO SOC OPERATOR (Verified Incident),Critical Threat Intercepted
1177,2026-08-23 11:51:45,Backdoor,Backdoor,99.94,0.0,0.0,109514.0759,PASS,High-fidelity alert: Confidence (99.9%) meets threshold and features ['tcp.dstport'] match known domain mechanics.,tcp.dstport,DISPATCHED TO SOC OPERATOR (Verified Incident),Critical Threat Intercepted
1178,2026-08-23 11:51:45,DDoS_HTTP,XSS,43.09,0.0,0.0,4347.0111,SUPPRESS,Alert suppressed: Low model confidence (43.1% < 65.0%).,http.content_length,SUPPRESSED BY FILTER (Noise / False Alarm Prevented),Actuator Shutdown / Operator Fatigue Prevented
1179,2026-08-23 11:51:46,Port_Scanning,Port_Scanning,99.95,0.0,0.0,113629774.166,PASS,High-fidelity alert: Confidence (99.9%) meets threshold and features ['tcp.dstport'] match known domain mechanics.,tcp.dstport,DISPATCHED TO SOC OPERATOR (Verified Incident),Critical Threat Intercepted
1180,2026-08-23 11:51:46,Port_Scanning,Port_Scanning,99.94,0.0,0.0,84577537.8801,PASS,High-fidelity alert: Confidence (99.9%) meets threshold and features ['tcp.dstport'] match known domain mechanics.,tcp.dstport,DISPATCHED TO SOC OPERATOR (Verified Incident),Critical Threat Intercepted
1181,2026-08-23 11:51:47,XSS,XSS,99.91,0.0,0.0,3603.8768,PASS,High-fidelity alert: Confidence (99.9%) meets threshold and features ['http.content_length'] match known domain mechanics.,http.content_length,DISPATCHED TO SOC OPERATOR (Verified Incident),Critical Threat Intercepted
1182,2026-08-23 11:51:47,DDoS_HTTP,DDoS_HTTP,70.53,0.0,0.0,1652.5566,PASS,High-fidelity alert: Confidence (70.5%) meets threshold and features ['http.content_length'] match known domain mechanics.,http.content_length,DISPATCHED TO SOC OPERATOR (Verified Incident),Critical Threat Intercepted
1183,2026-08-23 11:51:48,SQL_injection,SQL_injection,99.85,0.0,0.0,3758.2238,PASS,High-fidelity alert: Confidence (99.8%) meets threshold and features ['http.content_length'] match known domain mechanics.,http.content_length,DISPATCHED TO SOC OPERATOR (Verified Incident),Critical Threat Intercepted
1184,2026-08-23 11:51:48,Port_Scanning,MITM,34.87,0.0,0.0,2049.5605,SUPPRESS,Alert suppressed: Low model confidence (34.9% < 65.0%).,arp.opcode,SUPPRESSED BY FILTER (Noise / False Alarm Prevented),Actuator Shutdown / Operator Fatigue Prevented
1185,2026-08-23 11:51:49,XSS,XSS,99.73,0.0,0.0,2360.0168,PASS,High-fidelity alert: Confidence (99.7%) meets threshold and features ['http.content_length'] match known domain mechanics.,http.content_length,DISPATCHED TO SOC OPERATOR (Verified Incident),Critical Threat Intercepted
1186,2026-08-23 11:51:49,Uploading,Uploading,99.72,0.0,0.0,671.6983,PASS,High-fidelity alert: Confidence (99.7%) meets threshold and features ['tcp.len'] match known domain mechanics.,tcp.len,DISPATCHED TO SOC OPERATOR (Verified Incident),Critical Threat Intercepted
1187,2026-08-23 11:51:50,MITM,MITM,39.03,0.0,0.0,2514.3405,SUPPRESS,Alert suppressed: Low model confidence (39.0% < 65.0%).,arp.opcode,SUPPRESSED BY FILTER (Noise / False Alarm Prevented),Actuator Shutdown / Operator Fatigue Prevented
1188,2026-08-23 11:51:50,DDoS_HTTP,Password,66.76,0.0,0.0,2325.4878,PASS,High-fidelity alert: Confidence (66.8%) meets threshold and features ['tcp.dstport'] match known domain mechanics.,tcp.dstport,DISPATCHED TO SOC OPERATOR (Verified Incident),Critical Threat Intercepted
1189,2026-08-23 11:51:51,DDoS_TCP,DDoS_TCP,99.95,120.0,3.3,20724032.9173,PASS,High-fidelity alert: Confidence (100.0%) meets threshold and features ['tcp.flags'] match known domain mechanics.,tcp.flags,DISPATCHED TO SOC OPERATOR (Verified Incident),Critical Threat Intercepted
1190,2026-08-23 11:51:51,DDoS_UDP,DDoS_UDP,99.94,0.0,0.0,201350.8564,PASS,High-fidelity alert: Confidence (99.9%) meets threshold and features ['udp.port'] match known domain mechanics.,udp.port,DISPATCHED TO SOC OPERATOR (Verified Incident),Critical Threat Intercepted
1191,2026-08-23 11:51:52,Vulnerability_scanner,Vulnerability_scanner,46.64,0.0,0.0,618.112,SUPPRESS,Alert suppressed: Low model confidence (46.6% < 65.0%).,http.content_length,SUPPRESSED BY FILTER (Noise / False Alarm Prevented),Actuator Shutdown / Operator Fatigue Prevented
1192,2026-08-23 11:51:52,Uploading,Uploading,99.42,0.0,0.0,170489.9111,PASS,High-fidelity alert: Confidence (99.4%) meets threshold and features ['tcp.len'] match known domain mechanics.,tcp.len,DISPATCHED TO SOC OPERATOR (Verified Incident),Critical Threat Intercepted
1193,2026-08-23 11:51:53,Uploading,Uploading,99.57,0.0,0.0,3919.189,PASS,High-fidelity alert: Confidence (99.6%) meets threshold and features ['tcp.len'] match known domain mechanics.,tcp.len,DISPATCHED TO SOC OPERATOR (Verified Incident),Critical Threat Intercepted
1194,2026-08-23 11:51:53,Fingerprinting,Fingerprinting,98.31,0.0,0.0,10949.7825,PASS,High-fidelity alert: Confidence (98.3%) meets threshold and features ['tcp.flags'] match known domain mechanics.,tcp.flags,DISPATCHED TO SOC OPERATOR (Verified Incident),Critical Threat Intercepted
1195,2026-08-23 11:51:54,Ransomware,Ransomware,99.97,464.0,1.46,27212.2906,PASS,High-fidelity alert: Confidence (100.0%) meets threshold and features ['tcp.len'] match known domain mechanics.,tcp.len,DISPATCHED TO SOC OPERATOR (Verified Incident),Critical Threat Intercepted
1196,2026-08-23 11:51:54,DDoS_UDP,DDoS_UDP,99.96,0.0,0.0,212961.1399,PASS,High-fidelity alert: Confidence (100.0%) meets threshold and features ['udp.port'] match known domain mechanics.,udp.port,DISPATCHED TO SOC OPERATOR (Verified Incident),Critical Threat Intercepted
1197,2026-08-23 11:51:55,DDoS_HTTP,DDoS_HTTP,91.09,0.0,0.0,5696.5809,PASS,High-fidelity alert: Confidence (91.1%) meets threshold and features ['http.content_length'] match known domain mechanics.,http.content_length,DISPATCHED TO SOC OPERATOR (Verified Incident),Critical Threat Intercepted
1198,2026-08-23 11:51:55,SQL_injection,SQL_injection,99.1,0.0,0.0,123164185.6452,PASS,High-fidelity alert: Confidence (99.1%) meets threshold and features ['http.content_length'] match known domain mechanics.,http.content_length,DISPATCHED TO SOC OPERATOR (Verified Incident),Critical Threat Intercepted
1199,2026-08-23 11:51:56,Backdoor,Backdoor,99.95,0.0,0.0,247466.8852,PASS,High-fidelity alert: Confidence (100.0%) meets threshold and features ['tcp.dstport'] match known domain mechanics.,tcp.dstport,DISPATCHED TO SOC OPERATOR (Verified Incident),Critical Threat Intercepted
1200,2026-08-23 11:51:56,Ransomware,Ransomware,99.96,0.0,0.0,31764.7107,PASS,High-fidelity alert: Confidence (100.0%) meets threshold and features ['tcp.len'] match known domain mechanics.,tcp.len,DISPATCHED TO SOC OPERATOR (Verified Incident),Critical Threat Intercepted
1201,2026-08-23 11:51:57,Fingerprinting,Fingerprinting,98.31,0.0,0.0,2242.2133,PASS,High-fidelity alert: Confidence (98.3%) meets threshold and features ['tcp.flags'] match known domain mechanics.,tcp.flags,DISPATCHED TO SOC OPERATOR (Verified Incident),Critical Threat Intercepted
1202,2026-08-23 11:51:57,MITM,Ransomware,40.85,0.0,0.0,2423.5833,SUPPRESS,Alert suppressed: Low model confidence (40.8% < 65.0%).,tcp.len,SUPPRESSED BY FILTER (Noise / False Alarm Prevented),Actuator Shutdown / Operator Fatigue Prevented
1203,2026-08-23 11:51:58,Uploading,Uploading,99.47,0.0,0.0,4169.1865,PASS,High-fidelity alert: Confidence (99.5%) meets threshold and features ['tcp.len'] match known domain mechanics.,tcp.len,DISPATCHED TO SOC OPERATOR (Verified Incident),Critical Threat Intercepted
1204,2026-08-23 11:51:58,Ransomware,Ransomware,99.95,0.0,0.0,96073.097,PASS,High-fidelity alert: Confidence (99.9%) meets threshold and features ['tcp.len'] match known domain mechanics.,tcp.len,DISPATCHED TO SOC OPERATOR (Verified Incident),Critical Threat Intercepted
1205,2026-08-23 11:51:59,Vulnerability_scanner,Vulnerability_scanner,99.97,274.0,3.19,11133.0797,PASS,High-fidelity alert: Confidence (100.0%) meets threshold and features ['http.content_length'] match known domain mechanics.,http.content_length,DISPATCHED TO SOC OPERATOR (Verified Incident),Critical Threat Intercepted
1206,2026-08-23 11:51:59,Port_Scanning,Port_Scanning,99.87,0.0,0.0,838.1013,PASS,High-fidelity alert: Confidence (99.9%) meets threshold and features ['tcp.dstport'] match known domain mechanics.,tcp.dstport,DISPATCHED TO SOC OPERATOR (Verified Incident),Critical Threat Intercepted
1207,2026-08-23 11:52:00,XSS,XSS,99.89,0.0,0.0,1554.0558,PASS,High-fidelity alert: Confidence (99.9%) meets threshold and features ['http.content_length'] match known domain mechanics.,http.content_length,DISPATCHED TO SOC OPERATOR (Verified Incident),Critical Threat Intercepted
1208,2026-08-23 11:52:00,DDoS_ICMP,DDoS_ICMP,99.95,0.0,0.0,14730.1409,PASS,High-fidelity alert: Confidence (100.0%) meets threshold and features ['icmp.checksum'] match known domain mechanics.,icmp.checksum,DISPATCHED TO SOC OPERATOR (Verified Incident),Critical Threat Intercepted
1209,2026-08-23 11:52:01,Normal,Normal,99.96,0.0,0.0,4189.0811,NORMAL,Traffic classified as normal baseline behavior,tcp.dstport,HEALTHY BASELINE (Normal Operation Preserved),Normal Dynamics Maintained
1210,2026-08-23 11:52:01,DDoS_ICMP,DDoS_ICMP,99.95,0.0,0.0,4513.5426,PASS,High-fidelity alert: Confidence (99.9%) meets threshold and features ['icmp.checksum'] match known domain mechanics.,icmp.checksum,DISPATCHED TO SOC OPERATOR (Verified Incident),Critical Threat Intercepted
1211,2026-08-23 11:52:02,Backdoor,Backdoor,99.46,0.0,0.0,4403.6602,PASS,High-fidelity alert: Confidence (99.5%) meets threshold and features ['tcp.dstport'] match known domain mechanics.,tcp.dstport,DISPATCHED TO SOC OPERATOR (Verified Incident),Critical Threat Intercepted
1212,2026-08-23 11:52:02,DDoS_UDP,DDoS_UDP,99.95,0.0,0.0,189148.5332,PASS,High-fidelity alert: Confidence (100.0%) meets threshold and features ['udp.port'] match known domain mechanics.,udp.port,DISPATCHED TO SOC OPERATOR (Verified Incident),Critical Threat Intercepted
1213,2026-08-23 11:52:03,XSS,XSS,99.67,440.0,0.0,3081.993,PASS,High-fidelity alert: Confidence (99.7%) meets threshold and features ['http.content_length'] match known domain mechanics.,http.content_length,DISPATCHED TO SOC OPERATOR (Verified Incident),Critical Threat Intercepted
1214,2026-08-23 11:52:03,DDoS_ICMP,DDoS_ICMP,99.94,0.0,0.0,14697409.34,PASS,High-fidelity alert: Confidence (99.9%) meets threshold and features ['icmp.checksum'] match known domain mechanics.,icmp.checksum,DISPATCHED TO SOC OPERATOR (Verified Incident),Critical Threat Intercepted
1215,2026-08-23 11:52:04,Backdoor,Backdoor,99.95,0.0,0.0,67301.467,PASS,High-fidelity alert: Confidence (100.0%) meets threshold and features ['tcp.dstport'] match known domain mechanics.,tcp.dstport,DISPATCHED TO SOC OPERATOR (Verified Incident),Critical Threat Intercepted
1216,2026-08-23 11:52:04,Normal,Normal,99.94,41.0,7.37,6259.3958,NORMAL,Traffic classified as normal baseline behavior,tcp.dstport,HEALTHY BASELINE (Normal Operation Preserved),Normal Dynamics Maintained
1217,2026-08-23 11:52:05,Ransomware,Ransomware,99.55,0.0,0.0,12084.1157,PASS,High-fidelity alert: Confidence (99.6%) meets threshold and features ['tcp.len'] match known domain mechanics.,tcp.len,DISPATCHED TO SOC OPERATOR (Verified Incident),Critical Threat Intercepted
1218,2026-08-23 11:52:05,DDoS_UDP,DDoS_UDP,99.95,0.0,0.0,247397.0772,PASS,High-fidelity alert: Confidence (99.9%) meets threshold and features ['udp.port'] match known domain mechanics.,udp.port,DISPATCHED TO SOC OPERATOR (Verified Incident),Critical Threat Intercepted
1219,2026-08-23 11:52:06,Uploading,Uploading,98.59,0.0,0.0,2907.3073,PASS,High-fidelity alert: Confidence (98.6%) meets threshold and features ['tcp.len'] match known domain mechanics.,tcp.len,DISPATCHED TO SOC OPERATOR (Verified Incident),Critical Threat Intercepted
1220,2026-08-23 11:52:06,XSS,XSS,95.54,115.0,0.0,2095885.5078,PASS,High-fidelity alert: Confidence (95.5%) meets threshold and features ['http.content_length'] match known domain mechanics.,http.content_length,DISPATCHED TO SOC OPERATOR (Verified Incident),Critical Threat Intercepted
1221,2026-08-23 11:52:07,MITM,MITM,32.96,0.0,0.0,7281.7069,SUPPRESS,Alert suppressed: Low model confidence (33.0% < 65.0%).,arp.opcode,SUPPRESSED BY FILTER (Noise / False Alarm Prevented),Actuator Shutdown / Operator Fatigue Prevented
1222,2026-08-23 11:52:07,Vulnerability_scanner,Vulnerability_scanner,99.97,495.0,1.15,8380.9595,PASS,High-fidelity alert: Confidence (100.0%) meets threshold and features ['http.content_length'] match known domain mechanics.,http.content_length,DISPATCHED TO SOC OPERATOR (Verified Incident),Critical Threat Intercepted
1223,2026-08-23 11:52:08,MITM,MITM,99.8,5353.0,0.85,215596.4126,PASS,High-fidelity alert: Confidence (99.8%) meets threshold and features ['arp.opcode'] match known domain mechanics.,arp.opcode,DISPATCHED TO SOC OPERATOR (Verified Incident),Critical Threat Intercepted
1224,2026-08-23 11:52:08,XSS,XSS,99.67,0.0,0.0,3373.2193,PASS,High-fidelity alert: Confidence (99.7%) meets threshold and features ['http.content_length'] match known domain mechanics.,http.content_length,DISPATCHED TO SOC OPERATOR (Verified Incident),Critical Threat Intercepted
1225,2026-08-23 11:52:09,Uploading,Uploading,99.44,0.0,0.0,779.0223,PASS,High-fidelity alert: Confidence (99.4%) meets threshold and features ['tcp.len'] match known domain mechanics.,tcp.len,DISPATCHED TO SOC OPERATOR (Verified Incident),Critical Threat Intercepted
1226,2026-08-23 11:52:09,SQL_injection,SQL_injection,99.44,0.0,0.0,1457.9387,PASS,High-fidelity alert: Confidence (99.4%) meets threshold and features ['http.content_length'] match known domain mechanics.,http.content_length,DISPATCHED TO SOC OPERATOR (Verified Incident),Critical Threat Intercepted
1227,2026-08-23 11:52:10,Uploading,Uploading,99.74,1448.0,3.64,7619.0855,PASS,High-fidelity alert: Confidence (99.7%) meets threshold and features ['tcp.len'] match known domain mechanics.,tcp.len,DISPATCHED TO SOC OPERATOR (Verified Incident),Critical Threat Intercepted
1228,2026-08-23 11:52:10,XSS,XSS,98.67,0.0,0.0,2310.2083,PASS,High-fidelity alert: Confidence (98.7%) meets threshold and features ['http.content_length'] match known domain mechanics.,http.content_length,DISPATCHED TO SOC OPERATOR (Verified Incident),Critical Threat Intercepted
1229,2026-08-23 11:52:11,Password,Password,95.5,0.0,0.0,1118.7796,PASS,High-fidelity alert: Confidence (95.5%) meets threshold and features ['tcp.dstport'] match known domain mechanics.,tcp.dstport,DISPATCHED TO SOC OPERATOR (Verified Incident),Critical Threat Intercepted
1230,2026-08-23 11:52:11,DDoS_HTTP,XSS,42.46,0.0,0.0,2951.5779,SUPPRESS,Alert suppressed: Low model confidence (42.5% < 65.0%).,http.content_length,SUPPRESSED BY FILTER (Noise / False Alarm Prevented),Actuator Shutdown / Operator Fatigue Prevented
1231,2026-08-23 11:52:12,Port_Scanning,Port_Scanning,99.94,0.0,0.0,47772599.0621,PASS,High-fidelity alert: Confidence (99.9%) meets threshold and features ['tcp.dstport'] match known domain mechanics.,tcp.dstport,DISPATCHED TO SOC OPERATOR (Verified Incident),Critical Threat Intercepted
1232,2026-08-23 11:52:12,SQL_injection,SQL_injection,73.42,0.0,0.0,354.464,PASS,High-fidelity alert: Confidence (73.4%) meets threshold and features ['http.content_length'] match known domain mechanics.,http.content_length,DISPATCHED TO SOC OPERATOR (Verified Incident),Critical Threat Intercepted
1233,2026-08-23 11:52:13,Password,Password,99.2,0.0,0.0,1136.2658,PASS,High-fidelity alert: Confidence (99.2%) meets threshold and features ['tcp.dstport'] match known domain mechanics.,tcp.dstport,DISPATCHED TO SOC OPERATOR (Verified Incident),Critical Threat Intercepted
1234,2026-08-23 11:52:13,Uploading,XSS,63.75,0.0,0.0,4887.1012,SUPPRESS,Alert suppressed: Low model confidence (63.7% < 65.0%).,http.content_length,SUPPRESSED BY FILTER (Noise / False Alarm Prevented),Actuator Shutdown / Operator Fatigue Prevented
1235,2026-08-23 11:52:14,Password,Password,99.56,0.0,0.0,498.3781,PASS,High-fidelity alert: Confidence (99.6%) meets threshold and features ['tcp.dstport'] match known domain mechanics.,tcp.dstport,DISPATCHED TO SOC OPERATOR (Verified Incident),Critical Threat Intercepted
1236,2026-08-23 11:52:14,Port_Scanning,Port_Scanning,99.94,0.0,0.0,46628463.3271,PASS,High-fidelity alert: Confidence (99.9%) meets threshold and features ['tcp.dstport'] match known domain mechanics.,tcp.dstport,DISPATCHED TO SOC OPERATOR (Verified Incident),Critical Threat Intercepted
1237,2026-08-23 11:52:15,DDoS_HTTP,DDoS_HTTP,99.62,24.0,2.49,4215.482,PASS,High-fidelity alert: Confidence (99.6%) meets threshold and features ['http.content_length'] match known domain mechanics.,http.content_length,DISPATCHED TO SOC OPERATOR (Verified Incident),Critical Threat Intercepted
1238,2026-08-23 11:52:15,Vulnerability_scanner,Vulnerability_scanner,99.96,323.0,2.73,7342.0881,PASS,High-fidelity alert: Confidence (100.0%) meets threshold and features ['http.content_length'] match known domain mechanics.,http.content_length,DISPATCHED TO SOC OPERATOR (Verified Incident),Critical Threat Intercepted
1239,2026-08-23 11:52:16,Fingerprinting,Fingerprinting,99.36,0.0,0.0,7935.6864,PASS,High-fidelity alert: Confidence (99.4%) meets threshold and features ['tcp.flags'] match known domain mechanics.,tcp.flags,DISPATCHED TO SOC OPERATOR (Verified Incident),Critical Threat Intercepted
1240,2026-08-23 11:52:16,SQL_injection,SQL_injection,99.72,0.0,0.0,2649.4493,PASS,High-fidelity alert: Confidence (99.7%) meets threshold and features ['http.content_length'] match known domain mechanics.,http.content_length,DISPATCHED TO SOC OPERATOR (Verified Incident),Critical Threat Intercepted
1241,2026-08-23 11:52:17,Vulnerability_scanner,Vulnerability_scanner,99.94,495.0,6.46,656.7927,PASS,High-fidelity alert: Confidence (99.9%) meets threshold and features ['http.content_length'] match known domain mechanics.,http.content_length,DISPATCHED TO SOC OPERATOR (Verified Incident),Critical Threat Intercepted
1242,2026-08-23 11:52:17,DDoS_HTTP,DDoS_HTTP,97.84,278.0,3.74,1115.0082,PASS,High-fidelity alert: Confidence (97.8%) meets threshold and features ['http.content_length'] match known domain mechanics.,http.content_length,DISPATCHED TO SOC OPERATOR (Verified Incident),Critical Threat Intercepted
1243,2026-08-23 11:52:18,Fingerprinting,Fingerprinting,99.26,0.0,0.0,6218.2023,PASS,High-fidelity alert: Confidence (99.3%) meets threshold and features ['tcp.flags'] match known domain mechanics.,tcp.flags,DISPATCHED TO SOC OPERATOR (Verified Incident),Critical Threat Intercepted
1244,2026-08-23 11:52:18,Vulnerability_scanner,Vulnerability_scanner,99.96,259.0,4.04,6308.2409,PASS,High-fidelity alert: Confidence (100.0%) meets threshold and features ['http.content_length'] match known domain mechanics.,http.content_length,DISPATCHED TO SOC OPERATOR (Verified Incident),Critical Threat Intercepted
1245,2026-08-23 11:52:19,SQL_injection,SQL_injection,99.79,0.0,0.0,3342.7712,PASS,High-fidelity alert: Confidence (99.8%) meets threshold and features ['http.content_length'] match known domain mechanics.,http.content_length,DISPATCHED TO SOC OPERATOR (Verified Incident),Critical Threat Intercepted
1246,2026-08-23 11:52:19,Backdoor,Backdoor,99.96,208.0,10.88,94259.9363,PASS,High-fidelity alert: Confidence (100.0%) meets threshold and features ['tcp.dstport'] match known domain mechanics.,tcp.dstport,DISPATCHED TO SOC OPERATOR (Verified Incident),Critical Threat Intercepted
1247,2026-08-23 11:52:20,DDoS_HTTP,DDoS_HTTP,98.69,0.0,0.0,4070.3411,PASS,High-fidelity alert: Confidence (98.7%) meets threshold and features ['http.content_length'] match known domain mechanics.,http.content_length,DISPATCHED TO SOC OPERATOR (Verified Incident),Critical Threat Intercepted
1248,2026-08-23 11:52:20,DDoS_UDP,DDoS_UDP,99.97,0.0,0.0,69537.9974,PASS,High-fidelity alert: Confidence (100.0%) meets threshold and features ['udp.port'] match known domain mechanics.,udp.port,DISPATCHED TO SOC OPERATOR (Verified Incident),Critical Threat Intercepted
1249,2026-08-23 11:52:21,XSS,Ransomware,28.19,0.0,0.0,7281.7792,SUPPRESS,Alert suppressed: Low model confidence (28.2% < 65.0%).,tcp.len,SUPPRESSED BY FILTER (Noise / False Alarm Prevented),Actuator Shutdown / Operator Fatigue Prevented
1250,2026-08-23 11:52:21,DDoS_ICMP,DDoS_ICMP,99.95,0.0,0.0,402168.8303,PASS,High-fidelity alert: Confidence (99.9%) meets threshold and features ['icmp.checksum'] match known domain mechanics.,icmp.checksum,DISPATCHED TO SOC OPERATOR (Verified Incident),Critical Threat Intercepted
1251,2026-08-23 11:52:22,XSS,XSS,97.34,102.0,0.0,4749.6898,PASS,High-fidelity alert: Confidence (97.3%) meets threshold and features ['http.content_length'] match known domain mechanics.,http.content_length,DISPATCHED TO SOC OPERATOR (Verified Incident),Critical Threat Intercepted
1252,2026-08-23 11:52:22,SQL_injection,SQL_injection,70.11,0.0,0.0,5678.0573,PASS,High-fidelity alert: Confidence (70.1%) meets threshold and features ['http.content_length'] match known domain mechanics.,http.content_length,DISPATCHED TO SOC OPERATOR (Verified Incident),Critical Threat Intercepted
1253,2026-08-23 11:52:23,Backdoor,Backdoor,99.95,304.0,0.0,144937.3634,PASS,High-fidelity alert: Confidence (100.0%) meets threshold and features ['tcp.dstport'] match known domain mechanics.,tcp.dstport,DISPATCHED TO SOC OPERATOR (Verified Incident),Critical Threat Intercepted
1254,2026-08-23 11:52:23,Ransomware,Ransomware,99.85,464.0,0.0,19761.8904,PASS,High-fidelity alert: Confidence (99.9%) meets threshold and features ['tcp.len'] match known domain mechanics.,tcp.len,DISPATCHED TO SOC OPERATOR (Verified Incident),Critical Threat Intercepted
1255,2026-08-23 11:52:24,Vulnerability_scanner,Vulnerability_scanner,99.97,495.0,2.47,2956.3801,PASS,High-fidelity alert: Confidence (100.0%) meets threshold and features ['http.content_length'] match known domain mechanics.,http.content_length,DISPATCHED TO SOC OPERATOR (Verified Incident),Critical Threat Intercepted
1256,2026-08-23 11:52:24,Ransomware,Ransomware,99.96,0.0,0.0,14891.6053,PASS,High-fidelity alert: Confidence (100.0%) meets threshold and features ['tcp.len'] match known domain mechanics.,tcp.len,DISPATCHED TO SOC OPERATOR (Verified Incident),Critical Threat Intercepted
1257,2026-08-23 11:52:25,DDoS_UDP,DDoS_UDP,99.98,0.0,0.0,301634.1021,PASS,High-fidelity alert: Confidence (100.0%) meets threshold and features ['udp.port'] match known domain mechanics.,udp.port,DISPATCHED TO SOC OPERATOR (Verified Incident),Critical Threat Intercepted
1258,2026-08-23 11:52:25,DDoS_ICMP,DDoS_ICMP,99.95,0.0,0.0,10303.5691,PASS,High-fidelity alert: Confidence (100.0%) meets threshold and features ['icmp.checksum'] match known domain mechanics.,icmp.checksum,DISPATCHED TO SOC OPERATOR (Verified Incident),Critical Threat Intercepted
1259,2026-08-23 11:52:26,Password,Password,99.86,0.0,0.0,890674.6942,PASS,High-fidelity alert: Confidence (99.9%) meets threshold and features ['tcp.dstport'] match known domain mechanics.,tcp.dstport,DISPATCHED TO SOC OPERATOR (Verified Incident),Critical Threat Intercepted
1260,2026-08-23 11:52:26,Vulnerability_scanner,Vulnerability_scanner,99.96,259.0,0.0,4729.3648,PASS,High-fidelity alert: Confidence (100.0%) meets threshold and features ['http.content_length'] match known domain mechanics.,http.content_length,DISPATCHED TO SOC OPERATOR (Verified Incident),Critical Threat Intercepted
1261,2026-08-23 11:52:27,Password,Password,99.55,0.0,0.0,3937.5533,PASS,High-fidelity alert: Confidence (99.6%) meets threshold and features ['tcp.dstport'] match known domain mechanics.,tcp.dstport,DISPATCHED TO SOC OPERATOR (Verified Incident),Critical Threat Intercepted
1262,2026-08-23 11:52:27,XSS,XSS,99.89,0.0,0.0,2965.1776,PASS,High-fidelity alert: Confidence (99.9%) meets threshold and features ['http.content_length'] match known domain mechanics.,http.content_length,DISPATCHED TO SOC OPERATOR (Verified Incident),Critical Threat Intercepted
1263,2026-08-23 11:52:28,MITM,MITM,37.18,0.0,0.0,1966.802,SUPPRESS,Alert suppressed: Low model confidence (37.2% < 65.0%).,arp.opcode,SUPPRESSED BY FILTER (Noise / False Alarm Prevented),Actuator Shutdown / Operator Fatigue Prevented
1264,2026-08-23 11:52:28,DDoS_TCP,DDoS_TCP,99.92,120.0,1.37,95133344.9283,PASS,High-fidelity alert: Confidence (99.9%) meets threshold and features ['tcp.flags'] match known domain mechanics.,tcp.flags,DISPATCHED TO SOC OPERATOR (Verified Incident),Critical Threat Intercepted
1265,2026-08-23 11:52:29,Uploading,Uploading,62.85,0.0,0.0,798.5893,SUPPRESS,Alert suppressed: Low model confidence (62.9% < 65.0%).,tcp.len,SUPPRESSED BY FILTER (Noise / False Alarm Prevented),Actuator Shutdown / Operator Fatigue Prevented
1266,2026-08-23 11:52:29,DDoS_ICMP,DDoS_ICMP,99.95,0.0,0.0,4873.4592,PASS,High-fidelity alert: Confidence (99.9%) meets threshold and features ['icmp.checksum'] match known domain mechanics.,icmp.checksum,DISPATCHED TO SOC OPERATOR (Verified Incident),Critical Threat Intercepted
1267,2026-08-23 11:52:30,DDoS_HTTP,DDoS_HTTP,50.43,0.0,0.0,1786.5575,SUPPRESS,Alert suppressed: Low model confidence (50.4% < 65.0%).,http.content_length,SUPPRESSED BY FILTER (Noise / False Alarm Prevented),Actuator Shutdown / Operator Fatigue Prevented
1268,2026-08-23 11:52:30,DDoS_UDP,DDoS_UDP,99.96,0.0,0.0,5319.6571,PASS,High-fidelity alert: Confidence (100.0%) meets threshold and features ['udp.port'] match known domain mechanics.,udp.port,DISPATCHED TO SOC OPERATOR (Verified Incident),Critical Threat Intercepted
1269,2026-08-23 11:52:31,MITM,Ransomware,34.86,0.0,0.0,7282.7391,SUPPRESS,Alert suppressed: Low model confidence (34.9% < 65.0%).,tcp.len,SUPPRESSED BY FILTER (Noise / False Alarm Prevented),Actuator Shutdown / Operator Fatigue Prevented
1270,2026-08-23 11:52:31,XSS,XSS,99.91,0.0,0.0,184245.4574,PASS,High-fidelity alert: Confidence (99.9%) meets threshold and features ['http.content_length'] match known domain mechanics.,http.content_length,DISPATCHED TO SOC OPERATOR (Verified Incident),Critical Threat Intercepted
1271,2026-08-23 11:52:32,XSS,XSS,99.64,440.0,0.0,5863.9036,PASS,High-fidelity alert: Confidence (99.6%) meets threshold and features ['http.content_length'] match known domain mechanics.,http.content_length,DISPATCHED TO SOC OPERATOR (Verified Incident),Critical Threat Intercepted
1272,2026-08-23 11:52:32,Fingerprinting,Fingerprinting,98.44,0.0,0.0,12917.8239,PASS,High-fidelity alert: Confidence (98.4%) meets threshold and features ['tcp.flags'] match known domain mechanics.,tcp.flags,DISPATCHED TO SOC OPERATOR (Verified Incident),Critical Threat Intercepted
1273,2026-08-23 11:52:33,Port_Scanning,Port_Scanning,99.86,0.0,0.0,2608.5739,PASS,High-fidelity alert: Confidence (99.9%) meets threshold and features ['tcp.dstport'] match known domain mechanics.,tcp.dstport,DISPATCHED TO SOC OPERATOR (Verified Incident),Critical Threat Intercepted
1274,2026-08-23 11:52:33,DDoS_UDP,DDoS_UDP,99.98,0.0,0.0,91826.0391,PASS,High-fidelity alert: Confidence (100.0%) meets threshold and features ['udp.port'] match known domain mechanics.,udp.port,DISPATCHED TO SOC OPERATOR (Verified Incident),Critical Threat Intercepted
1275,2026-08-23 11:52:34,Vulnerability_scanner,Vulnerability_scanner,99.89,143.0,0.32,6881.9861,PASS,High-fidelity alert: Confidence (99.9%) meets threshold and features ['http.content_length'] match known domain mechanics.,http.content_length,DISPATCHED TO SOC OPERATOR (Verified Incident),Critical Threat Intercepted
1276,2026-08-23 11:52:34,SQL_injection,SQL_injection,98.68,705.0,0.0,6631577.3364,PASS,High-fidelity alert: Confidence (98.7%) meets threshold and features ['http.content_length'] match known domain mechanics.,http.content_length,DISPATCHED TO SOC OPERATOR (Verified Incident),Critical Threat Intercepted
1277,2026-08-23 11:52:35,DDoS_HTTP,DDoS_HTTP,99.77,0.0,0.0,1410.59,PASS,High-fidelity alert: Confidence (99.8%) meets threshold and features ['http.content_length'] match known domain mechanics.,http.content_length,DISPATCHED TO SOC OPERATOR (Verified Incident),Critical Threat Intercepted
1278,2026-08-23 11:52:35,DDoS_UDP,DDoS_UDP,99.97,0.0,0.0,133903.4585,PASS,High-fidelity alert: Confidence (100.0%) meets threshold and features ['udp.port'] match known domain mechanics.,udp.port,DISPATCHED TO SOC OPERATOR (Verified Incident),Critical Threat Intercepted
1279,2026-08-23 11:52:36,Port_Scanning,Port_Scanning,99.93,0.0,0.0,129105177.9946,PASS,High-fidelity alert: Confidence (99.9%) meets threshold and features ['tcp.dstport'] match known domain mechanics.,tcp.dstport,DISPATCHED TO SOC OPERATOR (Verified Incident),Critical Threat Intercepted
1280,2026-08-23 11:52:36,XSS,XSS,99.85,0.0,0.0,944117.6811,PASS,High-fidelity alert: Confidence (99.9%) meets threshold and features ['http.content_length'] match known domain mechanics.,http.content_length,DISPATCHED TO SOC OPERATOR (Verified Incident),Critical Threat Intercepted
1281,2026-08-23 11:52:37,MITM,Ransomware,31.04,0.0,0.0,7281.7244,SUPPRESS,Alert suppressed: Low model confidence (31.0% < 65.0%).,tcp.len,SUPPRESSED BY FILTER (Noise / False Alarm Prevented),Actuator Shutdown / Operator Fatigue Prevented
1282,2026-08-23 11:52:37,DDoS_UDP,DDoS_UDP,99.96,0.0,0.0,95845.4036,PASS,High-fidelity alert: Confidence (100.0%) meets threshold and features ['udp.port'] match known domain mechanics.,udp.port,DISPATCHED TO SOC OPERATOR (Verified Incident),Critical Threat Intercepted
1283,2026-08-23 11:52:38,DDoS_HTTP,DDoS_HTTP,98.28,278.0,0.0,5345172.2608,PASS,High-fidelity alert: Confidence (98.3%) meets threshold and features ['http.content_length'] match known domain mechanics.,http.content_length,DISPATCHED TO SOC OPERATOR (Verified Incident),Critical Threat Intercepted
1284,2026-08-23 11:52:38,SQL_injection,SQL_injection,73.33,0.0,0.0,2340577.4927,PASS,High-fidelity alert: Confidence (73.3%) meets threshold and features ['http.content_length'] match known domain mechanics.,http.content_length,DISPATCHED TO SOC OPERATOR (Verified Incident),Critical Threat Intercepted
1285,2026-08-23 11:52:39,Uploading,Uploading,99.55,149.0,0.0,2563.5952,PASS,High-fidelity alert: Confidence (99.6%) meets threshold and features ['tcp.len'] match known domain mechanics.,tcp.len,DISPATCHED TO SOC OPERATOR (Verified Incident),Critical Threat Intercepted
1286,2026-08-23 11:52:39,MITM,MITM,99.82,57560.0,0.0,13706.1575,PASS,High-fidelity alert: Confidence (99.8%) meets threshold and features ['arp.opcode'] match known domain mechanics.,arp.opcode,DISPATCHED TO SOC OPERATOR (Verified Incident),Critical Threat Intercepted
1287,2026-08-23 11:52:40,DDoS_HTTP,DDoS_HTTP,99.56,23.0,0.0,349.2884,PASS,High-fidelity alert: Confidence (99.6%) meets threshold and features ['http.content_length'] match known domain mechanics.,http.content_length,DISPATCHED TO SOC OPERATOR (Verified Incident),Critical Threat Intercepted
1288,2026-08-23 11:52:40,Normal,Normal,99.97,2.0,0.0,40.6717,NORMAL,Traffic classified as normal baseline behavior,tcp.dstport,HEALTHY BASELINE (Normal Operation Preserved),Normal Dynamics Maintained
1289,2026-08-23 11:52:41,Port_Scanning,Port_Scanning,99.95,0.0,0.0,114348121.7616,PASS,High-fidelity alert: Confidence (99.9%) meets threshold and features ['tcp.dstport'] match known domain mechanics.,tcp.dstport,DISPATCHED TO SOC OPERATOR (Verified Incident),Critical Threat Intercepted
1290,2026-08-23 11:52:41,DDoS_HTTP,DDoS_HTTP,74.25,0.0,0.0,1440.1424,PASS,High-fidelity alert: Confidence (74.2%) meets threshold and features ['http.content_length'] match known domain mechanics.,http.content_length,DISPATCHED TO SOC OPERATOR (Verified Incident),Critical Threat Intercepted
1291,2026-08-23 11:52:42,Password,Password,94.81,0.0,0.0,4490.7711,PASS,High-fidelity alert: Confidence (94.8%) meets threshold and features ['tcp.dstport'] match known domain mechanics.,tcp.dstport,DISPATCHED TO SOC OPERATOR (Verified Incident),Critical Threat Intercepted
1292,2026-08-23 11:52:42,DDoS_ICMP,DDoS_ICMP,99.95,0.0,0.0,7914.6244,PASS,High-fidelity alert: Confidence (99.9%) meets threshold and features ['icmp.checksum'] match known domain mechanics.,icmp.checksum,DISPATCHED TO SOC OPERATOR (Verified Incident),Critical Threat Intercepted
1293,2026-08-23 11:52:43,DDoS_ICMP,DDoS_ICMP,99.95,0.0,0.0,5933.5745,PASS,High-fidelity alert: Confidence (100.0%) meets threshold and features ['icmp.checksum'] match known domain mechanics.,icmp.checksum,DISPATCHED TO SOC OPERATOR (Verified Incident),Critical Threat Intercepted
1294,2026-08-23 11:52:43,Vulnerability_scanner,Vulnerability_scanner,99.96,230.0,24.45,9305.7406,PASS,High-fidelity alert: Confidence (100.0%) meets threshold and features ['http.content_length'] match known domain mechanics.,http.content_length,DISPATCHED TO SOC OPERATOR (Verified Incident),Critical Threat Intercepted
1295,2026-08-23 11:52:44,DDoS_UDP,DDoS_UDP,99.96,0.0,0.0,64179.083,PASS,High-fidelity alert: Confidence (100.0%) meets threshold and features ['udp.port'] match known domain mechanics.,udp.port,DISPATCHED TO SOC OPERATOR (Verified Incident),Critical Threat Intercepted
1296,2026-08-23 11:52:44,DDoS_HTTP,DDoS_HTTP,99.42,32.0,2.08,744.7888,PASS,High-fidelity alert: Confidence (99.4%) meets threshold and features ['http.content_length'] match known domain mechanics.,http.content_length,DISPATCHED TO SOC OPERATOR (Verified Incident),Critical Threat Intercepted
1297,2026-08-23 11:52:45,Uploading,Uploading,99.46,149.0,0.0,1728510.1663,PASS,High-fidelity alert: Confidence (99.5%) meets threshold and features ['tcp.len'] match known domain mechanics.,tcp.len,DISPATCHED TO SOC OPERATOR (Verified Incident),Critical Threat Intercepted
1298,2026-08-23 11:52:45,DDoS_ICMP,DDoS_ICMP,99.95,0.0,0.0,18096.3734,PASS,High-fidelity alert: Confidence (99.9%) meets threshold and features ['icmp.checksum'] match known domain mechanics.,icmp.checksum,DISPATCHED TO SOC OPERATOR (Verified Incident),Critical Threat Intercepted
1299,2026-08-23 11:52:46,Password,Password,99.44,0.0,0.0,2021.6304,PASS,High-fidelity alert: Confidence (99.4%) meets threshold and features ['tcp.dstport'] match known domain mechanics.,tcp.dstport,DISPATCHED TO SOC OPERATOR (Verified Incident),Critical Threat Intercepted
1300,2026-08-23 11:52:46,DDoS_ICMP,DDoS_ICMP,99.95,0.0,0.0,77446.4386,PASS,High-fidelity alert: Confidence (99.9%) meets threshold and features ['icmp.checksum'] match known domain mechanics.,icmp.checksum,DISPATCHED TO SOC OPERATOR (Verified Incident),Critical Threat Intercepted
1301,2026-08-23 11:52:47,XSS,MITM,32.85,0.0,0.0,2398.9629,SUPPRESS,Alert suppressed: Low model confidence (32.8% < 65.0%).,arp.opcode,SUPPRESSED BY FILTER (Noise / False Alarm Prevented),Actuator Shutdown / Operator Fatigue Prevented
1302,2026-08-23 11:52:47,XSS,XSS,99.9,0.0,0.0,645.838,PASS,High-fidelity alert: Confidence (99.9%) meets threshold and features ['http.content_length'] match known domain mechanics.,http.content_length,DISPATCHED TO SOC OPERATOR (Verified Incident),Critical Threat Intercepted
1303,2026-08-23 11:52:48,SQL_injection,SQL_injection,99.83,0.0,0.0,5356.2163,PASS,High-fidelity alert: Confidence (99.8%) meets threshold and features ['http.content_length'] match known domain mechanics.,http.content_length,DISPATCHED TO SOC OPERATOR (Verified Incident),Critical Threat Intercepted
1304,2026-08-23 11:52:48,DDoS_TCP,DDoS_TCP,99.93,0.0,0.0,708.2704,PASS,High-fidelity alert: Confidence (99.9%) meets threshold and features ['tcp.flags'] match known domain mechanics.,tcp.flags,DISPATCHED TO SOC OPERATOR (Verified Incident),Critical Threat Intercepted
1305,2026-08-23 11:52:49,Vulnerability_scanner,Vulnerability_scanner,99.97,335.0,0.0,5699.866,PASS,High-fidelity alert: Confidence (100.0%) meets threshold and features ['http.content_length'] match known domain mechanics.,http.content_length,DISPATCHED TO SOC OPERATOR (Verified Incident),Critical Threat Intercepted
1306,2026-08-23 11:52:49,Password,Password,56.9,0.0,0.0,2468.5101,SUPPRESS,Alert suppressed: Low model confidence (56.9% < 65.0%).,tcp.dstport,SUPPRESSED BY FILTER (Noise / False Alarm Prevented),Actuator Shutdown / Operator Fatigue Prevented
1307,2026-08-23 11:52:50,DDoS_ICMP,DDoS_ICMP,99.95,0.0,0.0,6960.3844,PASS,High-fidelity alert: Confidence (100.0%) meets threshold and features ['icmp.checksum'] match known domain mechanics.,icmp.checksum,DISPATCHED TO SOC OPERATOR (Verified Incident),Critical Threat Intercepted
1308,2026-08-23 11:52:50,MITM,MITM,29.82,0.0,0.0,2586.2033,SUPPRESS,Alert suppressed: Low model confidence (29.8% < 65.0%).,arp.opcode,SUPPRESSED BY FILTER (Noise / False Alarm Prevented),Actuator Shutdown / Operator Fatigue Prevented
1309,2026-08-23 11:52:51,Backdoor,Backdoor,99.95,208.0,9.93,20119.3695,PASS,High-fidelity alert: Confidence (100.0%) meets threshold and features ['tcp.dstport'] match known domain mechanics.,tcp.dstport,DISPATCHED TO SOC OPERATOR (Verified Incident),Critical Threat Intercepted
1310,2026-08-23 11:52:51,DDoS_HTTP,DDoS_HTTP,56.97,0.0,0.0,4939.8723,SUPPRESS,Alert suppressed: Low model confidence (57.0% < 65.0%).,http.content_length,SUPPRESSED BY FILTER (Noise / False Alarm Prevented),Actuator Shutdown / Operator Fatigue Prevented
1311,2026-08-23 11:52:52,MITM,Port_Scanning,28.2,0.0,0.0,1610.3606,SUPPRESS,Alert suppressed: Low model confidence (28.2% < 65.0%).,tcp.dstport,SUPPRESSED BY FILTER (Noise / False Alarm Prevented),Actuator Shutdown / Operator Fatigue Prevented
1312,2026-08-23 11:52:52,XSS,XSS,96.66,0.0,0.0,2141.8494,PASS,High-fidelity alert: Confidence (96.7%) meets threshold and features ['http.content_length'] match known domain mechanics.,http.content_length,DISPATCHED TO SOC OPERATOR (Verified Incident),Critical Threat Intercepted
1313,2026-08-23 11:52:53,Port_Scanning,Port_Scanning,99.87,0.0,0.0,4837.7111,PASS,High-fidelity alert: Confidence (99.9%) meets threshold and features ['tcp.dstport'] match known domain mechanics.,tcp.dstport,DISPATCHED TO SOC OPERATOR (Verified Incident),Critical Threat Intercepted
1314,2026-08-23 11:52:53,Vulnerability_scanner,Vulnerability_scanner,99.96,249.0,3.62,7598.4217,PASS,High-fidelity alert: Confidence (100.0%) meets threshold and features ['http.content_length'] match known domain mechanics.,http.content_length,DISPATCHED TO SOC OPERATOR (Verified Incident),Critical Threat Intercepted
1315,2026-08-23 11:52:54,Uploading,Uploading,95.71,0.0,0.0,2209.2728,PASS,High-fidelity alert: Confidence (95.7%) meets threshold and features ['tcp.len'] match known domain mechanics.,tcp.len,DISPATCHED TO SOC OPERATOR (Verified Incident),Critical Threat Intercepted
1316,2026-08-23 11:52:54,Vulnerability_scanner,Vulnerability_scanner,99.97,239.0,0.44,3372.8417,PASS,High-fidelity alert: Confidence (100.0%) meets threshold and features ['http.content_length'] match known domain mechanics.,http.content_length,DISPATCHED TO SOC OPERATOR (Verified Incident),Critical Threat Intercepted
1317,2026-08-23 11:52:55,DDoS_UDP,DDoS_UDP,99.95,0.0,0.0,136850.1134,PASS,High-fidelity alert: Confidence (100.0%) meets threshold and features ['udp.port'] match known domain mechanics.,udp.port,DISPATCHED TO SOC OPERATOR (Verified Incident),Critical Threat Intercepted
1318,2026-08-23 11:52:55,SQL_injection,SQL_injection,99.78,0.0,0.0,7196.7435,PASS,High-fidelity alert: Confidence (99.8%) meets threshold and features ['http.content_length'] match known domain mechanics.,http.content_length,DISPATCHED TO SOC OPERATOR (Verified Incident),Critical Threat Intercepted
1319,2026-08-23 11:52:56,Uploading,Uploading,98.21,107.0,0.0,5732621.1703,PASS,High-fidelity alert: Confidence (98.2%) meets threshold and features ['tcp.len'] match known domain mechanics.,tcp.len,DISPATCHED TO SOC OPERATOR (Verified Incident),Critical Threat Intercepted
1320,2026-08-23 11:52:56,MITM,MITM,99.81,5353.0,0.0,7877.8494,PASS,High-fidelity alert: Confidence (99.8%) meets threshold and features ['arp.opcode'] match known domain mechanics.,arp.opcode,DISPATCHED TO SOC OPERATOR (Verified Incident),Critical Threat Intercepted
1321,2026-08-23 11:52:57,Vulnerability_scanner,Vulnerability_scanner,99.96,495.0,4.53,9628.918,PASS,High-fidelity alert: Confidence (100.0%) meets threshold and features ['http.content_length'] match known domain mechanics.,http.content_length,DISPATCHED TO SOC OPERATOR (Verified Incident),Critical Threat Intercepted
1322,2026-08-23 11:52:57,Uploading,Uploading,99.77,0.0,0.0,7759.7204,PASS,High-fidelity alert: Confidence (99.8%) meets threshold and features ['tcp.len'] match known domain mechanics.,tcp.len,DISPATCHED TO SOC OPERATOR (Verified Incident),Critical Threat Intercepted
1323,2026-08-23 11:52:58,Vulnerability_scanner,Vulnerability_scanner,99.96,282.0,1.81,5420.3119,PASS,High-fidelity alert: Confidence (100.0%) meets threshold and features ['http.content_length'] match known domain mechanics.,http.content_length,DISPATCHED TO SOC OPERATOR (Verified Incident),Critical Threat Intercepted
1324,2026-08-23 11:52:58,DDoS_TCP,DDoS_TCP,99.95,120.0,0.0,7737223.8077,PASS,High-fidelity alert: Confidence (99.9%) meets threshold and features ['tcp.flags'] match known domain mechanics.,tcp.flags,DISPATCHED TO SOC OPERATOR (Verified Incident),Critical Threat Intercepted
1325,2026-08-23 11:52:59,MITM,Ransomware,33.35,0.0,0.0,5178.2239,SUPPRESS,Alert suppressed: Low model confidence (33.4% < 65.0%).,tcp.len,SUPPRESSED BY FILTER (Noise / False Alarm Prevented),Actuator Shutdown / Operator Fatigue Prevented
1326,2026-08-23 11:52:59,Normal,Normal,99.95,0.0,0.0,1717.1175,NORMAL,Traffic classified as normal baseline behavior,tcp.dstport,HEALTHY BASELINE (Normal Operation Preserved),Normal Dynamics Maintained
1327,2026-08-23 11:53:00,Uploading,Uploading,99.38,0.0,0.0,530.0578,PASS,High-fidelity alert: Confidence (99.4%) meets threshold and features ['tcp.len'] match known domain mechanics.,tcp.len,DISPATCHED TO SOC OPERATOR (Verified Incident),Critical Threat Intercepted
1328,2026-08-23 11:53:00,Port_Scanning,Port_Scanning,99.84,0.0,0.0,4779.469,PASS,High-fidelity alert: Confidence (99.8%) meets threshold and features ['tcp.dstport'] match known domain mechanics.,tcp.dstport,DISPATCHED TO SOC OPERATOR (Verified Incident),Critical Threat Intercepted
1329,2026-08-23 11:53:01,MITM,Ransomware,39.53,0.0,0.0,3352.5078,SUPPRESS,Alert suppressed: Low model confidence (39.5% < 65.0%).,tcp.len,SUPPRESSED BY FILTER (Noise / False Alarm Prevented),Actuator Shutdown / Operator Fatigue Prevented
1330,2026-08-23 11:53:01,MITM,MITM,99.86,5353.0,2.89,3037.8301,PASS,High-fidelity alert: Confidence (99.9%) meets threshold and features ['arp.opcode'] match known domain mechanics.,arp.opcode,DISPATCHED TO SOC OPERATOR (Verified Incident),Critical Threat Intercepted
1331,2026-08-23 11:53:02,Vulnerability_scanner,Vulnerability_scanner,99.78,0.0,0.0,11363.3059,PASS,High-fidelity alert: Confidence (99.8%) meets threshold and features ['http.content_length'] match known domain mechanics.,http.content_length,DISPATCHED TO SOC OPERATOR (Verified Incident),Critical Threat Intercepted
1332,2026-08-23 11:53:02,Uploading,Uploading,99.62,0.0,0.0,1230.8641,PASS,High-fidelity alert: Confidence (99.6%) meets threshold and features ['tcp.len'] match known domain mechanics.,tcp.len,DISPATCHED TO SOC OPERATOR (Verified Incident),Critical Threat Intercepted
1333,2026-08-23 11:53:03,XSS,XSS,44.83,0.0,0.0,3756.3774,SUPPRESS,Alert suppressed: Low model confidence (44.8% < 65.0%).,http.content_length,SUPPRESSED BY FILTER (Noise / False Alarm Prevented),Actuator Shutdown / Operator Fatigue Prevented
1334,2026-08-23 11:53:03,Uploading,Uploading,99.21,0.0,0.0,3028.1405,PASS,High-fidelity alert: Confidence (99.2%) meets threshold and features ['tcp.len'] match known domain mechanics.,tcp.len,DISPATCHED TO SOC OPERATOR (Verified Incident),Critical Threat Intercepted
1335,2026-08-23 11:53:04,Vulnerability_scanner,Vulnerability_scanner,99.97,494.0,0.0,12479.956,PASS,High-fidelity alert: Confidence (100.0%) meets threshold and features ['http.content_length'] match known domain mechanics.,http.content_length,DISPATCHED TO SOC OPERATOR (Verified Incident),Critical Threat Intercepted
1336,2026-08-23 11:53:04,Normal,Normal,99.95,0.0,0.0,1179.5709,NORMAL,Traffic classified as normal baseline behavior,tcp.dstport,HEALTHY BASELINE (Normal Operation Preserved),Normal Dynamics Maintained
1337,2026-08-23 11:53:05,MITM,MITM,27.55,0.0,0.0,2426.4614,SUPPRESS,Alert suppressed: Low model confidence (27.5% < 65.0%).,arp.opcode,SUPPRESSED BY FILTER (Noise / False Alarm Prevented),Actuator Shutdown / Operator Fatigue Prevented
1338,2026-08-23 11:53:05,Ransomware,Ransomware,99.96,464.0,2.55,96950.7039,PASS,High-fidelity alert: Confidence (100.0%) meets threshold and features ['tcp.len'] match known domain mechanics.,tcp.len,DISPATCHED TO SOC OPERATOR (Verified Incident),Critical Threat Intercepted
1339,2026-08-23 11:53:06,Fingerprinting,Fingerprinting,99.16,0.0,0.0,2716.5382,PASS,High-fidelity alert: Confidence (99.2%) meets threshold and features ['tcp.flags'] match known domain mechanics.,tcp.flags,DISPATCHED TO SOC OPERATOR (Verified Incident),Critical Threat Intercepted
1340,2026-08-23 11:53:06,MITM,Ransomware,25.21,0.0,0.0,2654.0754,SUPPRESS,Alert suppressed: Low model confidence (25.2% < 65.0%).,tcp.len,SUPPRESSED BY FILTER (Noise / False Alarm Prevented),Actuator Shutdown / Operator Fatigue Prevented
1341,2026-08-23 11:53:07,Fingerprinting,Fingerprinting,98.25,0.0,0.0,6536.36,PASS,High-fidelity alert: Confidence (98.3%) meets threshold and features ['tcp.flags'] match known domain mechanics.,tcp.flags,DISPATCHED TO SOC OPERATOR (Verified Incident),Critical Threat Intercepted
1342,2026-08-23 11:53:07,SQL_injection,SQL_injection,66.27,0.0,0.0,3883.1603,PASS,High-fidelity alert: Confidence (66.3%) meets threshold and features ['http.content_length'] match known domain mechanics.,http.content_length,DISPATCHED TO SOC OPERATOR (Verified Incident),Critical Threat Intercepted
1343,2026-08-23 11:53:08,Uploading,Uploading,99.46,0.0,0.0,3902.9657,PASS,High-fidelity alert: Confidence (99.5%) meets threshold and features ['tcp.len'] match known domain mechanics.,tcp.len,DISPATCHED TO SOC OPERATOR (Verified Incident),Critical Threat Intercepted
1344,2026-08-23 11:53:08,SQL_injection,SQL_injection,99.78,0.0,0.0,2185.4109,PASS,High-fidelity alert: Confidence (99.8%) meets threshold and features ['http.content_length'] match known domain mechanics.,http.content_length,DISPATCHED TO SOC OPERATOR (Verified Incident),Critical Threat Intercepted
1345,2026-08-23 11:53:09,Fingerprinting,Fingerprinting,99.56,0.0,0.0,1982.1149,PASS,High-fidelity alert: Confidence (99.6%) meets threshold and features ['tcp.flags'] match known domain mechanics.,tcp.flags,DISPATCHED TO SOC OPERATOR (Verified Incident),Critical Threat Intercepted
1346,2026-08-23 11:53:09,Ransomware,Ransomware,99.96,0.0,0.0,30116.897,PASS,High-fidelity alert: Confidence (100.0%) meets threshold and features ['tcp.len'] match known domain mechanics.,tcp.len,DISPATCHED TO SOC OPERATOR (Verified Incident),Critical Threat Intercepted
1347,2026-08-23 11:53:10,Fingerprinting,Ransomware,29.76,0.0,0.0,2570.2705,SUPPRESS,Alert suppressed: Low model confidence (29.8% < 65.0%).,tcp.len,SUPPRESSED BY FILTER (Noise / False Alarm Prevented),Actuator Shutdown / Operator Fatigue Prevented
1348,2026-08-23 11:53:10,SQL_injection,SQL_injection,99.81,0.0,0.0,2863.7091,PASS,High-fidelity alert: Confidence (99.8%) meets threshold and features ['http.content_length'] match known domain mechanics.,http.content_length,DISPATCHED TO SOC OPERATOR (Verified Incident),Critical Threat Intercepted
1349,2026-08-23 11:53:11,Normal,Normal,99.92,0.0,0.0,364.6909,NORMAL,Traffic classified as normal baseline behavior,tcp.dstport,HEALTHY BASELINE (Normal Operation Preserved),Normal Dynamics Maintained
1350,2026-08-23 11:53:11,Vulnerability_scanner,Vulnerability_scanner,99.55,0.0,0.0,1770.4967,PASS,High-fidelity alert: Confidence (99.6%) meets threshold and features ['http.content_length'] match known domain mechanics.,http.content_length,DISPATCHED TO SOC OPERATOR (Verified Incident),Critical Threat Intercepted
1351,2026-08-23 11:53:12,DDoS_UDP,DDoS_UDP,99.96,0.0,0.0,25736.3907,PASS,High-fidelity alert: Confidence (100.0%) meets threshold and features ['udp.port'] match known domain mechanics.,udp.port,DISPATCHED TO SOC OPERATOR (Verified Incident),Critical Threat Intercepted
1352,2026-08-23 11:53:12,Backdoor,MITM,31.16,0.0,0.0,7281.7831,SUPPRESS,Alert suppressed: Low model confidence (31.2% < 65.0%).,arp.opcode,SUPPRESSED BY FILTER (Noise / False Alarm Prevented),Actuator Shutdown / Operator Fatigue Prevented
1353,2026-08-23 11:53:13,Ransomware,Ransomware,99.96,0.0,0.0,339309.3107,PASS,High-fidelity alert: Confidence (100.0%) meets threshold and features ['tcp.len'] match known domain mechanics.,tcp.len,DISPATCHED TO SOC OPERATOR (Verified Incident),Critical Threat Intercepted
1354,2026-08-23 11:53:13,Fingerprinting,Fingerprinting,99.17,0.0,0.0,5241.6885,PASS,High-fidelity alert: Confidence (99.2%) meets threshold and features ['tcp.flags'] match known domain mechanics.,tcp.flags,DISPATCHED TO SOC OPERATOR (Verified Incident),Critical Threat Intercepted
1355,2026-08-23 11:53:14,Uploading,Uploading,98.85,149.0,1.15,1499.918,PASS,High-fidelity alert: Confidence (98.8%) meets threshold and features ['tcp.len'] match known domain mechanics.,tcp.len,DISPATCHED TO SOC OPERATOR (Verified Incident),Critical Threat Intercepted
1356,2026-08-23 11:53:14,Normal,Normal,99.93,0.0,0.0,5745.0384,NORMAL,Traffic classified as normal baseline behavior,tcp.dstport,HEALTHY BASELINE (Normal Operation Preserved),Normal Dynamics Maintained
1357,2026-08-23 11:53:15,Password,Uploading,69.1,0.0,0.0,3500.3768,PASS,High-fidelity alert: Confidence (69.1%) meets threshold and features ['tcp.len'] match known domain mechanics.,tcp.len,DISPATCHED TO SOC OPERATOR (Verified Incident),Critical Threat Intercepted
1358,2026-08-23 11:53:15,Password,Password,95.89,302.0,2.64,5114.3337,PASS,High-fidelity alert: Confidence (95.9%) meets threshold and features ['tcp.dstport'] match known domain mechanics.,tcp.dstport,DISPATCHED TO SOC OPERATOR (Verified Incident),Critical Threat Intercepted
1359,2026-08-23 11:53:16,Ransomware,Ransomware,99.94,320.0,3.22,43238.3091,PASS,High-fidelity alert: Confidence (99.9%) meets threshold and features ['tcp.len'] match known domain mechanics.,tcp.len,DISPATCHED TO SOC OPERATOR (Verified Incident),Critical Threat Intercepted
1360,2026-08-23 11:53:16,DDoS_ICMP,DDoS_ICMP,99.95,0.0,0.0,8092.65,PASS,High-fidelity alert: Confidence (100.0%) meets threshold and features ['icmp.checksum'] match known domain mechanics.,icmp.checksum,DISPATCHED TO SOC OPERATOR (Verified Incident),Critical Threat Intercepted
1361,2026-08-23 11:53:17,DDoS_TCP,DDoS_TCP,99.95,120.0,3.42,41973497.9501,PASS,High-fidelity alert: Confidence (100.0%) meets threshold and features ['tcp.flags'] match known domain mechanics.,tcp.flags,DISPATCHED TO SOC OPERATOR (Verified Incident),Critical Threat Intercepted
1362,2026-08-23 11:53:17,Normal,Normal,99.96,0.0,0.0,4465.4294,NORMAL,Traffic classified as normal baseline behavior,tcp.dstport,HEALTHY BASELINE (Normal Operation Preserved),Normal Dynamics Maintained
1363,2026-08-23 11:53:18,Password,Password,98.62,1448.0,5.74,1936.7122,PASS,High-fidelity alert: Confidence (98.6%) meets threshold and features ['tcp.dstport'] match known domain mechanics.,tcp.dstport,DISPATCHED TO SOC OPERATOR (Verified Incident),Critical Threat Intercepted
1364,2026-08-23 11:53:18,DDoS_TCP,DDoS_TCP,99.96,120.0,0.49,155076741.8106,PASS,High-fidelity alert: Confidence (100.0%) meets threshold and features ['tcp.flags'] match known domain mechanics.,tcp.flags,DISPATCHED TO SOC OPERATOR (Verified Incident),Critical Threat Intercepted
1365,2026-08-23 11:53:19,Normal,Normal,99.93,41.0,3.34,101.126,NORMAL,Traffic classified as normal baseline behavior,tcp.dstport,HEALTHY BASELINE (Normal Operation Preserved),Normal Dynamics Maintained
1366,2026-08-23 11:53:19,Vulnerability_scanner,Vulnerability_scanner,99.96,270.0,2.65,10607.5412,PASS,High-fidelity alert: Confidence (100.0%) meets threshold and features ['http.content_length'] match known domain mechanics.,http.content_length,DISPATCHED TO SOC OPERATOR (Verified Incident),Critical Threat Intercepted
1367,2026-08-23 11:53:20,Uploading,Uploading,99.87,0.0,0.0,3790.8078,PASS,High-fidelity alert: Confidence (99.9%) meets threshold and features ['tcp.len'] match known domain mechanics.,tcp.len,DISPATCHED TO SOC OPERATOR (Verified Incident),Critical Threat Intercepted
1368,2026-08-23 11:53:20,Ransomware,MITM,41.2,0.0,0.0,2015.8891,SUPPRESS,Alert suppressed: Low model confidence (41.2% < 65.0%).,arp.opcode,SUPPRESSED BY FILTER (Noise / False Alarm Prevented),Actuator Shutdown / Operator Fatigue Prevented
1369,2026-08-23 11:53:21,MITM,MITM,31.1,0.0,0.0,2879.8219,SUPPRESS,Alert suppressed: Low model confidence (31.1% < 65.0%).,arp.opcode,SUPPRESSED BY FILTER (Noise / False Alarm Prevented),Actuator Shutdown / Operator Fatigue Prevented
1370,2026-08-23 11:53:21,MITM,Ransomware,43.64,0.0,0.0,1682.5349,SUPPRESS,Alert suppressed: Low model confidence (43.6% < 65.0%).,tcp.len,SUPPRESSED BY FILTER (Noise / False Alarm Prevented),Actuator Shutdown / Operator Fatigue Prevented
1371,2026-08-23 11:53:22,Port_Scanning,Port_Scanning,99.93,0.0,0.0,39074477.238,PASS,High-fidelity alert: Confidence (99.9%) meets threshold and features ['tcp.dstport'] match known domain mechanics.,tcp.dstport,DISPATCHED TO SOC OPERATOR (Verified Incident),Critical Threat Intercepted
1372,2026-08-23 11:53:22,Normal,Normal,99.93,14.0,10.38,890.0217,NORMAL,Traffic classified as normal baseline behavior,tcp.dstport,HEALTHY BASELINE (Normal Operation Preserved),Normal Dynamics Maintained
1373,2026-08-23 11:53:23,MITM,MITM,99.77,5353.0,3.89,3051.1017,PASS,High-fidelity alert: Confidence (99.8%) meets threshold and features ['arp.opcode'] match known domain mechanics.,arp.opcode,DISPATCHED TO SOC OPERATOR (Verified Incident),Critical Threat Intercepted
1374,2026-08-23 11:53:23,Backdoor,Backdoor,99.96,1408.0,6.92,43981.6844,PASS,High-fidelity alert: Confidence (100.0%) meets threshold and features ['tcp.dstport'] match known domain mechanics.,tcp.dstport,DISPATCHED TO SOC OPERATOR (Verified Incident),Critical Threat Intercepted
1375,2026-08-23 11:53:24,Password,Password,99.46,310.0,7.22,5414.8053,PASS,High-fidelity alert: Confidence (99.5%) meets threshold and features ['tcp.dstport'] match known domain mechanics.,tcp.dstport,DISPATCHED TO SOC OPERATOR (Verified Incident),Critical Threat Intercepted
1376,2026-08-23 11:53:24,DDoS_UDP,DDoS_UDP,99.95,0.0,0.0,168092.4359,PASS,High-fidelity alert: Confidence (99.9%) meets threshold and features ['udp.port'] match known domain mechanics.,udp.port,DISPATCHED TO SOC OPERATOR (Verified Incident),Critical Threat Intercepted
1377,2026-08-23 11:53:25,Fingerprinting,Fingerprinting,99.69,0.0,0.0,751.4354,PASS,High-fidelity alert: Confidence (99.7%) meets threshold and features ['tcp.flags'] match known domain mechanics.,tcp.flags,DISPATCHED TO SOC OPERATOR (Verified Incident),Critical Threat Intercepted
1378,2026-08-23 11:53:25,Ransomware,Ransomware,99.84,464.0,0.0,812162.8986,PASS,High-fidelity alert: Confidence (99.8%) meets threshold and features ['tcp.len'] match known domain mechanics.,tcp.len,DISPATCHED TO SOC OPERATOR (Verified Incident),Critical Threat Intercepted
1379,2026-08-23 11:53:26,Ransomware,MITM,35.55,0.0,0.0,7281.799,SUPPRESS,Alert suppressed: Low model confidence (35.5% < 65.0%).,arp.opcode,SUPPRESSED BY FILTER (Noise / False Alarm Prevented),Actuator Shutdown / Operator Fatigue Prevented
1380,2026-08-23 11:53:26,Port_Scanning,Port_Scanning,99.94,0.0,0.0,232730216.07,PASS,High-fidelity alert: Confidence (99.9%) meets threshold and features ['tcp.dstport'] match known domain mechanics.,tcp.dstport,DISPATCHED TO SOC OPERATOR (Verified Incident),Critical Threat Intercepted
1381,2026-08-23 11:53:27,Normal,Normal,99.92,32.0,0.62,2009181.9448,NORMAL,Traffic classified as normal baseline behavior,tcp.dstport,HEALTHY BASELINE (Normal Operation Preserved),Normal Dynamics Maintained
1382,2026-08-23 11:53:27,DDoS_ICMP,DDoS_ICMP,99.95,0.0,0.0,15450.2053,PASS,High-fidelity alert: Confidence (100.0%) meets threshold and features ['icmp.checksum'] match known domain mechanics.,icmp.checksum,DISPATCHED TO SOC OPERATOR (Verified Incident),Critical Threat Intercepted
1383,2026-08-23 11:53:28,DDoS_HTTP,DDoS_HTTP,97.78,0.0,0.0,1150.5152,PASS,High-fidelity alert: Confidence (97.8%) meets threshold and features ['http.content_length'] match known domain mechanics.,http.content_length,DISPATCHED TO SOC OPERATOR (Verified Incident),Critical Threat Intercepted
1384,2026-08-23 11:53:28,Ransomware,Port_Scanning,45.03,0.0,0.0,774.709,SUPPRESS,Alert suppressed: Low model confidence (45.0% < 65.0%).,tcp.dstport,SUPPRESSED BY FILTER (Noise / False Alarm Prevented),Actuator Shutdown / Operator Fatigue Prevented
1385,2026-08-23 11:53:29,Backdoor,Backdoor,99.96,512.0,6.09,72266.8963,PASS,High-fidelity alert: Confidence (100.0%) meets threshold and features ['tcp.dstport'] match known domain mechanics.,tcp.dstport,DISPATCHED TO SOC OPERATOR (Verified Incident),Critical Threat Intercepted
1386,2026-08-23 11:53:29,Ransomware,Ransomware,99.96,0.0,0.0,33487.7438,PASS,High-fidelity alert: Confidence (100.0%) meets threshold and features ['tcp.len'] match known domain mechanics.,tcp.len,DISPATCHED TO SOC OPERATOR (Verified Incident),Critical Threat Intercepted
1387,2026-08-23 11:53:30,DDoS_ICMP,DDoS_ICMP,99.94,0.0,0.0,11396.4279,PASS,High-fidelity alert: Confidence (99.9%) meets threshold and features ['icmp.checksum'] match known domain mechanics.,icmp.checksum,DISPATCHED TO SOC OPERATOR (Verified Incident),Critical Threat Intercepted
1388,2026-08-23 11:53:30,DDoS_TCP,DDoS_TCP,99.96,120.0,3.73,30627726.3189,PASS,High-fidelity alert: Confidence (100.0%) meets threshold and features ['tcp.flags'] match known domain mechanics.,tcp.flags,DISPATCHED TO SOC OPERATOR (Verified Incident),Critical Threat Intercepted
1389,2026-08-23 11:53:31,DDoS_ICMP,DDoS_ICMP,99.94,0.0,0.0,11881.1991,PASS,High-fidelity alert: Confidence (99.9%) meets threshold and features ['icmp.checksum'] match known domain mechanics.,icmp.checksum,DISPATCHED TO SOC OPERATOR (Verified Incident),Critical Threat Intercepted
1390,2026-08-23 11:53:31,DDoS_UDP,DDoS_UDP,99.97,0.0,0.0,14676.6354,PASS,High-fidelity alert: Confidence (100.0%) meets threshold and features ['udp.port'] match known domain mechanics.,udp.port,DISPATCHED TO SOC OPERATOR (Verified Incident),Critical Threat Intercepted
1391,2026-08-23 11:53:32,DDoS_TCP,DDoS_TCP,99.84,0.0,0.0,676.8757,PASS,High-fidelity alert: Confidence (99.8%) meets threshold and features ['tcp.flags'] match known domain mechanics.,tcp.flags,DISPATCHED TO SOC OPERATOR (Verified Incident),Critical Threat Intercepted
1392,2026-08-23 11:53:32,Fingerprinting,Fingerprinting,98.93,0.0,0.0,136521.8265,PASS,High-fidelity alert: Confidence (98.9%) meets threshold and features ['tcp.flags'] match known domain mechanics.,tcp.flags,DISPATCHED TO SOC OPERATOR (Verified Incident),Critical Threat Intercepted
1393,2026-08-23 11:53:33,SQL_injection,DDoS_HTTP,46.18,0.0,0.0,6479.3397,SUPPRESS,Alert suppressed: Low model confidence (46.2% < 65.0%).,http.content_length,SUPPRESSED BY FILTER (Noise / False Alarm Prevented),Actuator Shutdown / Operator Fatigue Prevented
1394,2026-08-23 11:53:33,Ransomware,Ransomware,99.88,464.0,0.0,40266.7869,PASS,High-fidelity alert: Confidence (99.9%) meets threshold and features ['tcp.len'] match known domain mechanics.,tcp.len,DISPATCHED TO SOC OPERATOR (Verified Incident),Critical Threat Intercepted
1395,2026-08-23 11:53:34,MITM,MITM,99.78,5353.0,0.0,17882.9995,PASS,High-fidelity alert: Confidence (99.8%) meets threshold and features ['arp.opcode'] match known domain mechanics.,arp.opcode,DISPATCHED TO SOC OPERATOR (Verified Incident),Critical Threat Intercepted
1396,2026-08-23 11:53:34,SQL_injection,SQL_injection,99.82,0.0,0.0,2669.889,PASS,High-fidelity alert: Confidence (99.8%) meets threshold and features ['http.content_length'] match known domain mechanics.,http.content_length,DISPATCHED TO SOC OPERATOR (Verified Incident),Critical Threat Intercepted
1397,2026-08-23 11:53:35,Vulnerability_scanner,Vulnerability_scanner,88.2,0.0,0.0,1436.2671,PASS,High-fidelity alert: Confidence (88.2%) meets threshold and features ['http.content_length'] match known domain mechanics.,http.content_length,DISPATCHED TO SOC OPERATOR (Verified Incident),Critical Threat Intercepted
1398,2026-08-23 11:53:35,Fingerprinting,Fingerprinting,99.5,0.0,0.0,7143.0741,PASS,High-fidelity alert: Confidence (99.5%) meets threshold and features ['tcp.flags'] match known domain mechanics.,tcp.flags,DISPATCHED TO SOC OPERATOR (Verified Incident),Critical Threat Intercepted
1399,2026-08-23 11:53:36,Backdoor,Backdoor,99.96,400.0,2.52,196306.1916,PASS,High-fidelity alert: Confidence (100.0%) meets threshold and features ['tcp.dstport'] match known domain mechanics.,tcp.dstport,DISPATCHED TO SOC OPERATOR (Verified Incident),Critical Threat Intercepted
1400,2026-08-23 11:53:36,Backdoor,Backdoor,99.94,304.0,0.01,91547.2394,PASS,High-fidelity alert: Confidence (99.9%) meets threshold and features ['tcp.dstport'] match known domain mechanics.,tcp.dstport,DISPATCHED TO SOC OPERATOR (Verified Incident),Critical Threat Intercepted
1401,2026-08-23 11:53:37,SQL_injection,SQL_injection,99.56,0.0,0.0,4893.4229,PASS,High-fidelity alert: Confidence (99.6%) meets threshold and features ['http.content_length'] match known domain mechanics.,http.content_length,DISPATCHED TO SOC OPERATOR (Verified Incident),Critical Threat Intercepted
1402,2026-08-23 11:53:37,Ransomware,Ransomware,99.96,0.0,0.0,41028.4467,PASS,High-fidelity alert: Confidence (100.0%) meets threshold and features ['tcp.len'] match known domain mechanics.,tcp.len,DISPATCHED TO SOC OPERATOR (Verified Incident),Critical Threat Intercepted
1403,2026-08-23 11:53:38,DDoS_UDP,DDoS_UDP,99.98,0.0,0.0,7467.7404,PASS,High-fidelity alert: Confidence (100.0%) meets threshold and features ['udp.port'] match known domain mechanics.,udp.port,DISPATCHED TO SOC OPERATOR (Verified Incident),Critical Threat Intercepted
1404,2026-08-23 11:53:38,DDoS_TCP,DDoS_TCP,99.96,120.0,0.0,2562343.1196,PASS,High-fidelity alert: Confidence (100.0%) meets threshold and features ['tcp.flags'] match known domain mechanics.,tcp.flags,DISPATCHED TO SOC OPERATOR (Verified Incident),Critical Threat Intercepted
1405,2026-08-23 11:53:39,DDoS_HTTP,DDoS_HTTP,98.22,0.0,0.0,41397.8025,PASS,High-fidelity alert: Confidence (98.2%) meets threshold and features ['http.content_length'] match known domain mechanics.,http.content_length,DISPATCHED TO SOC OPERATOR (Verified Incident),Critical Threat Intercepted
1406,2026-08-23 11:53:39,Normal,Normal,99.96,1440.0,0.0,12548615.173,NORMAL,Traffic classified as normal baseline behavior,tcp.dstport,HEALTHY BASELINE (Normal Operation Preserved),Normal Dynamics Maintained
1407,2026-08-23 11:53:40,DDoS_ICMP,DDoS_ICMP,99.95,0.0,0.0,17387.4376,PASS,High-fidelity alert: Confidence (100.0%) meets threshold and features ['icmp.checksum'] match known domain mechanics.,icmp.checksum,DISPATCHED TO SOC OPERATOR (Verified Incident),Critical Threat Intercepted
1408,2026-08-23 11:53:40,Normal,Normal,99.96,0.0,0.0,3215.5261,NORMAL,Traffic classified as normal baseline behavior,tcp.dstport,HEALTHY BASELINE (Normal Operation Preserved),Normal Dynamics Maintained
1409,2026-08-23 11:53:41,Ransomware,Ransomware,45.28,0.0,0.0,2420.8315,SUPPRESS,Alert suppressed: Low model confidence (45.3% < 65.0%).,tcp.len,SUPPRESSED BY FILTER (Noise / False Alarm Prevented),Actuator Shutdown / Operator Fatigue Prevented
1410,2026-08-23 11:53:41,Password,SQL_injection,65.24,0.0,0.0,1461.2628,PASS,High-fidelity alert: Confidence (65.2%) meets threshold and features ['http.content_length'] match known domain mechanics.,http.content_length,DISPATCHED TO SOC OPERATOR (Verified Incident),Critical Threat Intercepted
1411,2026-08-23 11:53:42,DDoS_TCP,DDoS_TCP,99.86,0.0,0.0,2520.5759,PASS,High-fidelity alert: Confidence (99.9%) meets threshold and features ['tcp.flags'] match known domain mechanics.,tcp.flags,DISPATCHED TO SOC OPERATOR (Verified Incident),Critical Threat Intercepted
1412,2026-08-23 11:53:42,Normal,Normal,99.95,0.0,0.0,775.7987,NORMAL,Traffic classified as normal baseline behavior,tcp.dstport,HEALTHY BASELINE (Normal Operation Preserved),Normal Dynamics Maintained
1413,2026-08-23 11:53:43,DDoS_ICMP,DDoS_ICMP,99.95,0.0,0.0,11069.2481,PASS,High-fidelity alert: Confidence (100.0%) meets threshold and features ['icmp.checksum'] match known domain mechanics.,icmp.checksum,DISPATCHED TO SOC OPERATOR (Verified Incident),Critical Threat Intercepted
1414,2026-08-23 11:53:43,Ransomware,Ransomware,99.97,464.0,4.72,146281.9956,PASS,High-fidelity alert: Confidence (100.0%) meets threshold and features ['tcp.len'] match known domain mechanics.,tcp.len,DISPATCHED TO SOC OPERATOR (Verified Incident),Critical Threat Intercepted
1415,2026-08-23 11:53:44,Uploading,Uploading,99.83,149.0,3.32,1877.2823,PASS,High-fidelity alert: Confidence (99.8%) meets threshold and features ['tcp.len'] match known domain mechanics.,tcp.len,DISPATCHED TO SOC OPERATOR (Verified Incident),Critical Threat Intercepted
1416,2026-08-23 11:53:44,DDoS_UDP,DDoS_UDP,99.94,0.0,0.0,155081.6441,PASS,High-fidelity alert: Confidence (99.9%) meets threshold and features ['udp.port'] match known domain mechanics.,udp.port,DISPATCHED TO SOC OPERATOR (Verified Incident),Critical Threat Intercepted
1417,2026-08-23 11:53:45,XSS,XSS,67.28,0.0,0.0,6576.0277,PASS,High-fidelity alert: Confidence (67.3%) meets threshold and features ['http.content_length'] match known domain mechanics.,http.content_length,DISPATCHED TO SOC OPERATOR (Verified Incident),Critical Threat Intercepted
1418,2026-08-23 11:53:45,Password,Vulnerability_scanner,54.16,0.0,0.0,162647.0293,SUPPRESS,Alert suppressed: Low model confidence (54.2% < 65.0%).,http.content_length,SUPPRESSED BY FILTER (Noise / False Alarm Prevented),Actuator Shutdown / Operator Fatigue Prevented
1419,2026-08-23 11:53:46,DDoS_ICMP,DDoS_ICMP,99.92,0.0,0.0,13675.6055,PASS,High-fidelity alert: Confidence (99.9%) meets threshold and features ['icmp.checksum'] match known domain mechanics.,icmp.checksum,DISPATCHED TO SOC OPERATOR (Verified Incident),Critical Threat Intercepted
1420,2026-08-23 11:53:46,Port_Scanning,Port_Scanning,99.87,0.0,0.0,3667.7511,PASS,High-fidelity alert: Confidence (99.9%) meets threshold and features ['tcp.dstport'] match known domain mechanics.,tcp.dstport,DISPATCHED TO SOC OPERATOR (Verified Incident),Critical Threat Intercepted
1421,2026-08-23 11:53:47,DDoS_ICMP,DDoS_ICMP,99.95,0.0,0.0,82815.0176,PASS,High-fidelity alert: Confidence (99.9%) meets threshold and features ['icmp.checksum'] match known domain mechanics.,icmp.checksum,DISPATCHED TO SOC OPERATOR (Verified Incident),Critical Threat Intercepted
1422,2026-08-23 11:53:47,DDoS_HTTP,DDoS_HTTP,97.57,0.0,0.0,602.4864,PASS,High-fidelity alert: Confidence (97.6%) meets threshold and features ['http.content_length'] match known domain mechanics.,http.content_length,DISPATCHED TO SOC OPERATOR (Verified Incident),Critical Threat Intercepted
1423,2026-08-23 11:53:48,Normal,Normal,99.93,14.0,3.27,244.6331,NORMAL,Traffic classified as normal baseline behavior,tcp.dstport,HEALTHY BASELINE (Normal Operation Preserved),Normal Dynamics Maintained
1424,2026-08-23 11:53:48,DDoS_UDP,DDoS_UDP,99.95,0.0,0.0,303176.8681,PASS,High-fidelity alert: Confidence (99.9%) meets threshold and features ['udp.port'] match known domain mechanics.,udp.port,DISPATCHED TO SOC OPERATOR (Verified Incident),Critical Threat Intercepted
1425,2026-08-23 11:53:49,Normal,Normal,99.94,32.0,0.0,15916982.3056,NORMAL,Traffic classified as normal baseline behavior,tcp.dstport,HEALTHY BASELINE (Normal Operation Preserved),Normal Dynamics Maintained
1426,2026-08-23 11:53:49,SQL_injection,SQL_injection,96.85,0.0,0.0,3227538.57,PASS,High-fidelity alert: Confidence (96.8%) meets threshold and features ['http.content_length'] match known domain mechanics.,http.content_length,DISPATCHED TO SOC OPERATOR (Verified Incident),Critical Threat Intercepted
1427,2026-08-23 11:53:50,Fingerprinting,Fingerprinting,99.22,0.0,0.0,8101.2622,PASS,High-fidelity alert: Confidence (99.2%) meets threshold and features ['tcp.flags'] match known domain mechanics.,tcp.flags,DISPATCHED TO SOC OPERATOR (Verified Incident),Critical Threat Intercepted
1428,2026-08-23 11:53:50,XSS,XSS,99.89,0.0,0.0,3320.9983,PASS,High-fidelity alert: Confidence (99.9%) meets threshold and features ['http.content_length'] match known domain mechanics.,http.content_length,DISPATCHED TO SOC OPERATOR (Verified Incident),Critical Threat Intercepted
1429,2026-08-23 11:53:51,Ransomware,Ransomware,99.95,0.0,0.0,1267218.173,PASS,High-fidelity alert: Confidence (99.9%) meets threshold and features ['tcp.len'] match known domain mechanics.,tcp.len,DISPATCHED TO SOC OPERATOR (Verified Incident),Critical Threat Intercepted
1430,2026-08-23 11:53:51,Ransomware,Ransomware,99.49,0.0,0.0,1445.6491,PASS,High-fidelity alert: Confidence (99.5%) meets threshold and features ['tcp.len'] match known domain mechanics.,tcp.len,DISPATCHED TO SOC OPERATOR (Verified Incident),Critical Threat Intercepted
1431,2026-08-23 11:53:52,XSS,XSS,62.76,0.0,0.0,2374.5544,SUPPRESS,Alert suppressed: Low model confidence (62.8% < 65.0%).,http.content_length,SUPPRESSED BY FILTER (Noise / False Alarm Prevented),Actuator Shutdown / Operator Fatigue Prevented
1432,2026-08-23 11:53:52,SQL_injection,SQL_injection,99.69,0.0,0.0,1976.9648,PASS,High-fidelity alert: Confidence (99.7%) meets threshold and features ['http.content_length'] match known domain mechanics.,http.content_length,DISPATCHED TO SOC OPERATOR (Verified Incident),Critical Threat Intercepted
1433,2026-08-23 11:53:53,DDoS_ICMP,DDoS_ICMP,99.95,0.0,0.0,11368.169,PASS,High-fidelity alert: Confidence (100.0%) meets threshold and features ['icmp.checksum'] match known domain mechanics.,icmp.checksum,DISPATCHED TO SOC OPERATOR (Verified Incident),Critical Threat Intercepted
1434,2026-08-23 11:53:53,Backdoor,MITM,31.04,0.0,0.0,2964.4822,SUPPRESS,Alert suppressed: Low model confidence (31.0% < 65.0%).,arp.opcode,SUPPRESSED BY FILTER (Noise / False Alarm Prevented),Actuator Shutdown / Operator Fatigue Prevented
1435,2026-08-23 11:53:54,Normal,Normal,99.95,0.0,0.0,1744.6646,NORMAL,Traffic classified as normal baseline behavior,tcp.dstport,HEALTHY BASELINE (Normal Operation Preserved),Normal Dynamics Maintained
1436,2026-08-23 11:53:54,Fingerprinting,Fingerprinting,98.86,0.0,0.0,3643.3926,PASS,High-fidelity alert: Confidence (98.9%) meets threshold and features ['tcp.flags'] match known domain mechanics.,tcp.flags,DISPATCHED TO SOC OPERATOR (Verified Incident),Critical Threat Intercepted
1437,2026-08-23 11:53:55,XSS,MITM,30.95,0.0,0.0,2639.0572,SUPPRESS,Alert suppressed: Low model confidence (30.9% < 65.0%).,arp.opcode,SUPPRESSED BY FILTER (Noise / False Alarm Prevented),Actuator Shutdown / Operator Fatigue Prevented
1438,2026-08-23 11:53:55,Vulnerability_scanner,Vulnerability_scanner,99.97,336.0,13.79,1486.0864,PASS,High-fidelity alert: Confidence (100.0%) meets threshold and features ['http.content_length'] match known domain mechanics.,http.content_length,DISPATCHED TO SOC OPERATOR (Verified Incident),Critical Threat Intercepted
1439,2026-08-23 11:53:56,Backdoor,Backdoor,99.95,304.0,4.96,60875.2245,PASS,High-fidelity alert: Confidence (99.9%) meets threshold and features ['tcp.dstport'] match known domain mechanics.,tcp.dstport,DISPATCHED TO SOC OPERATOR (Verified Incident),Critical Threat Intercepted
1440,2026-08-23 11:53:56,Vulnerability_scanner,Vulnerability_scanner,99.95,153.0,11.71,7292.5187,PASS,High-fidelity alert: Confidence (99.9%) meets threshold and features ['http.content_length'] match known domain mechanics.,http.content_length,DISPATCHED TO SOC OPERATOR (Verified Incident),Critical Threat Intercepted
1441,2026-08-23 11:53:57,Password,Password,99.79,0.0,0.0,440.1652,PASS,High-fidelity alert: Confidence (99.8%) meets threshold and features ['tcp.dstport'] match known domain mechanics.,tcp.dstport,DISPATCHED TO SOC OPERATOR (Verified Incident),Critical Threat Intercepted
1442,2026-08-23 11:53:57,Fingerprinting,Fingerprinting,98.79,0.0,0.0,4043.6019,PASS,High-fidelity alert: Confidence (98.8%) meets threshold and features ['tcp.flags'] match known domain mechanics.,tcp.flags,DISPATCHED TO SOC OPERATOR (Verified Incident),Critical Threat Intercepted
1443,2026-08-23 11:53:58,Vulnerability_scanner,Vulnerability_scanner,99.96,267.0,3.2,10599.9859,PASS,High-fidelity alert: Confidence (100.0%) meets threshold and features ['http.content_length'] match known domain mechanics.,http.content_length,DISPATCHED TO SOC OPERATOR (Verified Incident),Critical Threat Intercepted
1444,2026-08-23 11:53:58,Normal,Normal,99.93,0.0,0.0,2916.9535,NORMAL,Traffic classified as normal baseline behavior,tcp.dstport,HEALTHY BASELINE (Normal Operation Preserved),Normal Dynamics Maintained
1445,2026-08-23 11:53:59,DDoS_ICMP,DDoS_ICMP,99.95,0.0,0.0,8007.5771,PASS,High-fidelity alert: Confidence (100.0%) meets threshold and features ['icmp.checksum'] match known domain mechanics.,icmp.checksum,DISPATCHED TO SOC OPERATOR (Verified Incident),Critical Threat Intercepted
1446,2026-08-23 11:53:59,Backdoor,Backdoor,99.95,0.0,0.0,16517.7941,PASS,High-fidelity alert: Confidence (100.0%) meets threshold and features ['tcp.dstport'] match known domain mechanics.,tcp.dstport,DISPATCHED TO SOC OPERATOR (Verified Incident),Critical Threat Intercepted
1447,2026-08-23 11:54:00,DDoS_TCP,DDoS_TCP,99.94,0.0,0.0,1325.6803,PASS,High-fidelity alert: Confidence (99.9%) meets threshold and features ['tcp.flags'] match known domain mechanics.,tcp.flags,DISPATCHED TO SOC OPERATOR (Verified Incident),Critical Threat Intercepted
1448,2026-08-23 11:54:00,MITM,MITM,45.43,0.0,0.0,2194.5946,SUPPRESS,Alert suppressed: Low model confidence (45.4% < 65.0%).,arp.opcode,SUPPRESSED BY FILTER (Noise / False Alarm Prevented),Actuator Shutdown / Operator Fatigue Prevented
1449,2026-08-23 11:54:01,DDoS_TCP,DDoS_TCP,99.96,120.0,2.24,128010980.5088,PASS,High-fidelity alert: Confidence (100.0%) meets threshold and features ['tcp.flags'] match known domain mechanics.,tcp.flags,DISPATCHED TO SOC OPERATOR (Verified Incident),Critical Threat Intercepted
1450,2026-08-23 11:54:01,Uploading,Uploading,99.7,0.0,0.0,5628.2405,PASS,High-fidelity alert: Confidence (99.7%) meets threshold and features ['tcp.len'] match known domain mechanics.,tcp.len,DISPATCHED TO SOC OPERATOR (Verified Incident),Critical Threat Intercepted
1451,2026-08-23 11:54:02,DDoS_HTTP,DDoS_HTTP,50.97,0.0,0.0,266.731,SUPPRESS,Alert suppressed: Low model confidence (51.0% < 65.0%).,http.content_length,SUPPRESSED BY FILTER (Noise / False Alarm Prevented),Actuator Shutdown / Operator Fatigue Prevented
1452,2026-08-23 11:54:02,Password,SQL_injection,71.05,0.0,0.0,1633.0332,PASS,High-fidelity alert: Confidence (71.0%) meets threshold and features ['http.content_length'] match known domain mechanics.,http.content_length,DISPATCHED TO SOC OPERATOR (Verified Incident),Critical Threat Intercepted
1453,2026-08-23 11:54:03,Backdoor,Backdoor,99.96,0.0,0.0,43580.0892,PASS,High-fidelity alert: Confidence (100.0%) meets threshold and features ['tcp.dstport'] match known domain mechanics.,tcp.dstport,DISPATCHED TO SOC OPERATOR (Verified Incident),Critical Threat Intercepted
1454,2026-08-23 11:54:03,MITM,Ransomware,33.69,0.0,0.0,2889.7692,SUPPRESS,Alert suppressed: Low model confidence (33.7% < 65.0%).,tcp.len,SUPPRESSED BY FILTER (Noise / False Alarm Prevented),Actuator Shutdown / Operator Fatigue Prevented
1455,2026-08-23 11:54:04,SQL_injection,DDoS_HTTP,44.47,0.0,0.0,1592.6643,SUPPRESS,Alert suppressed: Low model confidence (44.5% < 65.0%).,http.content_length,SUPPRESSED BY FILTER (Noise / False Alarm Prevented),Actuator Shutdown / Operator Fatigue Prevented
1456,2026-08-23 11:54:04,Password,SQL_injection,63.57,0.0,0.0,1190.1316,SUPPRESS,Alert suppressed: Low model confidence (63.6% < 65.0%).,http.content_length,SUPPRESSED BY FILTER (Noise / False Alarm Prevented),Actuator Shutdown / Operator Fatigue Prevented
1457,2026-08-23 11:54:05,Uploading,Uploading,99.87,1448.0,5.93,8632.3109,PASS,High-fidelity alert: Confidence (99.9%) meets threshold and features ['tcp.len'] match known domain mechanics.,tcp.len,DISPATCHED TO SOC OPERATOR (Verified Incident),Critical Threat Intercepted
1458,2026-08-23 11:54:05,Fingerprinting,Fingerprinting,99.36,0.0,0.0,3217.5109,PASS,High-fidelity alert: Confidence (99.4%) meets threshold and features ['tcp.flags'] match known domain mechanics.,tcp.flags,DISPATCHED TO SOC OPERATOR (Verified Incident),Critical Threat Intercepted
1459,2026-08-23 11:54:06,XSS,XSS,48.79,0.0,0.0,818.5588,SUPPRESS,Alert suppressed: Low model confidence (48.8% < 65.0%).,http.content_length,SUPPRESSED BY FILTER (Noise / False Alarm Prevented),Actuator Shutdown / Operator Fatigue Prevented
1460,2026-08-23 11:54:06,MITM,Ransomware,29.91,0.0,0.0,1603.5821,SUPPRESS,Alert suppressed: Low model confidence (29.9% < 65.0%).,tcp.len,SUPPRESSED BY FILTER (Noise / False Alarm Prevented),Actuator Shutdown / Operator Fatigue Prevented
1461,2026-08-23 11:54:07,Port_Scanning,Port_Scanning,99.87,0.0,0.0,3816.5189,PASS,High-fidelity alert: Confidence (99.9%) meets threshold and features ['tcp.dstport'] match known domain mechanics.,tcp.dstport,DISPATCHED TO SOC OPERATOR (Verified Incident),Critical Threat Intercepted
1462,2026-08-23 11:54:07,DDoS_HTTP,XSS,58.15,0.0,0.0,2925.1146,SUPPRESS,Alert suppressed: Low model confidence (58.1% < 65.0%).,http.content_length,SUPPRESSED BY FILTER (Noise / False Alarm Prevented),Actuator Shutdown / Operator Fatigue Prevented
1463,2026-08-23 11:54:08,Port_Scanning,Port_Scanning,99.88,0.0,0.0,4819.5806,PASS,High-fidelity alert: Confidence (99.9%) meets threshold and features ['tcp.dstport'] match known domain mechanics.,tcp.dstport,DISPATCHED TO SOC OPERATOR (Verified Incident),Critical Threat Intercepted
1464,2026-08-23 11:54:08,MITM,Ransomware,32.28,0.0,0.0,3438.9563,SUPPRESS,Alert suppressed: Low model confidence (32.3% < 65.0%).,tcp.len,SUPPRESSED BY FILTER (Noise / False Alarm Prevented),Actuator Shutdown / Operator Fatigue Prevented
1465,2026-08-23 11:54:09,Fingerprinting,Fingerprinting,97.87,0.0,0.0,2391.1484,PASS,High-fidelity alert: Confidence (97.9%) meets threshold and features ['tcp.flags'] match known domain mechanics.,tcp.flags,DISPATCHED TO SOC OPERATOR (Verified Incident),Critical Threat Intercepted
1466,2026-08-23 11:54:09,Ransomware,Ransomware,99.89,0.0,0.0,31471.7758,PASS,High-fidelity alert: Confidence (99.9%) meets threshold and features ['tcp.len'] match known domain mechanics.,tcp.len,DISPATCHED TO SOC OPERATOR (Verified Incident),Critical Threat Intercepted
1467,2026-08-23 11:54:10,DDoS_UDP,DDoS_UDP,99.96,0.0,0.0,4449.9446,PASS,High-fidelity alert: Confidence (100.0%) meets threshold and features ['udp.port'] match known domain mechanics.,udp.port,DISPATCHED TO SOC OPERATOR (Verified Incident),Critical Threat Intercepted
1468,2026-08-23 11:54:10,Password,Password,99.75,0.0,0.0,6946.5855,PASS,High-fidelity alert: Confidence (99.7%) meets threshold and features ['tcp.dstport'] match known domain mechanics.,tcp.dstport,DISPATCHED TO SOC OPERATOR (Verified Incident),Critical Threat Intercepted
1469,2026-08-23 11:54:11,Normal,Normal,99.94,41.0,0.25,11096.7884,NORMAL,Traffic classified as normal baseline behavior,tcp.dstport,HEALTHY BASELINE (Normal Operation Preserved),Normal Dynamics Maintained
1470,2026-08-23 11:54:11,DDoS_ICMP,DDoS_ICMP,99.95,0.0,0.0,13335.5621,PASS,High-fidelity alert: Confidence (100.0%) meets threshold and features ['icmp.checksum'] match known domain mechanics.,icmp.checksum,DISPATCHED TO SOC OPERATOR (Verified Incident),Critical Threat Intercepted
1471,2026-08-23 11:54:12,Backdoor,Backdoor,99.95,208.0,2.64,162920.0105,PASS,High-fidelity alert: Confidence (100.0%) meets threshold and features ['tcp.dstport'] match known domain mechanics.,tcp.dstport,DISPATCHED TO SOC OPERATOR (Verified Incident),Critical Threat Intercepted
1472,2026-08-23 11:54:12,Vulnerability_scanner,Vulnerability_scanner,99.97,322.0,0.0,14804.249,PASS,High-fidelity alert: Confidence (100.0%) meets threshold and features ['http.content_length'] match known domain mechanics.,http.content_length,DISPATCHED TO SOC OPERATOR (Verified Incident),Critical Threat Intercepted
1473,2026-08-23 11:54:13,DDoS_UDP,DDoS_UDP,99.93,0.0,0.0,8873.48,PASS,High-fidelity alert: Confidence (99.9%) meets threshold and features ['udp.port'] match known domain mechanics.,udp.port,DISPATCHED TO SOC OPERATOR (Verified Incident),Critical Threat Intercepted
1474,2026-08-23 11:54:13,SQL_injection,SQL_injection,99.54,477.0,0.11,1454.792,PASS,High-fidelity alert: Confidence (99.5%) meets threshold and features ['http.content_length'] match known domain mechanics.,http.content_length,DISPATCHED TO SOC OPERATOR (Verified Incident),Critical Threat Intercepted
1475,2026-08-23 11:54:14,DDoS_ICMP,DDoS_ICMP,99.94,0.0,0.0,33172.5685,PASS,High-fidelity alert: Confidence (99.9%) meets threshold and features ['icmp.checksum'] match known domain mechanics.,icmp.checksum,DISPATCHED TO SOC OPERATOR (Verified Incident),Critical Threat Intercepted
1476,2026-08-23 11:54:14,Port_Scanning,Port_Scanning,99.88,0.0,0.0,2686.0162,PASS,High-fidelity alert: Confidence (99.9%) meets threshold and features ['tcp.dstport'] match known domain mechanics.,tcp.dstport,DISPATCHED TO SOC OPERATOR (Verified Incident),Critical Threat Intercepted
1477,2026-08-23 11:54:15,Uploading,Uploading,99.61,0.0,0.0,6733.5086,PASS,High-fidelity alert: Confidence (99.6%) meets threshold and features ['tcp.len'] match known domain mechanics.,tcp.len,DISPATCHED TO SOC OPERATOR (Verified Incident),Critical Threat Intercepted
1478,2026-08-23 11:54:15,DDoS_TCP,DDoS_TCP,99.94,0.0,0.0,4028.4483,PASS,High-fidelity alert: Confidence (99.9%) meets threshold and features ['tcp.flags'] match known domain mechanics.,tcp.flags,DISPATCHED TO SOC OPERATOR (Verified Incident),Critical Threat Intercepted
1479,2026-08-23 11:54:16,Password,SQL_injection,43.06,0.0,0.0,24.578,SUPPRESS,Alert suppressed: Low model confidence (43.1% < 65.0%).,http.content_length,SUPPRESSED BY FILTER (Noise / False Alarm Prevented),Actuator Shutdown / Operator Fatigue Prevented
1480,2026-08-23 11:54:16,XSS,XSS,66.78,0.0,0.0,2636.2101,PASS,High-fidelity alert: Confidence (66.8%) meets threshold and features ['http.content_length'] match known domain mechanics.,http.content_length,DISPATCHED TO SOC OPERATOR (Verified Incident),Critical Threat Intercepted
1481,2026-08-23 11:54:17,DDoS_TCP,DDoS_TCP,99.94,0.0,0.0,1854.604,PASS,High-fidelity alert: Confidence (99.9%) meets threshold and features ['tcp.flags'] match known domain mechanics.,tcp.flags,DISPATCHED TO SOC OPERATOR (Verified Incident),Critical Threat Intercepted
1482,2026-08-23 11:54:17,Normal,Normal,99.93,14.0,2.45,738.3509,NORMAL,Traffic classified as normal baseline behavior,tcp.dstport,HEALTHY BASELINE (Normal Operation Preserved),Normal Dynamics Maintained
1483,2026-08-23 11:54:18,Vulnerability_scanner,Vulnerability_scanner,99.97,324.0,2.35,9947.7818,PASS,High-fidelity alert: Confidence (100.0%) meets threshold and features ['http.content_length'] match known domain mechanics.,http.content_length,DISPATCHED TO SOC OPERATOR (Verified Incident),Critical Threat Intercepted
1484,2026-08-23 11:54:18,DDoS_HTTP,DDoS_HTTP,99.55,44.0,5.48,4122.6584,PASS,High-fidelity alert: Confidence (99.5%) meets threshold and features ['http.content_length'] match known domain mechanics.,http.content_length,DISPATCHED TO SOC OPERATOR (Verified Incident),Critical Threat Intercepted
1485,2026-08-23 11:54:19,Password,SQL_injection,69.26,0.0,0.0,206.3805,PASS,High-fidelity alert: Confidence (69.3%) meets threshold and features ['http.content_length'] match known domain mechanics.,http.content_length,DISPATCHED TO SOC OPERATOR (Verified Incident),Critical Threat Intercepted
1486,2026-08-23 11:54:19,SQL_injection,SQL_injection,67.42,0.0,0.0,2144.5612,PASS,High-fidelity alert: Confidence (67.4%) meets threshold and features ['http.content_length'] match known domain mechanics.,http.content_length,DISPATCHED TO SOC OPERATOR (Verified Incident),Critical Threat Intercepted
1487,2026-08-23 11:54:20,Vulnerability_scanner,Vulnerability_scanner,99.96,258.0,2.59,5535.7731,PASS,High-fidelity alert: Confidence (100.0%) meets threshold and features ['http.content_length'] match known domain mechanics.,http.content_length,DISPATCHED TO SOC OPERATOR (Verified Incident),Critical Threat Intercepted
1488,2026-08-23 11:54:20,Backdoor,Backdoor,99.96,352.0,2.59,84948.7636,PASS,High-fidelity alert: Confidence (100.0%) meets threshold and features ['tcp.dstport'] match known domain mechanics.,tcp.dstport,DISPATCHED TO SOC OPERATOR (Verified Incident),Critical Threat Intercepted
1489,2026-08-23 11:54:21,XSS,XSS,99.82,0.0,0.0,2622.1311,PASS,High-fidelity alert: Confidence (99.8%) meets threshold and features ['http.content_length'] match known domain mechanics.,http.content_length,DISPATCHED TO SOC OPERATOR (Verified Incident),Critical Threat Intercepted
1490,2026-08-23 11:54:21,DDoS_TCP,DDoS_TCP,99.93,0.0,0.0,3204.107,PASS,High-fidelity alert: Confidence (99.9%) meets threshold and features ['tcp.flags'] match known domain mechanics.,tcp.flags,DISPATCHED TO SOC OPERATOR (Verified Incident),Critical Threat Intercepted
1491,2026-08-23 11:54:22,Uploading,XSS,62.83,0.0,0.0,661.1138,SUPPRESS,Alert suppressed: Low model confidence (62.8% < 65.0%).,http.content_length,SUPPRESSED BY FILTER (Noise / False Alarm Prevented),Actuator Shutdown / Operator Fatigue Prevented
1492,2026-08-23 11:54:22,DDoS_UDP,DDoS_UDP,99.97,0.0,0.0,70189.1484,PASS,High-fidelity alert: Confidence (100.0%) meets threshold and features ['udp.port'] match known domain mechanics.,udp.port,DISPATCHED TO SOC OPERATOR (Verified Incident),Critical Threat Intercepted
1493,2026-08-23 11:54:23,DDoS_HTTP,DDoS_HTTP,70.9,0.0,0.0,6956.7528,PASS,High-fidelity alert: Confidence (70.9%) meets threshold and features ['http.content_length'] match known domain mechanics.,http.content_length,DISPATCHED TO SOC OPERATOR (Verified Incident),Critical Threat Intercepted
1494,2026-08-23 11:54:23,Ransomware,Ransomware,99.97,464.0,0.0,342181.8615,PASS,High-fidelity alert: Confidence (100.0%) meets threshold and features ['tcp.len'] match known domain mechanics.,tcp.len,DISPATCHED TO SOC OPERATOR (Verified Incident),Critical Threat Intercepted
1495,2026-08-23 11:54:24,Ransomware,Ransomware,99.9,0.0,0.0,21159.6316,PASS,High-fidelity alert: Confidence (99.9%) meets threshold and features ['tcp.len'] match known domain mechanics.,tcp.len,DISPATCHED TO SOC OPERATOR (Verified Incident),Critical Threat Intercepted
1496,2026-08-23 11:54:24,SQL_injection,DDoS_HTTP,49.39,0.0,0.0,6967.0179,SUPPRESS,Alert suppressed: Low model confidence (49.4% < 65.0%).,http.content_length,SUPPRESSED BY FILTER (Noise / False Alarm Prevented),Actuator Shutdown / Operator Fatigue Prevented
1497,2026-08-23 11:54:25,Uploading,Uploading,95.18,0.0,0.0,4802.8767,PASS,High-fidelity alert: Confidence (95.2%) meets threshold and features ['tcp.len'] match known domain mechanics.,tcp.len,DISPATCHED TO SOC OPERATOR (Verified Incident),Critical Threat Intercepted
1498,2026-08-23 11:54:25,Password,Password,99.45,0.0,0.0,4579.9197,PASS,High-fidelity alert: Confidence (99.5%) meets threshold and features ['tcp.dstport'] match known domain mechanics.,tcp.dstport,DISPATCHED TO SOC OPERATOR (Verified Incident),Critical Threat Intercepted
1499,2026-08-23 11:54:26,XSS,XSS,97.14,102.0,3.84,2165.1166,PASS,High-fidelity alert: Confidence (97.1%) meets threshold and features ['http.content_length'] match known domain mechanics.,http.content_length,DISPATCHED TO SOC OPERATOR (Verified Incident),Critical Threat Intercepted
1500,2026-08-23 11:54:26,SQL_injection,SQL_injection,98.71,627.0,1.82,4175.6974,PASS,High-fidelity alert: Confidence (98.7%) meets threshold and features ['http.content_length'] match known domain mechanics.,http.content_length,DISPATCHED TO SOC OPERATOR (Verified Incident),Critical Threat Intercepted
